5.7/5.0	/home/xiang/Desktop/NewResearch/Projects/ZkregPlusAll/ZkregPlus/code/new_zkregplus/data/src_sig/spamassasin/../../samples/email/src/maildir/benson-r/discussion_threads/29.
5.7/5.0	/home/xiang/Desktop/NewResearch/Projects/ZkregPlusAll/ZkregPlus/code/new_zkregplus/data/src_sig/spamassasin/../../samples/email/src/maildir/benson-r/discussion_threads/28.
7.4/5.0	/home/xiang/Desktop/NewResearch/Projects/ZkregPlusAll/ZkregPlus/code/new_zkregplus/data/src_sig/spamassasin/../../samples/email/src/maildir/benson-r/inbox/large_messages/6.
5.0/5.0	/home/xiang/Desktop/NewResearch/Projects/ZkregPlusAll/ZkregPlus/code/new_zkregplus/data/src_sig/spamassasin/../../samples/email/src/maildir/benson-r/inbox/154.
5.7/5.0	/home/xiang/Desktop/NewResearch/Projects/ZkregPlusAll/ZkregPlus/code/new_zkregplus/data/src_sig/spamassasin/../../samples/email/src/maildir/benson-r/inbox/284.
5.2/5.0	/home/xiang/Desktop/NewResearch/Projects/ZkregPlusAll/ZkregPlus/code/new_zkregplus/data/src_sig/spamassasin/../../samples/email/src/maildir/benson-r/inbox/250.
6.2/5.0	/home/xiang/Desktop/NewResearch/Projects/ZkregPlusAll/ZkregPlus/code/new_zkregplus/data/src_sig/spamassasin/../../samples/email/src/maildir/benson-r/inbox/199.
5.7/5.0	/home/xiang/Desktop/NewResearch/Projects/ZkregPlusAll/ZkregPlus/code/new_zkregplus/data/src_sig/spamassasin/../../samples/email/src/maildir/benson-r/_sent_mail/4.
5.7/5.0	/home/xiang/Desktop/NewResearch/Projects/ZkregPlusAll/ZkregPlus/code/new_zkregplus/data/src_sig/spamassasin/../../samples/email/src/maildir/benson-r/_sent_mail/3.
5.7/5.0	/home/xiang/Desktop/NewResearch/Projects/ZkregPlusAll/ZkregPlus/code/new_zkregplus/data/src_sig/spamassasin/../../samples/email/src/maildir/benson-r/sent/6.
5.7/5.0	/home/xiang/Desktop/NewResearch/Projects/ZkregPlusAll/ZkregPlus/code/new_zkregplus/data/src_sig/spamassasin/../../samples/email/src/maildir/benson-r/sent/7.
15.0/5.0	/home/xiang/Desktop/NewResearch/Projects/ZkregPlusAll/ZkregPlus/code/new_zkregplus/data/src_sig/spamassasin/../../samples/email/src/maildir/benson-r/deleted_items/29.
5.7/5.0	/home/xiang/Desktop/NewResearch/Projects/ZkregPlusAll/ZkregPlus/code/new_zkregplus/data/src_sig/spamassasin/../../samples/email/src/maildir/benson-r/all_documents/34.
5.7/5.0	/home/xiang/Desktop/NewResearch/Projects/ZkregPlusAll/ZkregPlus/code/new_zkregplus/data/src_sig/spamassasin/../../samples/email/src/maildir/benson-r/all_documents/33.
5.5/5.0	/home/xiang/Desktop/NewResearch/Projects/ZkregPlusAll/ZkregPlus/code/new_zkregplus/data/src_sig/spamassasin/../../samples/email/src/maildir/mccarty-d/deleted_items/118.
8.2/5.0	/home/xiang/Desktop/NewResearch/Projects/ZkregPlusAll/ZkregPlus/code/new_zkregplus/data/src_sig/spamassasin/../../samples/email/src/maildir/mccarty-d/deleted_items/128.
5.2/5.0	/home/xiang/Desktop/NewResearch/Projects/ZkregPlusAll/ZkregPlus/code/new_zkregplus/data/src_sig/spamassasin/../../samples/email/src/maildir/mccarty-d/deleted_items/57.
5.1/5.0	/home/xiang/Desktop/NewResearch/Projects/ZkregPlusAll/ZkregPlus/code/new_zkregplus/data/src_sig/spamassasin/../../samples/email/src/maildir/mccarty-d/deleted_items/333.
5.5/5.0	/home/xiang/Desktop/NewResearch/Projects/ZkregPlusAll/ZkregPlus/code/new_zkregplus/data/src_sig/spamassasin/../../samples/email/src/maildir/mccarty-d/deleted_items/120.
6.8/5.0	/home/xiang/Desktop/NewResearch/Projects/ZkregPlusAll/ZkregPlus/code/new_zkregplus/data/src_sig/spamassasin/../../samples/email/src/maildir/mccarty-d/deleted_items/349.
5.6/5.0	/home/xiang/Desktop/NewResearch/Projects/ZkregPlusAll/ZkregPlus/code/new_zkregplus/data/src_sig/spamassasin/../../samples/email/src/maildir/mccarty-d/deleted_items/297.
5.7/5.0	/home/xiang/Desktop/NewResearch/Projects/ZkregPlusAll/ZkregPlus/code/new_zkregplus/data/src_sig/spamassasin/../../samples/email/src/maildir/lay-k/discussion_threads/529.
7.6/5.0	/home/xiang/Desktop/NewResearch/Projects/ZkregPlusAll/ZkregPlus/code/new_zkregplus/data/src_sig/spamassasin/../../samples/email/src/maildir/lay-k/discussion_threads/834.
7.6/5.0	/home/xiang/Desktop/NewResearch/Projects/ZkregPlusAll/ZkregPlus/code/new_zkregplus/data/src_sig/spamassasin/../../samples/email/src/maildir/lay-k/discussion_threads/136.
5.1/5.0	/home/xiang/Desktop/NewResearch/Projects/ZkregPlusAll/ZkregPlus/code/new_zkregplus/data/src_sig/spamassasin/../../samples/email/src/maildir/lay-k/discussion_threads/578.
5.7/5.0	/home/xiang/Desktop/NewResearch/Projects/ZkregPlusAll/ZkregPlus/code/new_zkregplus/data/src_sig/spamassasin/../../samples/email/src/maildir/lay-k/discussion_threads/358.
5.7/5.0	/home/xiang/Desktop/NewResearch/Projects/ZkregPlusAll/ZkregPlus/code/new_zkregplus/data/src_sig/spamassasin/../../samples/email/src/maildir/lay-k/discussion_threads/436.
5.1/5.0	/home/xiang/Desktop/NewResearch/Projects/ZkregPlusAll/ZkregPlus/code/new_zkregplus/data/src_sig/spamassasin/../../samples/email/src/maildir/lay-k/inbox/1014.
6.3/5.0	/home/xiang/Desktop/NewResearch/Projects/ZkregPlusAll/ZkregPlus/code/new_zkregplus/data/src_sig/spamassasin/../../samples/email/src/maildir/lay-k/inbox/100.
7.6/5.0	/home/xiang/Desktop/NewResearch/Projects/ZkregPlusAll/ZkregPlus/code/new_zkregplus/data/src_sig/spamassasin/../../samples/email/src/maildir/lay-k/inbox/80.
5.0/5.0	/home/xiang/Desktop/NewResearch/Projects/ZkregPlusAll/ZkregPlus/code/new_zkregplus/data/src_sig/spamassasin/../../samples/email/src/maildir/lay-k/inbox/396.
8.0/5.0	/home/xiang/Desktop/NewResearch/Projects/ZkregPlusAll/ZkregPlus/code/new_zkregplus/data/src_sig/spamassasin/../../samples/email/src/maildir/lay-k/sent/237.
6.1/5.0	/home/xiang/Desktop/NewResearch/Projects/ZkregPlusAll/ZkregPlus/code/new_zkregplus/data/src_sig/spamassasin/../../samples/email/src/maildir/lay-k/deleted_items/686.
5.3/5.0	/home/xiang/Desktop/NewResearch/Projects/ZkregPlusAll/ZkregPlus/code/new_zkregplus/data/src_sig/spamassasin/../../samples/email/src/maildir/lay-k/deleted_items/946.
6.1/5.0	/home/xiang/Desktop/NewResearch/Projects/ZkregPlusAll/ZkregPlus/code/new_zkregplus/data/src_sig/spamassasin/../../samples/email/src/maildir/lay-k/deleted_items/1011.
5.7/5.0	/home/xiang/Desktop/NewResearch/Projects/ZkregPlusAll/ZkregPlus/code/new_zkregplus/data/src_sig/spamassasin/../../samples/email/src/maildir/lay-k/notes_inbox/333.
5.7/5.0	/home/xiang/Desktop/NewResearch/Projects/ZkregPlusAll/ZkregPlus/code/new_zkregplus/data/src_sig/spamassasin/../../samples/email/src/maildir/lay-k/notes_inbox/453.
7.6/5.0	/home/xiang/Desktop/NewResearch/Projects/ZkregPlusAll/ZkregPlus/code/new_zkregplus/data/src_sig/spamassasin/../../samples/email/src/maildir/lay-k/notes_inbox/739.
5.7/5.0	/home/xiang/Desktop/NewResearch/Projects/ZkregPlusAll/ZkregPlus/code/new_zkregplus/data/src_sig/spamassasin/../../samples/email/src/maildir/lay-k/notes_inbox/254.
5.1/5.0	/home/xiang/Desktop/NewResearch/Projects/ZkregPlusAll/ZkregPlus/code/new_zkregplus/data/src_sig/spamassasin/../../samples/email/src/maildir/lay-k/notes_inbox/499.
7.6/5.0	/home/xiang/Desktop/NewResearch/Projects/ZkregPlusAll/ZkregPlus/code/new_zkregplus/data/src_sig/spamassasin/../../samples/email/src/maildir/lay-k/notes_inbox/42.
7.6/5.0	/home/xiang/Desktop/NewResearch/Projects/ZkregPlusAll/ZkregPlus/code/new_zkregplus/data/src_sig/spamassasin/../../samples/email/src/maildir/lay-k/all_documents/223.
8.0/5.0	/home/xiang/Desktop/NewResearch/Projects/ZkregPlusAll/ZkregPlus/code/new_zkregplus/data/src_sig/spamassasin/../../samples/email/src/maildir/lay-k/all_documents/1070.
7.6/5.0	/home/xiang/Desktop/NewResearch/Projects/ZkregPlusAll/ZkregPlus/code/new_zkregplus/data/src_sig/spamassasin/../../samples/email/src/maildir/lay-k/all_documents/973.
5.1/5.0	/home/xiang/Desktop/NewResearch/Projects/ZkregPlusAll/ZkregPlus/code/new_zkregplus/data/src_sig/spamassasin/../../samples/email/src/maildir/lay-k/all_documents/716.
5.7/5.0	/home/xiang/Desktop/NewResearch/Projects/ZkregPlusAll/ZkregPlus/code/new_zkregplus/data/src_sig/spamassasin/../../samples/email/src/maildir/lay-k/all_documents/666.
5.7/5.0	/home/xiang/Desktop/NewResearch/Projects/ZkregPlusAll/ZkregPlus/code/new_zkregplus/data/src_sig/spamassasin/../../samples/email/src/maildir/lay-k/all_documents/464.
5.7/5.0	/home/xiang/Desktop/NewResearch/Projects/ZkregPlusAll/ZkregPlus/code/new_zkregplus/data/src_sig/spamassasin/../../samples/email/src/maildir/lay-k/all_documents/543.
8.0/5.0	/home/xiang/Desktop/NewResearch/Projects/ZkregPlusAll/ZkregPlus/code/new_zkregplus/data/src_sig/spamassasin/../../samples/email/src/maildir/lay-k/_sent/205.
5.0/5.0	/home/xiang/Desktop/NewResearch/Projects/ZkregPlusAll/ZkregPlus/code/new_zkregplus/data/src_sig/spamassasin/../../samples/email/src/maildir/salisbury-h/inbox/451.
5.7/5.0	/home/xiang/Desktop/NewResearch/Projects/ZkregPlusAll/ZkregPlus/code/new_zkregplus/data/src_sig/spamassasin/../../samples/email/src/maildir/salisbury-h/inbox/677.
5.7/5.0	/home/xiang/Desktop/NewResearch/Projects/ZkregPlusAll/ZkregPlus/code/new_zkregplus/data/src_sig/spamassasin/../../samples/email/src/maildir/salisbury-h/inbox/751.
5.7/5.0	/home/xiang/Desktop/NewResearch/Projects/ZkregPlusAll/ZkregPlus/code/new_zkregplus/data/src_sig/spamassasin/../../samples/email/src/maildir/salisbury-h/inbox/323.
5.7/5.0	/home/xiang/Desktop/NewResearch/Projects/ZkregPlusAll/ZkregPlus/code/new_zkregplus/data/src_sig/spamassasin/../../samples/email/src/maildir/salisbury-h/inbox/1045.
5.2/5.0	/home/xiang/Desktop/NewResearch/Projects/ZkregPlusAll/ZkregPlus/code/new_zkregplus/data/src_sig/spamassasin/../../samples/email/src/maildir/salisbury-h/inbox/697.
5.7/5.0	/home/xiang/Desktop/NewResearch/Projects/ZkregPlusAll/ZkregPlus/code/new_zkregplus/data/src_sig/spamassasin/../../samples/email/src/maildir/salisbury-h/inbox/1136.
7.4/5.0	/home/xiang/Desktop/NewResearch/Projects/ZkregPlusAll/ZkregPlus/code/new_zkregplus/data/src_sig/spamassasin/../../samples/email/src/maildir/salisbury-h/inbox/532.
5.2/5.0	/home/xiang/Desktop/NewResearch/Projects/ZkregPlusAll/ZkregPlus/code/new_zkregplus/data/src_sig/spamassasin/../../samples/email/src/maildir/salisbury-h/inbox/400.
5.7/5.0	/home/xiang/Desktop/NewResearch/Projects/ZkregPlusAll/ZkregPlus/code/new_zkregplus/data/src_sig/spamassasin/../../samples/email/src/maildir/salisbury-h/read/61.
5.1/5.0	/home/xiang/Desktop/NewResearch/Projects/ZkregPlusAll/ZkregPlus/code/new_zkregplus/data/src_sig/spamassasin/../../samples/email/src/maildir/causholli-m/deleted_items/476.
6.3/5.0	/home/xiang/Desktop/NewResearch/Projects/ZkregPlusAll/ZkregPlus/code/new_zkregplus/data/src_sig/spamassasin/../../samples/email/src/maildir/causholli-m/deleted_items/106.
8.2/5.0	/home/xiang/Desktop/NewResearch/Projects/ZkregPlusAll/ZkregPlus/code/new_zkregplus/data/src_sig/spamassasin/../../samples/email/src/maildir/brawner-s/sent_items/74.
5.0/5.0	/home/xiang/Desktop/NewResearch/Projects/ZkregPlusAll/ZkregPlus/code/new_zkregplus/data/src_sig/spamassasin/../../samples/email/src/maildir/brawner-s/deleted_items/217.
8.2/5.0	/home/xiang/Desktop/NewResearch/Projects/ZkregPlusAll/ZkregPlus/code/new_zkregplus/data/src_sig/spamassasin/../../samples/email/src/maildir/brawner-s/deleted_items/243.
5.7/5.0	/home/xiang/Desktop/NewResearch/Projects/ZkregPlusAll/ZkregPlus/code/new_zkregplus/data/src_sig/spamassasin/../../samples/email/src/maildir/brawner-s/deleted_items/137.
5.8/5.0	/home/xiang/Desktop/NewResearch/Projects/ZkregPlusAll/ZkregPlus/code/new_zkregplus/data/src_sig/spamassasin/../../samples/email/src/maildir/lavorato-j/discussion_threads/174.
5.8/5.0	/home/xiang/Desktop/NewResearch/Projects/ZkregPlusAll/ZkregPlus/code/new_zkregplus/data/src_sig/spamassasin/../../samples/email/src/maildir/lavorato-j/personal/15.
5.7/5.0	/home/xiang/Desktop/NewResearch/Projects/ZkregPlusAll/ZkregPlus/code/new_zkregplus/data/src_sig/spamassasin/../../samples/email/src/maildir/lavorato-j/deleted_items/132.
7.5/5.0	/home/xiang/Desktop/NewResearch/Projects/ZkregPlusAll/ZkregPlus/code/new_zkregplus/data/src_sig/spamassasin/../../samples/email/src/maildir/lavorato-j/deleted_items/621.
5.8/5.0	/home/xiang/Desktop/NewResearch/Projects/ZkregPlusAll/ZkregPlus/code/new_zkregplus/data/src_sig/spamassasin/../../samples/email/src/maildir/lavorato-j/all_documents/223.
5.2/5.0	/home/xiang/Desktop/NewResearch/Projects/ZkregPlusAll/ZkregPlus/code/new_zkregplus/data/src_sig/spamassasin/../../samples/email/src/maildir/lavorato-j/old_inbox/107.
6.0/5.0	/home/xiang/Desktop/NewResearch/Projects/ZkregPlusAll/ZkregPlus/code/new_zkregplus/data/src_sig/spamassasin/../../samples/email/src/maildir/haedicke-m/sent_items/29.
6.2/5.0	/home/xiang/Desktop/NewResearch/Projects/ZkregPlusAll/ZkregPlus/code/new_zkregplus/data/src_sig/spamassasin/../../samples/email/src/maildir/haedicke-m/inbox/11.
6.4/5.0	/home/xiang/Desktop/NewResearch/Projects/ZkregPlusAll/ZkregPlus/code/new_zkregplus/data/src_sig/spamassasin/../../samples/email/src/maildir/haedicke-m/inbox/497.
5.8/5.0	/home/xiang/Desktop/NewResearch/Projects/ZkregPlusAll/ZkregPlus/code/new_zkregplus/data/src_sig/spamassasin/../../samples/email/src/maildir/haedicke-m/inbox/645.
11.7/5.0	/home/xiang/Desktop/NewResearch/Projects/ZkregPlusAll/ZkregPlus/code/new_zkregplus/data/src_sig/spamassasin/../../samples/email/src/maildir/haedicke-m/inbox/622.
6.0/5.0	/home/xiang/Desktop/NewResearch/Projects/ZkregPlusAll/ZkregPlus/code/new_zkregplus/data/src_sig/spamassasin/../../samples/email/src/maildir/haedicke-m/deleted_items/142.
6.8/5.0	/home/xiang/Desktop/NewResearch/Projects/ZkregPlusAll/ZkregPlus/code/new_zkregplus/data/src_sig/spamassasin/../../samples/email/src/maildir/haedicke-m/deleted_items/168.
5.0/5.0	/home/xiang/Desktop/NewResearch/Projects/ZkregPlusAll/ZkregPlus/code/new_zkregplus/data/src_sig/spamassasin/../../samples/email/src/maildir/haedicke-m/deleted_items/15.
16.7/5.0	/home/xiang/Desktop/NewResearch/Projects/ZkregPlusAll/ZkregPlus/code/new_zkregplus/data/src_sig/spamassasin/../../samples/email/src/maildir/haedicke-m/deleted_items/229.
5.5/5.0	/home/xiang/Desktop/NewResearch/Projects/ZkregPlusAll/ZkregPlus/code/new_zkregplus/data/src_sig/spamassasin/../../samples/email/src/maildir/haedicke-m/notes_inbox/956.
5.2/5.0	/home/xiang/Desktop/NewResearch/Projects/ZkregPlusAll/ZkregPlus/code/new_zkregplus/data/src_sig/spamassasin/../../samples/email/src/maildir/haedicke-m/notes_inbox/408.
8.7/5.0	/home/xiang/Desktop/NewResearch/Projects/ZkregPlusAll/ZkregPlus/code/new_zkregplus/data/src_sig/spamassasin/../../samples/email/src/maildir/haedicke-m/notes_inbox/1437.
8.7/5.0	/home/xiang/Desktop/NewResearch/Projects/ZkregPlusAll/ZkregPlus/code/new_zkregplus/data/src_sig/spamassasin/../../samples/email/src/maildir/haedicke-m/notes_inbox/841.
5.5/5.0	/home/xiang/Desktop/NewResearch/Projects/ZkregPlusAll/ZkregPlus/code/new_zkregplus/data/src_sig/spamassasin/../../samples/email/src/maildir/haedicke-m/notes_inbox/995.
5.5/5.0	/home/xiang/Desktop/NewResearch/Projects/ZkregPlusAll/ZkregPlus/code/new_zkregplus/data/src_sig/spamassasin/../../samples/email/src/maildir/haedicke-m/notes_inbox/884.
5.5/5.0	/home/xiang/Desktop/NewResearch/Projects/ZkregPlusAll/ZkregPlus/code/new_zkregplus/data/src_sig/spamassasin/../../samples/email/src/maildir/haedicke-m/notes_inbox/849.
6.0/5.0	/home/xiang/Desktop/NewResearch/Projects/ZkregPlusAll/ZkregPlus/code/new_zkregplus/data/src_sig/spamassasin/../../samples/email/src/maildir/haedicke-m/notes_inbox/951.
8.7/5.0	/home/xiang/Desktop/NewResearch/Projects/ZkregPlusAll/ZkregPlus/code/new_zkregplus/data/src_sig/spamassasin/../../samples/email/src/maildir/haedicke-m/notes_inbox/1326.
5.1/5.0	/home/xiang/Desktop/NewResearch/Projects/ZkregPlusAll/ZkregPlus/code/new_zkregplus/data/src_sig/spamassasin/../../samples/email/src/maildir/haedicke-m/notes_inbox/1397.
8.2/5.0	/home/xiang/Desktop/NewResearch/Projects/ZkregPlusAll/ZkregPlus/code/new_zkregplus/data/src_sig/spamassasin/../../samples/email/src/maildir/haedicke-m/notes_inbox/937.
6.0/5.0	/home/xiang/Desktop/NewResearch/Projects/ZkregPlusAll/ZkregPlus/code/new_zkregplus/data/src_sig/spamassasin/../../samples/email/src/maildir/haedicke-m/notes_inbox/417.
5.5/5.0	/home/xiang/Desktop/NewResearch/Projects/ZkregPlusAll/ZkregPlus/code/new_zkregplus/data/src_sig/spamassasin/../../samples/email/src/maildir/haedicke-m/notes_inbox/492.
5.5/5.0	/home/xiang/Desktop/NewResearch/Projects/ZkregPlusAll/ZkregPlus/code/new_zkregplus/data/src_sig/spamassasin/../../samples/email/src/maildir/haedicke-m/all_documents/5275.
8.2/5.0	/home/xiang/Desktop/NewResearch/Projects/ZkregPlusAll/ZkregPlus/code/new_zkregplus/data/src_sig/spamassasin/../../samples/email/src/maildir/haedicke-m/all_documents/5296.
8.7/5.0	/home/xiang/Desktop/NewResearch/Projects/ZkregPlusAll/ZkregPlus/code/new_zkregplus/data/src_sig/spamassasin/../../samples/email/src/maildir/haedicke-m/all_documents/5409.
8.7/5.0	/home/xiang/Desktop/NewResearch/Projects/ZkregPlusAll/ZkregPlus/code/new_zkregplus/data/src_sig/spamassasin/../../samples/email/src/maildir/haedicke-m/all_documents/4772.
5.5/5.0	/home/xiang/Desktop/NewResearch/Projects/ZkregPlusAll/ZkregPlus/code/new_zkregplus/data/src_sig/spamassasin/../../samples/email/src/maildir/haedicke-m/all_documents/5401.
5.5/5.0	/home/xiang/Desktop/NewResearch/Projects/ZkregPlusAll/ZkregPlus/code/new_zkregplus/data/src_sig/spamassasin/../../samples/email/src/maildir/haedicke-m/all_documents/2502.
5.1/5.0	/home/xiang/Desktop/NewResearch/Projects/ZkregPlusAll/ZkregPlus/code/new_zkregplus/data/src_sig/spamassasin/../../samples/email/src/maildir/haedicke-m/all_documents/4664.
8.7/5.0	/home/xiang/Desktop/NewResearch/Projects/ZkregPlusAll/ZkregPlus/code/new_zkregplus/data/src_sig/spamassasin/../../samples/email/src/maildir/haedicke-m/all_documents/4617.
5.2/5.0	/home/xiang/Desktop/NewResearch/Projects/ZkregPlusAll/ZkregPlus/code/new_zkregplus/data/src_sig/spamassasin/../../samples/email/src/maildir/haedicke-m/all_documents/2387.
6.0/5.0	/home/xiang/Desktop/NewResearch/Projects/ZkregPlusAll/ZkregPlus/code/new_zkregplus/data/src_sig/spamassasin/../../samples/email/src/maildir/haedicke-m/all_documents/2396.
6.0/5.0	/home/xiang/Desktop/NewResearch/Projects/ZkregPlusAll/ZkregPlus/code/new_zkregplus/data/src_sig/spamassasin/../../samples/email/src/maildir/haedicke-m/all_documents/5281.
5.5/5.0	/home/xiang/Desktop/NewResearch/Projects/ZkregPlusAll/ZkregPlus/code/new_zkregplus/data/src_sig/spamassasin/../../samples/email/src/maildir/haedicke-m/all_documents/5358.
5.5/5.0	/home/xiang/Desktop/NewResearch/Projects/ZkregPlusAll/ZkregPlus/code/new_zkregplus/data/src_sig/spamassasin/../../samples/email/src/maildir/haedicke-m/all_documents/5235.
5.1/5.0	/home/xiang/Desktop/NewResearch/Projects/ZkregPlusAll/ZkregPlus/code/new_zkregplus/data/src_sig/spamassasin/../../samples/email/src/maildir/lewis-a/discussion_threads/141.
5.6/5.0	/home/xiang/Desktop/NewResearch/Projects/ZkregPlusAll/ZkregPlus/code/new_zkregplus/data/src_sig/spamassasin/../../samples/email/src/maildir/lewis-a/discussion_threads/188.
8.2/5.0	/home/xiang/Desktop/NewResearch/Projects/ZkregPlusAll/ZkregPlus/code/new_zkregplus/data/src_sig/spamassasin/../../samples/email/src/maildir/lewis-a/discussion_threads/91.
5.1/5.0	/home/xiang/Desktop/NewResearch/Projects/ZkregPlusAll/ZkregPlus/code/new_zkregplus/data/src_sig/spamassasin/../../samples/email/src/maildir/lewis-a/inbox/92.
5.8/5.0	/home/xiang/Desktop/NewResearch/Projects/ZkregPlusAll/ZkregPlus/code/new_zkregplus/data/src_sig/spamassasin/../../samples/email/src/maildir/lewis-a/inbox/107.
5.8/5.0	/home/xiang/Desktop/NewResearch/Projects/ZkregPlusAll/ZkregPlus/code/new_zkregplus/data/src_sig/spamassasin/../../samples/email/src/maildir/lewis-a/inbox/103.
8.1/5.0	/home/xiang/Desktop/NewResearch/Projects/ZkregPlusAll/ZkregPlus/code/new_zkregplus/data/src_sig/spamassasin/../../samples/email/src/maildir/lewis-a/inbox/101.
7.5/5.0	/home/xiang/Desktop/NewResearch/Projects/ZkregPlusAll/ZkregPlus/code/new_zkregplus/data/src_sig/spamassasin/../../samples/email/src/maildir/lewis-a/inbox/114.
7.6/5.0	/home/xiang/Desktop/NewResearch/Projects/ZkregPlusAll/ZkregPlus/code/new_zkregplus/data/src_sig/spamassasin/../../samples/email/src/maildir/lewis-a/inbox/111.
5.5/5.0	/home/xiang/Desktop/NewResearch/Projects/ZkregPlusAll/ZkregPlus/code/new_zkregplus/data/src_sig/spamassasin/../../samples/email/src/maildir/lewis-a/deleted_items/1110.
5.2/5.0	/home/xiang/Desktop/NewResearch/Projects/ZkregPlusAll/ZkregPlus/code/new_zkregplus/data/src_sig/spamassasin/../../samples/email/src/maildir/lewis-a/deleted_items/1084.
5.8/5.0	/home/xiang/Desktop/NewResearch/Projects/ZkregPlusAll/ZkregPlus/code/new_zkregplus/data/src_sig/spamassasin/../../samples/email/src/maildir/lewis-a/deleted_items/816.
5.5/5.0	/home/xiang/Desktop/NewResearch/Projects/ZkregPlusAll/ZkregPlus/code/new_zkregplus/data/src_sig/spamassasin/../../samples/email/src/maildir/lewis-a/deleted_items/1278.
7.5/5.0	/home/xiang/Desktop/NewResearch/Projects/ZkregPlusAll/ZkregPlus/code/new_zkregplus/data/src_sig/spamassasin/../../samples/email/src/maildir/lewis-a/deleted_items/694.
5.1/5.0	/home/xiang/Desktop/NewResearch/Projects/ZkregPlusAll/ZkregPlus/code/new_zkregplus/data/src_sig/spamassasin/../../samples/email/src/maildir/lewis-a/deleted_items/69.
5.2/5.0	/home/xiang/Desktop/NewResearch/Projects/ZkregPlusAll/ZkregPlus/code/new_zkregplus/data/src_sig/spamassasin/../../samples/email/src/maildir/lewis-a/deleted_items/248.
5.7/5.0	/home/xiang/Desktop/NewResearch/Projects/ZkregPlusAll/ZkregPlus/code/new_zkregplus/data/src_sig/spamassasin/../../samples/email/src/maildir/lewis-a/deleted_items/674.
8.1/5.0	/home/xiang/Desktop/NewResearch/Projects/ZkregPlusAll/ZkregPlus/code/new_zkregplus/data/src_sig/spamassasin/../../samples/email/src/maildir/lewis-a/deleted_items/1002.
5.1/5.0	/home/xiang/Desktop/NewResearch/Projects/ZkregPlusAll/ZkregPlus/code/new_zkregplus/data/src_sig/spamassasin/../../samples/email/src/maildir/lewis-a/deleted_items/606.
5.1/5.0	/home/xiang/Desktop/NewResearch/Projects/ZkregPlusAll/ZkregPlus/code/new_zkregplus/data/src_sig/spamassasin/../../samples/email/src/maildir/lewis-a/deleted_items/750.
7.5/5.0	/home/xiang/Desktop/NewResearch/Projects/ZkregPlusAll/ZkregPlus/code/new_zkregplus/data/src_sig/spamassasin/../../samples/email/src/maildir/lewis-a/deleted_items/105.
5.5/5.0	/home/xiang/Desktop/NewResearch/Projects/ZkregPlusAll/ZkregPlus/code/new_zkregplus/data/src_sig/spamassasin/../../samples/email/src/maildir/lewis-a/deleted_items/1109.
6.9/5.0	/home/xiang/Desktop/NewResearch/Projects/ZkregPlusAll/ZkregPlus/code/new_zkregplus/data/src_sig/spamassasin/../../samples/email/src/maildir/lewis-a/deleted_items/963.
5.1/5.0	/home/xiang/Desktop/NewResearch/Projects/ZkregPlusAll/ZkregPlus/code/new_zkregplus/data/src_sig/spamassasin/../../samples/email/src/maildir/lewis-a/deleted_items/977.
7.2/5.0	/home/xiang/Desktop/NewResearch/Projects/ZkregPlusAll/ZkregPlus/code/new_zkregplus/data/src_sig/spamassasin/../../samples/email/src/maildir/lewis-a/deleted_items/1230.
7.4/5.0	/home/xiang/Desktop/NewResearch/Projects/ZkregPlusAll/ZkregPlus/code/new_zkregplus/data/src_sig/spamassasin/../../samples/email/src/maildir/lewis-a/deleted_items/578.
8.5/5.0	/home/xiang/Desktop/NewResearch/Projects/ZkregPlusAll/ZkregPlus/code/new_zkregplus/data/src_sig/spamassasin/../../samples/email/src/maildir/lewis-a/deleted_items/608.
5.2/5.0	/home/xiang/Desktop/NewResearch/Projects/ZkregPlusAll/ZkregPlus/code/new_zkregplus/data/src_sig/spamassasin/../../samples/email/src/maildir/lewis-a/deleted_items/581.
8.1/5.0	/home/xiang/Desktop/NewResearch/Projects/ZkregPlusAll/ZkregPlus/code/new_zkregplus/data/src_sig/spamassasin/../../samples/email/src/maildir/lewis-a/deleted_items/891.
5.6/5.0	/home/xiang/Desktop/NewResearch/Projects/ZkregPlusAll/ZkregPlus/code/new_zkregplus/data/src_sig/spamassasin/../../samples/email/src/maildir/lewis-a/deleted_items/528.
5.3/5.0	/home/xiang/Desktop/NewResearch/Projects/ZkregPlusAll/ZkregPlus/code/new_zkregplus/data/src_sig/spamassasin/../../samples/email/src/maildir/lewis-a/deleted_items/857.
7.2/5.0	/home/xiang/Desktop/NewResearch/Projects/ZkregPlusAll/ZkregPlus/code/new_zkregplus/data/src_sig/spamassasin/../../samples/email/src/maildir/lewis-a/deleted_items/979.
5.2/5.0	/home/xiang/Desktop/NewResearch/Projects/ZkregPlusAll/ZkregPlus/code/new_zkregplus/data/src_sig/spamassasin/../../samples/email/src/maildir/lewis-a/deleted_items/580.
5.1/5.0	/home/xiang/Desktop/NewResearch/Projects/ZkregPlusAll/ZkregPlus/code/new_zkregplus/data/src_sig/spamassasin/../../samples/email/src/maildir/lewis-a/deleted_items/154.
5.2/5.0	/home/xiang/Desktop/NewResearch/Projects/ZkregPlusAll/ZkregPlus/code/new_zkregplus/data/src_sig/spamassasin/../../samples/email/src/maildir/lewis-a/deleted_items/911.
5.8/5.0	/home/xiang/Desktop/NewResearch/Projects/ZkregPlusAll/ZkregPlus/code/new_zkregplus/data/src_sig/spamassasin/../../samples/email/src/maildir/lewis-a/deleted_items/1152.
5.0/5.0	/home/xiang/Desktop/NewResearch/Projects/ZkregPlusAll/ZkregPlus/code/new_zkregplus/data/src_sig/spamassasin/../../samples/email/src/maildir/lewis-a/deleted_items/194.
7.5/5.0	/home/xiang/Desktop/NewResearch/Projects/ZkregPlusAll/ZkregPlus/code/new_zkregplus/data/src_sig/spamassasin/../../samples/email/src/maildir/lewis-a/deleted_items/878.
5.1/5.0	/home/xiang/Desktop/NewResearch/Projects/ZkregPlusAll/ZkregPlus/code/new_zkregplus/data/src_sig/spamassasin/../../samples/email/src/maildir/lewis-a/deleted_items/760.
5.5/5.0	/home/xiang/Desktop/NewResearch/Projects/ZkregPlusAll/ZkregPlus/code/new_zkregplus/data/src_sig/spamassasin/../../samples/email/src/maildir/lewis-a/deleted_items/1139.
5.1/5.0	/home/xiang/Desktop/NewResearch/Projects/ZkregPlusAll/ZkregPlus/code/new_zkregplus/data/src_sig/spamassasin/../../samples/email/src/maildir/lewis-a/deleted_items/604.
6.1/5.0	/home/xiang/Desktop/NewResearch/Projects/ZkregPlusAll/ZkregPlus/code/new_zkregplus/data/src_sig/spamassasin/../../samples/email/src/maildir/lewis-a/deleted_items/115.
7.2/5.0	/home/xiang/Desktop/NewResearch/Projects/ZkregPlusAll/ZkregPlus/code/new_zkregplus/data/src_sig/spamassasin/../../samples/email/src/maildir/lewis-a/deleted_items/980.
5.5/5.0	/home/xiang/Desktop/NewResearch/Projects/ZkregPlusAll/ZkregPlus/code/new_zkregplus/data/src_sig/spamassasin/../../samples/email/src/maildir/lewis-a/deleted_items/1010.
5.3/5.0	/home/xiang/Desktop/NewResearch/Projects/ZkregPlusAll/ZkregPlus/code/new_zkregplus/data/src_sig/spamassasin/../../samples/email/src/maildir/lewis-a/deleted_items/1059.
5.1/5.0	/home/xiang/Desktop/NewResearch/Projects/ZkregPlusAll/ZkregPlus/code/new_zkregplus/data/src_sig/spamassasin/../../samples/email/src/maildir/lewis-a/deleted_items/958.
5.1/5.0	/home/xiang/Desktop/NewResearch/Projects/ZkregPlusAll/ZkregPlus/code/new_zkregplus/data/src_sig/spamassasin/../../samples/email/src/maildir/lewis-a/deleted_items/1001.
6.8/5.0	/home/xiang/Desktop/NewResearch/Projects/ZkregPlusAll/ZkregPlus/code/new_zkregplus/data/src_sig/spamassasin/../../samples/email/src/maildir/lewis-a/deleted_items/197.
5.0/5.0	/home/xiang/Desktop/NewResearch/Projects/ZkregPlusAll/ZkregPlus/code/new_zkregplus/data/src_sig/spamassasin/../../samples/email/src/maildir/lewis-a/deleted_items/92.
5.6/5.0	/home/xiang/Desktop/NewResearch/Projects/ZkregPlusAll/ZkregPlus/code/new_zkregplus/data/src_sig/spamassasin/../../samples/email/src/maildir/lewis-a/deleted_items/416.
8.5/5.0	/home/xiang/Desktop/NewResearch/Projects/ZkregPlusAll/ZkregPlus/code/new_zkregplus/data/src_sig/spamassasin/../../samples/email/src/maildir/lewis-a/deleted_items/1644.
7.6/5.0	/home/xiang/Desktop/NewResearch/Projects/ZkregPlusAll/ZkregPlus/code/new_zkregplus/data/src_sig/spamassasin/../../samples/email/src/maildir/lewis-a/deleted_items/1352.
5.4/5.0	/home/xiang/Desktop/NewResearch/Projects/ZkregPlusAll/ZkregPlus/code/new_zkregplus/data/src_sig/spamassasin/../../samples/email/src/maildir/lewis-a/deleted_items/67.
5.5/5.0	/home/xiang/Desktop/NewResearch/Projects/ZkregPlusAll/ZkregPlus/code/new_zkregplus/data/src_sig/spamassasin/../../samples/email/src/maildir/lewis-a/deleted_items/684.
5.5/5.0	/home/xiang/Desktop/NewResearch/Projects/ZkregPlusAll/ZkregPlus/code/new_zkregplus/data/src_sig/spamassasin/../../samples/email/src/maildir/lewis-a/deleted_items/1303.
5.3/5.0	/home/xiang/Desktop/NewResearch/Projects/ZkregPlusAll/ZkregPlus/code/new_zkregplus/data/src_sig/spamassasin/../../samples/email/src/maildir/lewis-a/deleted_items/644.
5.7/5.0	/home/xiang/Desktop/NewResearch/Projects/ZkregPlusAll/ZkregPlus/code/new_zkregplus/data/src_sig/spamassasin/../../samples/email/src/maildir/lewis-a/deleted_items/788.
5.5/5.0	/home/xiang/Desktop/NewResearch/Projects/ZkregPlusAll/ZkregPlus/code/new_zkregplus/data/src_sig/spamassasin/../../samples/email/src/maildir/lewis-a/deleted_items/940.
5.7/5.0	/home/xiang/Desktop/NewResearch/Projects/ZkregPlusAll/ZkregPlus/code/new_zkregplus/data/src_sig/spamassasin/../../samples/email/src/maildir/lewis-a/deleted_items/610.
5.3/5.0	/home/xiang/Desktop/NewResearch/Projects/ZkregPlusAll/ZkregPlus/code/new_zkregplus/data/src_sig/spamassasin/../../samples/email/src/maildir/lewis-a/deleted_items/919.
5.3/5.0	/home/xiang/Desktop/NewResearch/Projects/ZkregPlusAll/ZkregPlus/code/new_zkregplus/data/src_sig/spamassasin/../../samples/email/src/maildir/lewis-a/deleted_items/830.
6.2/5.0	/home/xiang/Desktop/NewResearch/Projects/ZkregPlusAll/ZkregPlus/code/new_zkregplus/data/src_sig/spamassasin/../../samples/email/src/maildir/lewis-a/deleted_items/1292.
5.1/5.0	/home/xiang/Desktop/NewResearch/Projects/ZkregPlusAll/ZkregPlus/code/new_zkregplus/data/src_sig/spamassasin/../../samples/email/src/maildir/lewis-a/deleted_items/759.
7.2/5.0	/home/xiang/Desktop/NewResearch/Projects/ZkregPlusAll/ZkregPlus/code/new_zkregplus/data/src_sig/spamassasin/../../samples/email/src/maildir/lewis-a/deleted_items/1229.
5.2/5.0	/home/xiang/Desktop/NewResearch/Projects/ZkregPlusAll/ZkregPlus/code/new_zkregplus/data/src_sig/spamassasin/../../samples/email/src/maildir/lewis-a/deleted_items/23.
5.4/5.0	/home/xiang/Desktop/NewResearch/Projects/ZkregPlusAll/ZkregPlus/code/new_zkregplus/data/src_sig/spamassasin/../../samples/email/src/maildir/lewis-a/deleted_items/28.
7.5/5.0	/home/xiang/Desktop/NewResearch/Projects/ZkregPlusAll/ZkregPlus/code/new_zkregplus/data/src_sig/spamassasin/../../samples/email/src/maildir/lewis-a/deleted_items/733.
5.8/5.0	/home/xiang/Desktop/NewResearch/Projects/ZkregPlusAll/ZkregPlus/code/new_zkregplus/data/src_sig/spamassasin/../../samples/email/src/maildir/lewis-a/deleted_items/618.
5.5/5.0	/home/xiang/Desktop/NewResearch/Projects/ZkregPlusAll/ZkregPlus/code/new_zkregplus/data/src_sig/spamassasin/../../samples/email/src/maildir/lewis-a/deleted_items/1100.
5.7/5.0	/home/xiang/Desktop/NewResearch/Projects/ZkregPlusAll/ZkregPlus/code/new_zkregplus/data/src_sig/spamassasin/../../samples/email/src/maildir/lewis-a/deleted_items/827.
7.6/5.0	/home/xiang/Desktop/NewResearch/Projects/ZkregPlusAll/ZkregPlus/code/new_zkregplus/data/src_sig/spamassasin/../../samples/email/src/maildir/lewis-a/deleted_items/698.
7.6/5.0	/home/xiang/Desktop/NewResearch/Projects/ZkregPlusAll/ZkregPlus/code/new_zkregplus/data/src_sig/spamassasin/../../samples/email/src/maildir/lewis-a/deleted_items/1179.
5.8/5.0	/home/xiang/Desktop/NewResearch/Projects/ZkregPlusAll/ZkregPlus/code/new_zkregplus/data/src_sig/spamassasin/../../samples/email/src/maildir/lewis-a/deleted_items/706.
5.1/5.0	/home/xiang/Desktop/NewResearch/Projects/ZkregPlusAll/ZkregPlus/code/new_zkregplus/data/src_sig/spamassasin/../../samples/email/src/maildir/lewis-a/deleted_items/1282.
5.2/5.0	/home/xiang/Desktop/NewResearch/Projects/ZkregPlusAll/ZkregPlus/code/new_zkregplus/data/src_sig/spamassasin/../../samples/email/src/maildir/lewis-a/deleted_items/823.
13.1/5.0	/home/xiang/Desktop/NewResearch/Projects/ZkregPlusAll/ZkregPlus/code/new_zkregplus/data/src_sig/spamassasin/../../samples/email/src/maildir/lewis-a/deleted_items/397.
7.2/5.0	/home/xiang/Desktop/NewResearch/Projects/ZkregPlusAll/ZkregPlus/code/new_zkregplus/data/src_sig/spamassasin/../../samples/email/src/maildir/lewis-a/deleted_items/171.
6.0/5.0	/home/xiang/Desktop/NewResearch/Projects/ZkregPlusAll/ZkregPlus/code/new_zkregplus/data/src_sig/spamassasin/../../samples/email/src/maildir/lewis-a/deleted_items/607.
5.5/5.0	/home/xiang/Desktop/NewResearch/Projects/ZkregPlusAll/ZkregPlus/code/new_zkregplus/data/src_sig/spamassasin/../../samples/email/src/maildir/lewis-a/deleted_items/1061.
5.5/5.0	/home/xiang/Desktop/NewResearch/Projects/ZkregPlusAll/ZkregPlus/code/new_zkregplus/data/src_sig/spamassasin/../../samples/email/src/maildir/lewis-a/deleted_items/1270.
6.2/5.0	/home/xiang/Desktop/NewResearch/Projects/ZkregPlusAll/ZkregPlus/code/new_zkregplus/data/src_sig/spamassasin/../../samples/email/src/maildir/lewis-a/deleted_items/1239.
5.5/5.0	/home/xiang/Desktop/NewResearch/Projects/ZkregPlusAll/ZkregPlus/code/new_zkregplus/data/src_sig/spamassasin/../../samples/email/src/maildir/lewis-a/deleted_items/975.
5.5/5.0	/home/xiang/Desktop/NewResearch/Projects/ZkregPlusAll/ZkregPlus/code/new_zkregplus/data/src_sig/spamassasin/../../samples/email/src/maildir/lewis-a/deleted_items/1214.
5.3/5.0	/home/xiang/Desktop/NewResearch/Projects/ZkregPlusAll/ZkregPlus/code/new_zkregplus/data/src_sig/spamassasin/../../samples/email/src/maildir/lewis-a/deleted_items/703.
5.5/5.0	/home/xiang/Desktop/NewResearch/Projects/ZkregPlusAll/ZkregPlus/code/new_zkregplus/data/src_sig/spamassasin/../../samples/email/src/maildir/lewis-a/deleted_items/1217.
5.5/5.0	/home/xiang/Desktop/NewResearch/Projects/ZkregPlusAll/ZkregPlus/code/new_zkregplus/data/src_sig/spamassasin/../../samples/email/src/maildir/lewis-a/deleted_items/974.
13.1/5.0	/home/xiang/Desktop/NewResearch/Projects/ZkregPlusAll/ZkregPlus/code/new_zkregplus/data/src_sig/spamassasin/../../samples/email/src/maildir/lewis-a/deleted_items/396.
11.3/5.0	/home/xiang/Desktop/NewResearch/Projects/ZkregPlusAll/ZkregPlus/code/new_zkregplus/data/src_sig/spamassasin/../../samples/email/src/maildir/lewis-a/deleted_items/1422.
5.3/5.0	/home/xiang/Desktop/NewResearch/Projects/ZkregPlusAll/ZkregPlus/code/new_zkregplus/data/src_sig/spamassasin/../../samples/email/src/maildir/lewis-a/deleted_items/1236.
5.4/5.0	/home/xiang/Desktop/NewResearch/Projects/ZkregPlusAll/ZkregPlus/code/new_zkregplus/data/src_sig/spamassasin/../../samples/email/src/maildir/lewis-a/deleted_items/622.
8.2/5.0	/home/xiang/Desktop/NewResearch/Projects/ZkregPlusAll/ZkregPlus/code/new_zkregplus/data/src_sig/spamassasin/../../samples/email/src/maildir/lewis-a/notes_inbox/70.
5.1/5.0	/home/xiang/Desktop/NewResearch/Projects/ZkregPlusAll/ZkregPlus/code/new_zkregplus/data/src_sig/spamassasin/../../samples/email/src/maildir/lewis-a/notes_inbox/21.
8.2/5.0	/home/xiang/Desktop/NewResearch/Projects/ZkregPlusAll/ZkregPlus/code/new_zkregplus/data/src_sig/spamassasin/../../samples/email/src/maildir/lewis-a/all_documents/78.
5.1/5.0	/home/xiang/Desktop/NewResearch/Projects/ZkregPlusAll/ZkregPlus/code/new_zkregplus/data/src_sig/spamassasin/../../samples/email/src/maildir/lewis-a/all_documents/29.
5.6/5.0	/home/xiang/Desktop/NewResearch/Projects/ZkregPlusAll/ZkregPlus/code/new_zkregplus/data/src_sig/spamassasin/../../samples/email/src/maildir/lewis-a/all_documents/185.
5.0/5.0	/home/xiang/Desktop/NewResearch/Projects/ZkregPlusAll/ZkregPlus/code/new_zkregplus/data/src_sig/spamassasin/../../samples/email/src/maildir/allen-p/discussion_threads/166.
5.0/5.0	/home/xiang/Desktop/NewResearch/Projects/ZkregPlusAll/ZkregPlus/code/new_zkregplus/data/src_sig/spamassasin/../../samples/email/src/maildir/allen-p/discussion_threads/150.
5.0/5.0	/home/xiang/Desktop/NewResearch/Projects/ZkregPlusAll/ZkregPlus/code/new_zkregplus/data/src_sig/spamassasin/../../samples/email/src/maildir/allen-p/discussion_threads/151.
5.0/5.0	/home/xiang/Desktop/NewResearch/Projects/ZkregPlusAll/ZkregPlus/code/new_zkregplus/data/src_sig/spamassasin/../../samples/email/src/maildir/allen-p/_sent_mail/118.
5.0/5.0	/home/xiang/Desktop/NewResearch/Projects/ZkregPlusAll/ZkregPlus/code/new_zkregplus/data/src_sig/spamassasin/../../samples/email/src/maildir/allen-p/_sent_mail/94.
5.0/5.0	/home/xiang/Desktop/NewResearch/Projects/ZkregPlusAll/ZkregPlus/code/new_zkregplus/data/src_sig/spamassasin/../../samples/email/src/maildir/allen-p/_sent_mail/117.
5.0/5.0	/home/xiang/Desktop/NewResearch/Projects/ZkregPlusAll/ZkregPlus/code/new_zkregplus/data/src_sig/spamassasin/../../samples/email/src/maildir/allen-p/sent/70.
5.0/5.0	/home/xiang/Desktop/NewResearch/Projects/ZkregPlusAll/ZkregPlus/code/new_zkregplus/data/src_sig/spamassasin/../../samples/email/src/maildir/allen-p/sent/71.
5.0/5.0	/home/xiang/Desktop/NewResearch/Projects/ZkregPlusAll/ZkregPlus/code/new_zkregplus/data/src_sig/spamassasin/../../samples/email/src/maildir/allen-p/sent/47.
6.1/5.0	/home/xiang/Desktop/NewResearch/Projects/ZkregPlusAll/ZkregPlus/code/new_zkregplus/data/src_sig/spamassasin/../../samples/email/src/maildir/allen-p/deleted_items/7.
5.6/5.0	/home/xiang/Desktop/NewResearch/Projects/ZkregPlusAll/ZkregPlus/code/new_zkregplus/data/src_sig/spamassasin/../../samples/email/src/maildir/allen-p/deleted_items/100.
8.8/5.0	/home/xiang/Desktop/NewResearch/Projects/ZkregPlusAll/ZkregPlus/code/new_zkregplus/data/src_sig/spamassasin/../../samples/email/src/maildir/allen-p/deleted_items/134.
5.0/5.0	/home/xiang/Desktop/NewResearch/Projects/ZkregPlusAll/ZkregPlus/code/new_zkregplus/data/src_sig/spamassasin/../../samples/email/src/maildir/allen-p/all_documents/112.
5.0/5.0	/home/xiang/Desktop/NewResearch/Projects/ZkregPlusAll/ZkregPlus/code/new_zkregplus/data/src_sig/spamassasin/../../samples/email/src/maildir/allen-p/all_documents/113.
5.0/5.0	/home/xiang/Desktop/NewResearch/Projects/ZkregPlusAll/ZkregPlus/code/new_zkregplus/data/src_sig/spamassasin/../../samples/email/src/maildir/allen-p/all_documents/89.
5.8/5.0	/home/xiang/Desktop/NewResearch/Projects/ZkregPlusAll/ZkregPlus/code/new_zkregplus/data/src_sig/spamassasin/../../samples/email/src/maildir/schwieger-j/deleted_items/6.
5.0/5.0	/home/xiang/Desktop/NewResearch/Projects/ZkregPlusAll/ZkregPlus/code/new_zkregplus/data/src_sig/spamassasin/../../samples/email/src/maildir/schwieger-j/deleted_items/143.
5.8/5.0	/home/xiang/Desktop/NewResearch/Projects/ZkregPlusAll/ZkregPlus/code/new_zkregplus/data/src_sig/spamassasin/../../samples/email/src/maildir/schwieger-j/deleted_items/20.
5.7/5.0	/home/xiang/Desktop/NewResearch/Projects/ZkregPlusAll/ZkregPlus/code/new_zkregplus/data/src_sig/spamassasin/../../samples/email/src/maildir/schwieger-j/deleted_items/37.
5.2/5.0	/home/xiang/Desktop/NewResearch/Projects/ZkregPlusAll/ZkregPlus/code/new_zkregplus/data/src_sig/spamassasin/../../samples/email/src/maildir/hendrickson-s/inbox/78.
5.2/5.0	/home/xiang/Desktop/NewResearch/Projects/ZkregPlusAll/ZkregPlus/code/new_zkregplus/data/src_sig/spamassasin/../../samples/email/src/maildir/hendrickson-s/deleted_items/35.
5.7/5.0	/home/xiang/Desktop/NewResearch/Projects/ZkregPlusAll/ZkregPlus/code/new_zkregplus/data/src_sig/spamassasin/../../samples/email/src/maildir/hendrickson-s/deleted_items/29.
5.2/5.0	/home/xiang/Desktop/NewResearch/Projects/ZkregPlusAll/ZkregPlus/code/new_zkregplus/data/src_sig/spamassasin/../../samples/email/src/maildir/hendrickson-s/deleted_items/98.
5.1/5.0	/home/xiang/Desktop/NewResearch/Projects/ZkregPlusAll/ZkregPlus/code/new_zkregplus/data/src_sig/spamassasin/../../samples/email/src/maildir/hendrickson-s/deleted_items/83.
5.2/5.0	/home/xiang/Desktop/NewResearch/Projects/ZkregPlusAll/ZkregPlus/code/new_zkregplus/data/src_sig/spamassasin/../../samples/email/src/maildir/hendrickson-s/deleted_items/92.
5.4/5.0	/home/xiang/Desktop/NewResearch/Projects/ZkregPlusAll/ZkregPlus/code/new_zkregplus/data/src_sig/spamassasin/../../samples/email/src/maildir/hendrickson-s/deleted_items/47.
5.7/5.0	/home/xiang/Desktop/NewResearch/Projects/ZkregPlusAll/ZkregPlus/code/new_zkregplus/data/src_sig/spamassasin/../../samples/email/src/maildir/lenhart-m/deleted_items/22.
5.5/5.0	/home/xiang/Desktop/NewResearch/Projects/ZkregPlusAll/ZkregPlus/code/new_zkregplus/data/src_sig/spamassasin/../../samples/email/src/maildir/lenhart-m/deleted_items/177.
5.1/5.0	/home/xiang/Desktop/NewResearch/Projects/ZkregPlusAll/ZkregPlus/code/new_zkregplus/data/src_sig/spamassasin/../../samples/email/src/maildir/lenhart-m/deleted_items/3.
5.1/5.0	/home/xiang/Desktop/NewResearch/Projects/ZkregPlusAll/ZkregPlus/code/new_zkregplus/data/src_sig/spamassasin/../../samples/email/src/maildir/lenhart-m/deleted_items/42.
5.0/5.0	/home/xiang/Desktop/NewResearch/Projects/ZkregPlusAll/ZkregPlus/code/new_zkregplus/data/src_sig/spamassasin/../../samples/email/src/maildir/townsend-j/inbox/154.
5.5/5.0	/home/xiang/Desktop/NewResearch/Projects/ZkregPlusAll/ZkregPlus/code/new_zkregplus/data/src_sig/spamassasin/../../samples/email/src/maildir/townsend-j/inbox/209.
6.0/5.0	/home/xiang/Desktop/NewResearch/Projects/ZkregPlusAll/ZkregPlus/code/new_zkregplus/data/src_sig/spamassasin/../../samples/email/src/maildir/hayslett-r/discussion_threads/295.
6.0/5.0	/home/xiang/Desktop/NewResearch/Projects/ZkregPlusAll/ZkregPlus/code/new_zkregplus/data/src_sig/spamassasin/../../samples/email/src/maildir/hayslett-r/notes_inbox/109.
6.0/5.0	/home/xiang/Desktop/NewResearch/Projects/ZkregPlusAll/ZkregPlus/code/new_zkregplus/data/src_sig/spamassasin/../../samples/email/src/maildir/hayslett-r/all_documents/331.
5.1/5.0	/home/xiang/Desktop/NewResearch/Projects/ZkregPlusAll/ZkregPlus/code/new_zkregplus/data/src_sig/spamassasin/../../samples/email/src/maildir/hayslett-r/projects/portland_general/3.
5.0/5.0	/home/xiang/Desktop/NewResearch/Projects/ZkregPlusAll/ZkregPlus/code/new_zkregplus/data/src_sig/spamassasin/../../samples/email/src/maildir/shackleton-s/inbox/406.
7.4/5.0	/home/xiang/Desktop/NewResearch/Projects/ZkregPlusAll/ZkregPlus/code/new_zkregplus/data/src_sig/spamassasin/../../samples/email/src/maildir/shackleton-s/inbox/275.
8.5/5.0	/home/xiang/Desktop/NewResearch/Projects/ZkregPlusAll/ZkregPlus/code/new_zkregplus/data/src_sig/spamassasin/../../samples/email/src/maildir/shackleton-s/inbox/850.
8.2/5.0	/home/xiang/Desktop/NewResearch/Projects/ZkregPlusAll/ZkregPlus/code/new_zkregplus/data/src_sig/spamassasin/../../samples/email/src/maildir/shackleton-s/inbox/484.
6.3/5.0	/home/xiang/Desktop/NewResearch/Projects/ZkregPlusAll/ZkregPlus/code/new_zkregplus/data/src_sig/spamassasin/../../samples/email/src/maildir/shackleton-s/deleted_items/86.
5.3/5.0	/home/xiang/Desktop/NewResearch/Projects/ZkregPlusAll/ZkregPlus/code/new_zkregplus/data/src_sig/spamassasin/../../samples/email/src/maildir/shackleton-s/deleted_items/166.
8.5/5.0	/home/xiang/Desktop/NewResearch/Projects/ZkregPlusAll/ZkregPlus/code/new_zkregplus/data/src_sig/spamassasin/../../samples/email/src/maildir/shackleton-s/deleted_items/456.
5.6/5.0	/home/xiang/Desktop/NewResearch/Projects/ZkregPlusAll/ZkregPlus/code/new_zkregplus/data/src_sig/spamassasin/../../samples/email/src/maildir/shackleton-s/notes_inbox/3309.
5.1/5.0	/home/xiang/Desktop/NewResearch/Projects/ZkregPlusAll/ZkregPlus/code/new_zkregplus/data/src_sig/spamassasin/../../samples/email/src/maildir/shackleton-s/notes_inbox/94.
5.6/5.0	/home/xiang/Desktop/NewResearch/Projects/ZkregPlusAll/ZkregPlus/code/new_zkregplus/data/src_sig/spamassasin/../../samples/email/src/maildir/shackleton-s/all_documents/8988.
5.7/5.0	/home/xiang/Desktop/NewResearch/Projects/ZkregPlusAll/ZkregPlus/code/new_zkregplus/data/src_sig/spamassasin/../../samples/email/src/maildir/shackleton-s/all_documents/290.
5.1/5.0	/home/xiang/Desktop/NewResearch/Projects/ZkregPlusAll/ZkregPlus/code/new_zkregplus/data/src_sig/spamassasin/../../samples/email/src/maildir/shackleton-s/all_documents/5068.
5.7/5.0	/home/xiang/Desktop/NewResearch/Projects/ZkregPlusAll/ZkregPlus/code/new_zkregplus/data/src_sig/spamassasin/../../samples/email/src/maildir/shackleton-s/all_documents/1349.
5.7/5.0	/home/xiang/Desktop/NewResearch/Projects/ZkregPlusAll/ZkregPlus/code/new_zkregplus/data/src_sig/spamassasin/../../samples/email/src/maildir/shackleton-s/brazil/19.
5.7/5.0	/home/xiang/Desktop/NewResearch/Projects/ZkregPlusAll/ZkregPlus/code/new_zkregplus/data/src_sig/spamassasin/../../samples/email/src/maildir/shackleton-s/brazil_news/7.
5.4/5.0	/home/xiang/Desktop/NewResearch/Projects/ZkregPlusAll/ZkregPlus/code/new_zkregplus/data/src_sig/spamassasin/../../samples/email/src/maildir/lucci-p/inbox/96.
5.4/5.0	/home/xiang/Desktop/NewResearch/Projects/ZkregPlusAll/ZkregPlus/code/new_zkregplus/data/src_sig/spamassasin/../../samples/email/src/maildir/lucci-p/deleted_items/374.
5.4/5.0	/home/xiang/Desktop/NewResearch/Projects/ZkregPlusAll/ZkregPlus/code/new_zkregplus/data/src_sig/spamassasin/../../samples/email/src/maildir/lucci-p/deleted_items/676.
5.4/5.0	/home/xiang/Desktop/NewResearch/Projects/ZkregPlusAll/ZkregPlus/code/new_zkregplus/data/src_sig/spamassasin/../../samples/email/src/maildir/lucci-p/deleted_items/439.
7.6/5.0	/home/xiang/Desktop/NewResearch/Projects/ZkregPlusAll/ZkregPlus/code/new_zkregplus/data/src_sig/spamassasin/../../samples/email/src/maildir/lucci-p/deleted_items/399.
5.4/5.0	/home/xiang/Desktop/NewResearch/Projects/ZkregPlusAll/ZkregPlus/code/new_zkregplus/data/src_sig/spamassasin/../../samples/email/src/maildir/lucci-p/deleted_items/649.
7.6/5.0	/home/xiang/Desktop/NewResearch/Projects/ZkregPlusAll/ZkregPlus/code/new_zkregplus/data/src_sig/spamassasin/../../samples/email/src/maildir/lucci-p/deleted_items/470.
5.5/5.0	/home/xiang/Desktop/NewResearch/Projects/ZkregPlusAll/ZkregPlus/code/new_zkregplus/data/src_sig/spamassasin/../../samples/email/src/maildir/lucci-p/deleted_items/469.
9.3/5.0	/home/xiang/Desktop/NewResearch/Projects/ZkregPlusAll/ZkregPlus/code/new_zkregplus/data/src_sig/spamassasin/../../samples/email/src/maildir/lucci-p/deleted_items/382.
7.7/5.0	/home/xiang/Desktop/NewResearch/Projects/ZkregPlusAll/ZkregPlus/code/new_zkregplus/data/src_sig/spamassasin/../../samples/email/src/maildir/lucci-p/deleted_items/448.
8.0/5.0	/home/xiang/Desktop/NewResearch/Projects/ZkregPlusAll/ZkregPlus/code/new_zkregplus/data/src_sig/spamassasin/../../samples/email/src/maildir/lucci-p/deleted_items/398.
5.4/5.0	/home/xiang/Desktop/NewResearch/Projects/ZkregPlusAll/ZkregPlus/code/new_zkregplus/data/src_sig/spamassasin/../../samples/email/src/maildir/lucci-p/deleted_items/602.
5.1/5.0	/home/xiang/Desktop/NewResearch/Projects/ZkregPlusAll/ZkregPlus/code/new_zkregplus/data/src_sig/spamassasin/../../samples/email/src/maildir/hyvl-d/gas/mesa/3.
5.1/5.0	/home/xiang/Desktop/NewResearch/Projects/ZkregPlusAll/ZkregPlus/code/new_zkregplus/data/src_sig/spamassasin/../../samples/email/src/maildir/hyvl-d/all_documents/846.
5.5/5.0	/home/xiang/Desktop/NewResearch/Projects/ZkregPlusAll/ZkregPlus/code/new_zkregplus/data/src_sig/spamassasin/../../samples/email/src/maildir/griffith-j/discussion_threads/306.
5.5/5.0	/home/xiang/Desktop/NewResearch/Projects/ZkregPlusAll/ZkregPlus/code/new_zkregplus/data/src_sig/spamassasin/../../samples/email/src/maildir/griffith-j/continental/11.
5.0/5.0	/home/xiang/Desktop/NewResearch/Projects/ZkregPlusAll/ZkregPlus/code/new_zkregplus/data/src_sig/spamassasin/../../samples/email/src/maildir/griffith-j/private_folders/business/41.
5.0/5.0	/home/xiang/Desktop/NewResearch/Projects/ZkregPlusAll/ZkregPlus/code/new_zkregplus/data/src_sig/spamassasin/../../samples/email/src/maildir/griffith-j/deleted_items/424.
5.5/5.0	/home/xiang/Desktop/NewResearch/Projects/ZkregPlusAll/ZkregPlus/code/new_zkregplus/data/src_sig/spamassasin/../../samples/email/src/maildir/griffith-j/all_documents/329.
6.8/5.0	/home/xiang/Desktop/NewResearch/Projects/ZkregPlusAll/ZkregPlus/code/new_zkregplus/data/src_sig/spamassasin/../../samples/email/src/maildir/keavey-p/discussion_threads/70.
6.8/5.0	/home/xiang/Desktop/NewResearch/Projects/ZkregPlusAll/ZkregPlus/code/new_zkregplus/data/src_sig/spamassasin/../../samples/email/src/maildir/keavey-p/discussion_threads/110.
5.7/5.0	/home/xiang/Desktop/NewResearch/Projects/ZkregPlusAll/ZkregPlus/code/new_zkregplus/data/src_sig/spamassasin/../../samples/email/src/maildir/keavey-p/inbox/347.
5.1/5.0	/home/xiang/Desktop/NewResearch/Projects/ZkregPlusAll/ZkregPlus/code/new_zkregplus/data/src_sig/spamassasin/../../samples/email/src/maildir/keavey-p/inbox/261.
5.7/5.0	/home/xiang/Desktop/NewResearch/Projects/ZkregPlusAll/ZkregPlus/code/new_zkregplus/data/src_sig/spamassasin/../../samples/email/src/maildir/keavey-p/inbox/254.
5.0/5.0	/home/xiang/Desktop/NewResearch/Projects/ZkregPlusAll/ZkregPlus/code/new_zkregplus/data/src_sig/spamassasin/../../samples/email/src/maildir/keavey-p/inbox/477.
5.0/5.0	/home/xiang/Desktop/NewResearch/Projects/ZkregPlusAll/ZkregPlus/code/new_zkregplus/data/src_sig/spamassasin/../../samples/email/src/maildir/keavey-p/deleted_items/221.
6.8/5.0	/home/xiang/Desktop/NewResearch/Projects/ZkregPlusAll/ZkregPlus/code/new_zkregplus/data/src_sig/spamassasin/../../samples/email/src/maildir/keavey-p/notes_inbox/82.
6.8/5.0	/home/xiang/Desktop/NewResearch/Projects/ZkregPlusAll/ZkregPlus/code/new_zkregplus/data/src_sig/spamassasin/../../samples/email/src/maildir/keavey-p/notes_inbox/121.
6.8/5.0	/home/xiang/Desktop/NewResearch/Projects/ZkregPlusAll/ZkregPlus/code/new_zkregplus/data/src_sig/spamassasin/../../samples/email/src/maildir/keavey-p/all_documents/86.
6.8/5.0	/home/xiang/Desktop/NewResearch/Projects/ZkregPlusAll/ZkregPlus/code/new_zkregplus/data/src_sig/spamassasin/../../samples/email/src/maildir/keavey-p/all_documents/126.
5.3/5.0	/home/xiang/Desktop/NewResearch/Projects/ZkregPlusAll/ZkregPlus/code/new_zkregplus/data/src_sig/spamassasin/../../samples/email/src/maildir/farmer-d/deleted_items/236.
6.1/5.0	/home/xiang/Desktop/NewResearch/Projects/ZkregPlusAll/ZkregPlus/code/new_zkregplus/data/src_sig/spamassasin/../../samples/email/src/maildir/farmer-d/deleted_items/322.
6.1/5.0	/home/xiang/Desktop/NewResearch/Projects/ZkregPlusAll/ZkregPlus/code/new_zkregplus/data/src_sig/spamassasin/../../samples/email/src/maildir/farmer-d/deleted_items/327.
5.0/5.0	/home/xiang/Desktop/NewResearch/Projects/ZkregPlusAll/ZkregPlus/code/new_zkregplus/data/src_sig/spamassasin/../../samples/email/src/maildir/farmer-d/deleted_items/266.
5.1/5.0	/home/xiang/Desktop/NewResearch/Projects/ZkregPlusAll/ZkregPlus/code/new_zkregplus/data/src_sig/spamassasin/../../samples/email/src/maildir/farmer-d/deleted_items/216.
5.3/5.0	/home/xiang/Desktop/NewResearch/Projects/ZkregPlusAll/ZkregPlus/code/new_zkregplus/data/src_sig/spamassasin/../../samples/email/src/maildir/farmer-d/deleted_items/171.
5.7/5.0	/home/xiang/Desktop/NewResearch/Projects/ZkregPlusAll/ZkregPlus/code/new_zkregplus/data/src_sig/spamassasin/../../samples/email/src/maildir/farmer-d/deleted_items/13.
6.6/5.0	/home/xiang/Desktop/NewResearch/Projects/ZkregPlusAll/ZkregPlus/code/new_zkregplus/data/src_sig/spamassasin/../../samples/email/src/maildir/dorland-c/deleted_items/170.
5.1/5.0	/home/xiang/Desktop/NewResearch/Projects/ZkregPlusAll/ZkregPlus/code/new_zkregplus/data/src_sig/spamassasin/../../samples/email/src/maildir/dorland-c/deleted_items/140.
6.6/5.0	/home/xiang/Desktop/NewResearch/Projects/ZkregPlusAll/ZkregPlus/code/new_zkregplus/data/src_sig/spamassasin/../../samples/email/src/maildir/dorland-c/deleted_items/1.
15.0/5.0	/home/xiang/Desktop/NewResearch/Projects/ZkregPlusAll/ZkregPlus/code/new_zkregplus/data/src_sig/spamassasin/../../samples/email/src/maildir/gilbertsmith-d/deleted_items/24.
5.1/5.0	/home/xiang/Desktop/NewResearch/Projects/ZkregPlusAll/ZkregPlus/code/new_zkregplus/data/src_sig/spamassasin/../../samples/email/src/maildir/gilbertsmith-d/all_documents/123.
5.1/5.0	/home/xiang/Desktop/NewResearch/Projects/ZkregPlusAll/ZkregPlus/code/new_zkregplus/data/src_sig/spamassasin/../../samples/email/src/maildir/gilbertsmith-d/fundamentals/1.
5.0/5.0	/home/xiang/Desktop/NewResearch/Projects/ZkregPlusAll/ZkregPlus/code/new_zkregplus/data/src_sig/spamassasin/../../samples/email/src/maildir/ruscitti-k/inbox/147.
5.7/5.0	/home/xiang/Desktop/NewResearch/Projects/ZkregPlusAll/ZkregPlus/code/new_zkregplus/data/src_sig/spamassasin/../../samples/email/src/maildir/ruscitti-k/deleted_items/7.
7.4/5.0	/home/xiang/Desktop/NewResearch/Projects/ZkregPlusAll/ZkregPlus/code/new_zkregplus/data/src_sig/spamassasin/../../samples/email/src/maildir/motley-m/inbox/ene_houston/5.
5.7/5.0	/home/xiang/Desktop/NewResearch/Projects/ZkregPlusAll/ZkregPlus/code/new_zkregplus/data/src_sig/spamassasin/../../samples/email/src/maildir/motley-m/inbox/ene_houston/1.
7.7/5.0	/home/xiang/Desktop/NewResearch/Projects/ZkregPlusAll/ZkregPlus/code/new_zkregplus/data/src_sig/spamassasin/../../samples/email/src/maildir/motley-m/deleted_items/64.
8.6/5.0	/home/xiang/Desktop/NewResearch/Projects/ZkregPlusAll/ZkregPlus/code/new_zkregplus/data/src_sig/spamassasin/../../samples/email/src/maildir/motley-m/deleted_items/33.
5.8/5.0	/home/xiang/Desktop/NewResearch/Projects/ZkregPlusAll/ZkregPlus/code/new_zkregplus/data/src_sig/spamassasin/../../samples/email/src/maildir/motley-m/deleted_items/38.
5.1/5.0	/home/xiang/Desktop/NewResearch/Projects/ZkregPlusAll/ZkregPlus/code/new_zkregplus/data/src_sig/spamassasin/../../samples/email/src/maildir/motley-m/deleted_items/51.
7.6/5.0	/home/xiang/Desktop/NewResearch/Projects/ZkregPlusAll/ZkregPlus/code/new_zkregplus/data/src_sig/spamassasin/../../samples/email/src/maildir/motley-m/deleted_items/45.
7.6/5.0	/home/xiang/Desktop/NewResearch/Projects/ZkregPlusAll/ZkregPlus/code/new_zkregplus/data/src_sig/spamassasin/../../samples/email/src/maildir/motley-m/deleted_items/42.
5.3/5.0	/home/xiang/Desktop/NewResearch/Projects/ZkregPlusAll/ZkregPlus/code/new_zkregplus/data/src_sig/spamassasin/../../samples/email/src/maildir/crandell-s/deleted_items/55.
5.1/5.0	/home/xiang/Desktop/NewResearch/Projects/ZkregPlusAll/ZkregPlus/code/new_zkregplus/data/src_sig/spamassasin/../../samples/email/src/maildir/skilling-j/inbox/1105.
5.2/5.0	/home/xiang/Desktop/NewResearch/Projects/ZkregPlusAll/ZkregPlus/code/new_zkregplus/data/src_sig/spamassasin/../../samples/email/src/maildir/skilling-j/inbox/399.
5.0/5.0	/home/xiang/Desktop/NewResearch/Projects/ZkregPlusAll/ZkregPlus/code/new_zkregplus/data/src_sig/spamassasin/../../samples/email/src/maildir/skilling-j/inbox/955.
7.6/5.0	/home/xiang/Desktop/NewResearch/Projects/ZkregPlusAll/ZkregPlus/code/new_zkregplus/data/src_sig/spamassasin/../../samples/email/src/maildir/skilling-j/inbox/1076.
5.1/5.0	/home/xiang/Desktop/NewResearch/Projects/ZkregPlusAll/ZkregPlus/code/new_zkregplus/data/src_sig/spamassasin/../../samples/email/src/maildir/skilling-j/inbox/1042.
5.1/5.0	/home/xiang/Desktop/NewResearch/Projects/ZkregPlusAll/ZkregPlus/code/new_zkregplus/data/src_sig/spamassasin/../../samples/email/src/maildir/skilling-j/inbox/398.
7.0/5.0	/home/xiang/Desktop/NewResearch/Projects/ZkregPlusAll/ZkregPlus/code/new_zkregplus/data/src_sig/spamassasin/../../samples/email/src/maildir/skilling-j/inbox/1263.
5.7/5.0	/home/xiang/Desktop/NewResearch/Projects/ZkregPlusAll/ZkregPlus/code/new_zkregplus/data/src_sig/spamassasin/../../samples/email/src/maildir/skilling-j/deleted_items/298.
8.2/5.0	/home/xiang/Desktop/NewResearch/Projects/ZkregPlusAll/ZkregPlus/code/new_zkregplus/data/src_sig/spamassasin/../../samples/email/src/maildir/lokey-t/sent_items/4.
8.2/5.0	/home/xiang/Desktop/NewResearch/Projects/ZkregPlusAll/ZkregPlus/code/new_zkregplus/data/src_sig/spamassasin/../../samples/email/src/maildir/lokey-t/sent_items/3.
9.1/5.0	/home/xiang/Desktop/NewResearch/Projects/ZkregPlusAll/ZkregPlus/code/new_zkregplus/data/src_sig/spamassasin/../../samples/email/src/maildir/lokey-t/inbox/52.
5.4/5.0	/home/xiang/Desktop/NewResearch/Projects/ZkregPlusAll/ZkregPlus/code/new_zkregplus/data/src_sig/spamassasin/../../samples/email/src/maildir/lokey-t/inbox/14.
5.1/5.0	/home/xiang/Desktop/NewResearch/Projects/ZkregPlusAll/ZkregPlus/code/new_zkregplus/data/src_sig/spamassasin/../../samples/email/src/maildir/lokey-t/inbox/149.
5.1/5.0	/home/xiang/Desktop/NewResearch/Projects/ZkregPlusAll/ZkregPlus/code/new_zkregplus/data/src_sig/spamassasin/../../samples/email/src/maildir/lokey-t/inbox/275.
5.0/5.0	/home/xiang/Desktop/NewResearch/Projects/ZkregPlusAll/ZkregPlus/code/new_zkregplus/data/src_sig/spamassasin/../../samples/email/src/maildir/lokey-t/deleted_items/47.
5.1/5.0	/home/xiang/Desktop/NewResearch/Projects/ZkregPlusAll/ZkregPlus/code/new_zkregplus/data/src_sig/spamassasin/../../samples/email/src/maildir/lokey-t/deleted_items/190.
5.1/5.0	/home/xiang/Desktop/NewResearch/Projects/ZkregPlusAll/ZkregPlus/code/new_zkregplus/data/src_sig/spamassasin/../../samples/email/src/maildir/lokey-t/deleted_items/189.
12.5/5.0	/home/xiang/Desktop/NewResearch/Projects/ZkregPlusAll/ZkregPlus/code/new_zkregplus/data/src_sig/spamassasin/../../samples/email/src/maildir/keiser-k/deleted_items/151.
6.7/5.0	/home/xiang/Desktop/NewResearch/Projects/ZkregPlusAll/ZkregPlus/code/new_zkregplus/data/src_sig/spamassasin/../../samples/email/src/maildir/keiser-k/deleted_items/225.
17.8/5.0	/home/xiang/Desktop/NewResearch/Projects/ZkregPlusAll/ZkregPlus/code/new_zkregplus/data/src_sig/spamassasin/../../samples/email/src/maildir/keiser-k/deleted_items/185.
8.2/5.0	/home/xiang/Desktop/NewResearch/Projects/ZkregPlusAll/ZkregPlus/code/new_zkregplus/data/src_sig/spamassasin/../../samples/email/src/maildir/tycholiz-b/deleted_items/101.
5.0/5.0	/home/xiang/Desktop/NewResearch/Projects/ZkregPlusAll/ZkregPlus/code/new_zkregplus/data/src_sig/spamassasin/../../samples/email/src/maildir/holst-k/deleted_items/115.
5.1/5.0	/home/xiang/Desktop/NewResearch/Projects/ZkregPlusAll/ZkregPlus/code/new_zkregplus/data/src_sig/spamassasin/../../samples/email/src/maildir/steffes-j/sent_items/10.
5.1/5.0	/home/xiang/Desktop/NewResearch/Projects/ZkregPlusAll/ZkregPlus/code/new_zkregplus/data/src_sig/spamassasin/../../samples/email/src/maildir/steffes-j/sent_items/524.
5.1/5.0	/home/xiang/Desktop/NewResearch/Projects/ZkregPlusAll/ZkregPlus/code/new_zkregplus/data/src_sig/spamassasin/../../samples/email/src/maildir/steffes-j/sent_items/3.
5.7/5.0	/home/xiang/Desktop/NewResearch/Projects/ZkregPlusAll/ZkregPlus/code/new_zkregplus/data/src_sig/spamassasin/../../samples/email/src/maildir/steffes-j/inbox/29.
9.1/5.0	/home/xiang/Desktop/NewResearch/Projects/ZkregPlusAll/ZkregPlus/code/new_zkregplus/data/src_sig/spamassasin/../../samples/email/src/maildir/steffes-j/inbox/17.
5.1/5.0	/home/xiang/Desktop/NewResearch/Projects/ZkregPlusAll/ZkregPlus/code/new_zkregplus/data/src_sig/spamassasin/../../samples/email/src/maildir/steffes-j/inbox/22.
5.0/5.0	/home/xiang/Desktop/NewResearch/Projects/ZkregPlusAll/ZkregPlus/code/new_zkregplus/data/src_sig/spamassasin/../../samples/email/src/maildir/steffes-j/inbox/377.
10.3/5.0	/home/xiang/Desktop/NewResearch/Projects/ZkregPlusAll/ZkregPlus/code/new_zkregplus/data/src_sig/spamassasin/../../samples/email/src/maildir/steffes-j/inbox/367.
5.7/5.0	/home/xiang/Desktop/NewResearch/Projects/ZkregPlusAll/ZkregPlus/code/new_zkregplus/data/src_sig/spamassasin/../../samples/email/src/maildir/steffes-j/deleted_items/286.
5.7/5.0	/home/xiang/Desktop/NewResearch/Projects/ZkregPlusAll/ZkregPlus/code/new_zkregplus/data/src_sig/spamassasin/../../samples/email/src/maildir/steffes-j/deleted_items/394.
6.0/5.0	/home/xiang/Desktop/NewResearch/Projects/ZkregPlusAll/ZkregPlus/code/new_zkregplus/data/src_sig/spamassasin/../../samples/email/src/maildir/steffes-j/deleted_items/579.
9.0/5.0	/home/xiang/Desktop/NewResearch/Projects/ZkregPlusAll/ZkregPlus/code/new_zkregplus/data/src_sig/spamassasin/../../samples/email/src/maildir/steffes-j/deleted_items/540.
5.1/5.0	/home/xiang/Desktop/NewResearch/Projects/ZkregPlusAll/ZkregPlus/code/new_zkregplus/data/src_sig/spamassasin/../../samples/email/src/maildir/steffes-j/deleted_items/242.
10.9/5.0	/home/xiang/Desktop/NewResearch/Projects/ZkregPlusAll/ZkregPlus/code/new_zkregplus/data/src_sig/spamassasin/../../samples/email/src/maildir/steffes-j/deleted_items/480.
6.4/5.0	/home/xiang/Desktop/NewResearch/Projects/ZkregPlusAll/ZkregPlus/code/new_zkregplus/data/src_sig/spamassasin/../../samples/email/src/maildir/steffes-j/deleted_items/366.
7.5/5.0	/home/xiang/Desktop/NewResearch/Projects/ZkregPlusAll/ZkregPlus/code/new_zkregplus/data/src_sig/spamassasin/../../samples/email/src/maildir/steffes-j/deleted_items/303.
6.1/5.0	/home/xiang/Desktop/NewResearch/Projects/ZkregPlusAll/ZkregPlus/code/new_zkregplus/data/src_sig/spamassasin/../../samples/email/src/maildir/steffes-j/deleted_items/216.
5.7/5.0	/home/xiang/Desktop/NewResearch/Projects/ZkregPlusAll/ZkregPlus/code/new_zkregplus/data/src_sig/spamassasin/../../samples/email/src/maildir/steffes-j/deleted_items/541.
6.0/5.0	/home/xiang/Desktop/NewResearch/Projects/ZkregPlusAll/ZkregPlus/code/new_zkregplus/data/src_sig/spamassasin/../../samples/email/src/maildir/steffes-j/deleted_items/625.
6.4/5.0	/home/xiang/Desktop/NewResearch/Projects/ZkregPlusAll/ZkregPlus/code/new_zkregplus/data/src_sig/spamassasin/../../samples/email/src/maildir/steffes-j/deleted_items/417.
6.0/5.0	/home/xiang/Desktop/NewResearch/Projects/ZkregPlusAll/ZkregPlus/code/new_zkregplus/data/src_sig/spamassasin/../../samples/email/src/maildir/fossum-d/discussion_threads/678.
6.0/5.0	/home/xiang/Desktop/NewResearch/Projects/ZkregPlusAll/ZkregPlus/code/new_zkregplus/data/src_sig/spamassasin/../../samples/email/src/maildir/fossum-d/notes_inbox/135.
6.0/5.0	/home/xiang/Desktop/NewResearch/Projects/ZkregPlusAll/ZkregPlus/code/new_zkregplus/data/src_sig/spamassasin/../../samples/email/src/maildir/fossum-d/all_documents/929.
8.2/5.0	/home/xiang/Desktop/NewResearch/Projects/ZkregPlusAll/ZkregPlus/code/new_zkregplus/data/src_sig/spamassasin/../../samples/email/src/maildir/jones-t/sent_items/236.
5.0/5.0	/home/xiang/Desktop/NewResearch/Projects/ZkregPlusAll/ZkregPlus/code/new_zkregplus/data/src_sig/spamassasin/../../samples/email/src/maildir/jones-t/inbox/415.
8.2/5.0	/home/xiang/Desktop/NewResearch/Projects/ZkregPlusAll/ZkregPlus/code/new_zkregplus/data/src_sig/spamassasin/../../samples/email/src/maildir/jones-t/inbox/551.
7.4/5.0	/home/xiang/Desktop/NewResearch/Projects/ZkregPlusAll/ZkregPlus/code/new_zkregplus/data/src_sig/spamassasin/../../samples/email/src/maildir/jones-t/inbox/167.
8.0/5.0	/home/xiang/Desktop/NewResearch/Projects/ZkregPlusAll/ZkregPlus/code/new_zkregplus/data/src_sig/spamassasin/../../samples/email/src/maildir/jones-t/notes_inbox/866.
8.0/5.0	/home/xiang/Desktop/NewResearch/Projects/ZkregPlusAll/ZkregPlus/code/new_zkregplus/data/src_sig/spamassasin/../../samples/email/src/maildir/jones-t/all_documents/2500.
5.1/5.0	/home/xiang/Desktop/NewResearch/Projects/ZkregPlusAll/ZkregPlus/code/new_zkregplus/data/src_sig/spamassasin/../../samples/email/src/maildir/baughman-d/inbox/248.
5.3/5.0	/home/xiang/Desktop/NewResearch/Projects/ZkregPlusAll/ZkregPlus/code/new_zkregplus/data/src_sig/spamassasin/../../samples/email/src/maildir/baughman-d/inbox/202.
5.3/5.0	/home/xiang/Desktop/NewResearch/Projects/ZkregPlusAll/ZkregPlus/code/new_zkregplus/data/src_sig/spamassasin/../../samples/email/src/maildir/baughman-d/inbox/203.
9.9/5.0	/home/xiang/Desktop/NewResearch/Projects/ZkregPlusAll/ZkregPlus/code/new_zkregplus/data/src_sig/spamassasin/../../samples/email/src/maildir/baughman-d/personal/internet/7.
6.6/5.0	/home/xiang/Desktop/NewResearch/Projects/ZkregPlusAll/ZkregPlus/code/new_zkregplus/data/src_sig/spamassasin/../../samples/email/src/maildir/baughman-d/deleted_items/258.
5.8/5.0	/home/xiang/Desktop/NewResearch/Projects/ZkregPlusAll/ZkregPlus/code/new_zkregplus/data/src_sig/spamassasin/../../samples/email/src/maildir/baughman-d/deleted_items/146.
6.9/5.0	/home/xiang/Desktop/NewResearch/Projects/ZkregPlusAll/ZkregPlus/code/new_zkregplus/data/src_sig/spamassasin/../../samples/email/src/maildir/baughman-d/deleted_items/210.
5.0/5.0	/home/xiang/Desktop/NewResearch/Projects/ZkregPlusAll/ZkregPlus/code/new_zkregplus/data/src_sig/spamassasin/../../samples/email/src/maildir/baughman-d/deleted_items/1.
7.6/5.0	/home/xiang/Desktop/NewResearch/Projects/ZkregPlusAll/ZkregPlus/code/new_zkregplus/data/src_sig/spamassasin/../../samples/email/src/maildir/baughman-d/deleted_items/169.
5.8/5.0	/home/xiang/Desktop/NewResearch/Projects/ZkregPlusAll/ZkregPlus/code/new_zkregplus/data/src_sig/spamassasin/../../samples/email/src/maildir/baughman-d/deleted_items/89.
5.0/5.0	/home/xiang/Desktop/NewResearch/Projects/ZkregPlusAll/ZkregPlus/code/new_zkregplus/data/src_sig/spamassasin/../../samples/email/src/maildir/baughman-d/ect_admin/10.
5.1/5.0	/home/xiang/Desktop/NewResearch/Projects/ZkregPlusAll/ZkregPlus/code/new_zkregplus/data/src_sig/spamassasin/../../samples/email/src/maildir/thomas-p/inbox/18.
7.3/5.0	/home/xiang/Desktop/NewResearch/Projects/ZkregPlusAll/ZkregPlus/code/new_zkregplus/data/src_sig/spamassasin/../../samples/email/src/maildir/thomas-p/inbox/54.
5.5/5.0	/home/xiang/Desktop/NewResearch/Projects/ZkregPlusAll/ZkregPlus/code/new_zkregplus/data/src_sig/spamassasin/../../samples/email/src/maildir/thomas-p/inbox/3.
5.1/5.0	/home/xiang/Desktop/NewResearch/Projects/ZkregPlusAll/ZkregPlus/code/new_zkregplus/data/src_sig/spamassasin/../../samples/email/src/maildir/thomas-p/deleted_items/214.
5.0/5.0	/home/xiang/Desktop/NewResearch/Projects/ZkregPlusAll/ZkregPlus/code/new_zkregplus/data/src_sig/spamassasin/../../samples/email/src/maildir/thomas-p/deleted_items/333.
5.5/5.0	/home/xiang/Desktop/NewResearch/Projects/ZkregPlusAll/ZkregPlus/code/new_zkregplus/data/src_sig/spamassasin/../../samples/email/src/maildir/thomas-p/deleted_items/93.
8.0/5.0	/home/xiang/Desktop/NewResearch/Projects/ZkregPlusAll/ZkregPlus/code/new_zkregplus/data/src_sig/spamassasin/../../samples/email/src/maildir/thomas-p/deleted_items/632.
5.5/5.0	/home/xiang/Desktop/NewResearch/Projects/ZkregPlusAll/ZkregPlus/code/new_zkregplus/data/src_sig/spamassasin/../../samples/email/src/maildir/thomas-p/deleted_items/115.
5.5/5.0	/home/xiang/Desktop/NewResearch/Projects/ZkregPlusAll/ZkregPlus/code/new_zkregplus/data/src_sig/spamassasin/../../samples/email/src/maildir/thomas-p/deleted_items/63.
6.5/5.0	/home/xiang/Desktop/NewResearch/Projects/ZkregPlusAll/ZkregPlus/code/new_zkregplus/data/src_sig/spamassasin/../../samples/email/src/maildir/thomas-p/deleted_items/424.
5.1/5.0	/home/xiang/Desktop/NewResearch/Projects/ZkregPlusAll/ZkregPlus/code/new_zkregplus/data/src_sig/spamassasin/../../samples/email/src/maildir/thomas-p/deleted_items/146.
6.3/5.0	/home/xiang/Desktop/NewResearch/Projects/ZkregPlusAll/ZkregPlus/code/new_zkregplus/data/src_sig/spamassasin/../../samples/email/src/maildir/thomas-p/deleted_items/594.
9.7/5.0	/home/xiang/Desktop/NewResearch/Projects/ZkregPlusAll/ZkregPlus/code/new_zkregplus/data/src_sig/spamassasin/../../samples/email/src/maildir/thomas-p/deleted_items/107.
5.1/5.0	/home/xiang/Desktop/NewResearch/Projects/ZkregPlusAll/ZkregPlus/code/new_zkregplus/data/src_sig/spamassasin/../../samples/email/src/maildir/thomas-p/deleted_items/32.
5.5/5.0	/home/xiang/Desktop/NewResearch/Projects/ZkregPlusAll/ZkregPlus/code/new_zkregplus/data/src_sig/spamassasin/../../samples/email/src/maildir/thomas-p/deleted_items/127.
5.1/5.0	/home/xiang/Desktop/NewResearch/Projects/ZkregPlusAll/ZkregPlus/code/new_zkregplus/data/src_sig/spamassasin/../../samples/email/src/maildir/thomas-p/deleted_items/373.
5.3/5.0	/home/xiang/Desktop/NewResearch/Projects/ZkregPlusAll/ZkregPlus/code/new_zkregplus/data/src_sig/spamassasin/../../samples/email/src/maildir/arora-h/discussion_threads/39.
5.3/5.0	/home/xiang/Desktop/NewResearch/Projects/ZkregPlusAll/ZkregPlus/code/new_zkregplus/data/src_sig/spamassasin/../../samples/email/src/maildir/arora-h/savedmail/13.
5.3/5.0	/home/xiang/Desktop/NewResearch/Projects/ZkregPlusAll/ZkregPlus/code/new_zkregplus/data/src_sig/spamassasin/../../samples/email/src/maildir/arora-h/all_documents/41.
6.0/5.0	/home/xiang/Desktop/NewResearch/Projects/ZkregPlusAll/ZkregPlus/code/new_zkregplus/data/src_sig/spamassasin/../../samples/email/src/maildir/gang-l/deleted_items/481.
5.4/5.0	/home/xiang/Desktop/NewResearch/Projects/ZkregPlusAll/ZkregPlus/code/new_zkregplus/data/src_sig/spamassasin/../../samples/email/src/maildir/whalley-l/discussion_threads/654.
5.1/5.0	/home/xiang/Desktop/NewResearch/Projects/ZkregPlusAll/ZkregPlus/code/new_zkregplus/data/src_sig/spamassasin/../../samples/email/src/maildir/whalley-l/discussion_threads/146.
5.4/5.0	/home/xiang/Desktop/NewResearch/Projects/ZkregPlusAll/ZkregPlus/code/new_zkregplus/data/src_sig/spamassasin/../../samples/email/src/maildir/whalley-l/notes_inbox/178.
5.4/5.0	/home/xiang/Desktop/NewResearch/Projects/ZkregPlusAll/ZkregPlus/code/new_zkregplus/data/src_sig/spamassasin/../../samples/email/src/maildir/whalley-l/all_documents/516.
5.1/5.0	/home/xiang/Desktop/NewResearch/Projects/ZkregPlusAll/ZkregPlus/code/new_zkregplus/data/src_sig/spamassasin/../../samples/email/src/maildir/whalley-l/all_documents/153.
5.1/5.0	/home/xiang/Desktop/NewResearch/Projects/ZkregPlusAll/ZkregPlus/code/new_zkregplus/data/src_sig/spamassasin/../../samples/email/src/maildir/whalley-l/connect_deletes/80.
5.5/5.0	/home/xiang/Desktop/NewResearch/Projects/ZkregPlusAll/ZkregPlus/code/new_zkregplus/data/src_sig/spamassasin/../../samples/email/src/maildir/giron-d/sent_items/200.
5.0/5.0	/home/xiang/Desktop/NewResearch/Projects/ZkregPlusAll/ZkregPlus/code/new_zkregplus/data/src_sig/spamassasin/../../samples/email/src/maildir/giron-d/deleted_items/187.
5.5/5.0	/home/xiang/Desktop/NewResearch/Projects/ZkregPlusAll/ZkregPlus/code/new_zkregplus/data/src_sig/spamassasin/../../samples/email/src/maildir/giron-d/deleted_items/336.
5.5/5.0	/home/xiang/Desktop/NewResearch/Projects/ZkregPlusAll/ZkregPlus/code/new_zkregplus/data/src_sig/spamassasin/../../samples/email/src/maildir/shankman-j/discussion_threads/490.
5.5/5.0	/home/xiang/Desktop/NewResearch/Projects/ZkregPlusAll/ZkregPlus/code/new_zkregplus/data/src_sig/spamassasin/../../samples/email/src/maildir/shankman-j/discussion_threads/491.
5.5/5.0	/home/xiang/Desktop/NewResearch/Projects/ZkregPlusAll/ZkregPlus/code/new_zkregplus/data/src_sig/spamassasin/../../samples/email/src/maildir/shankman-j/discussion_threads/494.
10.9/5.0	/home/xiang/Desktop/NewResearch/Projects/ZkregPlusAll/ZkregPlus/code/new_zkregplus/data/src_sig/spamassasin/../../samples/email/src/maildir/shankman-j/inbox/8.
5.5/5.0	/home/xiang/Desktop/NewResearch/Projects/ZkregPlusAll/ZkregPlus/code/new_zkregplus/data/src_sig/spamassasin/../../samples/email/src/maildir/shankman-j/sent/97.
5.5/5.0	/home/xiang/Desktop/NewResearch/Projects/ZkregPlusAll/ZkregPlus/code/new_zkregplus/data/src_sig/spamassasin/../../samples/email/src/maildir/shankman-j/sent/94.
5.5/5.0	/home/xiang/Desktop/NewResearch/Projects/ZkregPlusAll/ZkregPlus/code/new_zkregplus/data/src_sig/spamassasin/../../samples/email/src/maildir/shankman-j/sent/98.
5.0/5.0	/home/xiang/Desktop/NewResearch/Projects/ZkregPlusAll/ZkregPlus/code/new_zkregplus/data/src_sig/spamassasin/../../samples/email/src/maildir/shankman-j/deleted_items/816.
5.7/5.0	/home/xiang/Desktop/NewResearch/Projects/ZkregPlusAll/ZkregPlus/code/new_zkregplus/data/src_sig/spamassasin/../../samples/email/src/maildir/shankman-j/deleted_items/689.
5.7/5.0	/home/xiang/Desktop/NewResearch/Projects/ZkregPlusAll/ZkregPlus/code/new_zkregplus/data/src_sig/spamassasin/../../samples/email/src/maildir/shankman-j/deleted_items/54.
6.0/5.0	/home/xiang/Desktop/NewResearch/Projects/ZkregPlusAll/ZkregPlus/code/new_zkregplus/data/src_sig/spamassasin/../../samples/email/src/maildir/shankman-j/deleted_items/745.
6.0/5.0	/home/xiang/Desktop/NewResearch/Projects/ZkregPlusAll/ZkregPlus/code/new_zkregplus/data/src_sig/spamassasin/../../samples/email/src/maildir/shankman-j/deleted_items/782.
5.3/5.0	/home/xiang/Desktop/NewResearch/Projects/ZkregPlusAll/ZkregPlus/code/new_zkregplus/data/src_sig/spamassasin/../../samples/email/src/maildir/shankman-j/deleted_items/82.
6.4/5.0	/home/xiang/Desktop/NewResearch/Projects/ZkregPlusAll/ZkregPlus/code/new_zkregplus/data/src_sig/spamassasin/../../samples/email/src/maildir/shankman-j/deleted_items/38.
10.3/5.0	/home/xiang/Desktop/NewResearch/Projects/ZkregPlusAll/ZkregPlus/code/new_zkregplus/data/src_sig/spamassasin/../../samples/email/src/maildir/shankman-j/deleted_items/830.
9.0/5.0	/home/xiang/Desktop/NewResearch/Projects/ZkregPlusAll/ZkregPlus/code/new_zkregplus/data/src_sig/spamassasin/../../samples/email/src/maildir/shankman-j/deleted_items/688.
5.3/5.0	/home/xiang/Desktop/NewResearch/Projects/ZkregPlusAll/ZkregPlus/code/new_zkregplus/data/src_sig/spamassasin/../../samples/email/src/maildir/shankman-j/deleted_items/646.
6.4/5.0	/home/xiang/Desktop/NewResearch/Projects/ZkregPlusAll/ZkregPlus/code/new_zkregplus/data/src_sig/spamassasin/../../samples/email/src/maildir/shankman-j/deleted_items/76.
5.5/5.0	/home/xiang/Desktop/NewResearch/Projects/ZkregPlusAll/ZkregPlus/code/new_zkregplus/data/src_sig/spamassasin/../../samples/email/src/maildir/shankman-j/all_documents/156.
5.5/5.0	/home/xiang/Desktop/NewResearch/Projects/ZkregPlusAll/ZkregPlus/code/new_zkregplus/data/src_sig/spamassasin/../../samples/email/src/maildir/shankman-j/all_documents/157.
5.5/5.0	/home/xiang/Desktop/NewResearch/Projects/ZkregPlusAll/ZkregPlus/code/new_zkregplus/data/src_sig/spamassasin/../../samples/email/src/maildir/shankman-j/all_documents/152.
5.1/5.0	/home/xiang/Desktop/NewResearch/Projects/ZkregPlusAll/ZkregPlus/code/new_zkregplus/data/src_sig/spamassasin/../../samples/email/src/maildir/hain-m/discussion_threads/1055.
5.1/5.0	/home/xiang/Desktop/NewResearch/Projects/ZkregPlusAll/ZkregPlus/code/new_zkregplus/data/src_sig/spamassasin/../../samples/email/src/maildir/hain-m/discussion_threads/878.
10.7/5.0	/home/xiang/Desktop/NewResearch/Projects/ZkregPlusAll/ZkregPlus/code/new_zkregplus/data/src_sig/spamassasin/../../samples/email/src/maildir/hain-m/discussion_threads/677.
5.1/5.0	/home/xiang/Desktop/NewResearch/Projects/ZkregPlusAll/ZkregPlus/code/new_zkregplus/data/src_sig/spamassasin/../../samples/email/src/maildir/hain-m/discussion_threads/849.
6.0/5.0	/home/xiang/Desktop/NewResearch/Projects/ZkregPlusAll/ZkregPlus/code/new_zkregplus/data/src_sig/spamassasin/../../samples/email/src/maildir/hain-m/discussion_threads/713.
6.0/5.0	/home/xiang/Desktop/NewResearch/Projects/ZkregPlusAll/ZkregPlus/code/new_zkregplus/data/src_sig/spamassasin/../../samples/email/src/maildir/hain-m/discussion_threads/877.
5.1/5.0	/home/xiang/Desktop/NewResearch/Projects/ZkregPlusAll/ZkregPlus/code/new_zkregplus/data/src_sig/spamassasin/../../samples/email/src/maildir/hain-m/discussion_threads/508.
5.7/5.0	/home/xiang/Desktop/NewResearch/Projects/ZkregPlusAll/ZkregPlus/code/new_zkregplus/data/src_sig/spamassasin/../../samples/email/src/maildir/hain-m/discussion_threads/850.
5.1/5.0	/home/xiang/Desktop/NewResearch/Projects/ZkregPlusAll/ZkregPlus/code/new_zkregplus/data/src_sig/spamassasin/../../samples/email/src/maildir/hain-m/_sent_mail/56.
5.7/5.0	/home/xiang/Desktop/NewResearch/Projects/ZkregPlusAll/ZkregPlus/code/new_zkregplus/data/src_sig/spamassasin/../../samples/email/src/maildir/hain-m/notes_inbox/384.
10.7/5.0	/home/xiang/Desktop/NewResearch/Projects/ZkregPlusAll/ZkregPlus/code/new_zkregplus/data/src_sig/spamassasin/../../samples/email/src/maildir/hain-m/notes_inbox/502.
5.1/5.0	/home/xiang/Desktop/NewResearch/Projects/ZkregPlusAll/ZkregPlus/code/new_zkregplus/data/src_sig/spamassasin/../../samples/email/src/maildir/hain-m/notes_inbox/650.
6.0/5.0	/home/xiang/Desktop/NewResearch/Projects/ZkregPlusAll/ZkregPlus/code/new_zkregplus/data/src_sig/spamassasin/../../samples/email/src/maildir/hain-m/notes_inbox/366.
5.1/5.0	/home/xiang/Desktop/NewResearch/Projects/ZkregPlusAll/ZkregPlus/code/new_zkregplus/data/src_sig/spamassasin/../../samples/email/src/maildir/hain-m/notes_inbox/185.
5.1/5.0	/home/xiang/Desktop/NewResearch/Projects/ZkregPlusAll/ZkregPlus/code/new_zkregplus/data/src_sig/spamassasin/../../samples/email/src/maildir/hain-m/notes_inbox/385.
5.7/5.0	/home/xiang/Desktop/NewResearch/Projects/ZkregPlusAll/ZkregPlus/code/new_zkregplus/data/src_sig/spamassasin/../../samples/email/src/maildir/hain-m/all_documents/442.
6.0/5.0	/home/xiang/Desktop/NewResearch/Projects/ZkregPlusAll/ZkregPlus/code/new_zkregplus/data/src_sig/spamassasin/../../samples/email/src/maildir/hain-m/notes_inbox/465.
5.1/5.0	/home/xiang/Desktop/NewResearch/Projects/ZkregPlusAll/ZkregPlus/code/new_zkregplus/data/src_sig/spamassasin/../../samples/email/src/maildir/hain-m/all_documents/761.
6.0/5.0	/home/xiang/Desktop/NewResearch/Projects/ZkregPlusAll/ZkregPlus/code/new_zkregplus/data/src_sig/spamassasin/../../samples/email/src/maildir/hain-m/all_documents/424.
5.1/5.0	/home/xiang/Desktop/NewResearch/Projects/ZkregPlusAll/ZkregPlus/code/new_zkregplus/data/src_sig/spamassasin/../../samples/email/src/maildir/hain-m/all_documents/443.
6.0/5.0	/home/xiang/Desktop/NewResearch/Projects/ZkregPlusAll/ZkregPlus/code/new_zkregplus/data/src_sig/spamassasin/../../samples/email/src/maildir/hain-m/all_documents/570.
5.1/5.0	/home/xiang/Desktop/NewResearch/Projects/ZkregPlusAll/ZkregPlus/code/new_zkregplus/data/src_sig/spamassasin/../../samples/email/src/maildir/hain-m/all_documents/418.
10.7/5.0	/home/xiang/Desktop/NewResearch/Projects/ZkregPlusAll/ZkregPlus/code/new_zkregplus/data/src_sig/spamassasin/../../samples/email/src/maildir/hain-m/all_documents/607.
5.1/5.0	/home/xiang/Desktop/NewResearch/Projects/ZkregPlusAll/ZkregPlus/code/new_zkregplus/data/src_sig/spamassasin/../../samples/email/src/maildir/hain-m/all_documents/185.
5.0/5.0	/home/xiang/Desktop/NewResearch/Projects/ZkregPlusAll/ZkregPlus/code/new_zkregplus/data/src_sig/spamassasin/../../samples/email/src/maildir/maggi-m/inbox/58.
5.7/5.0	/home/xiang/Desktop/NewResearch/Projects/ZkregPlusAll/ZkregPlus/code/new_zkregplus/data/src_sig/spamassasin/../../samples/email/src/maildir/maggi-m/deleted_items/689.
8.2/5.0	/home/xiang/Desktop/NewResearch/Projects/ZkregPlusAll/ZkregPlus/code/new_zkregplus/data/src_sig/spamassasin/../../samples/email/src/maildir/maggi-m/deleted_items/707.
5.0/5.0	/home/xiang/Desktop/NewResearch/Projects/ZkregPlusAll/ZkregPlus/code/new_zkregplus/data/src_sig/spamassasin/../../samples/email/src/maildir/donoho-l/inbox/69.
5.0/5.0	/home/xiang/Desktop/NewResearch/Projects/ZkregPlusAll/ZkregPlus/code/new_zkregplus/data/src_sig/spamassasin/../../samples/email/src/maildir/hodge-j/inbox/272.
5.7/5.0	/home/xiang/Desktop/NewResearch/Projects/ZkregPlusAll/ZkregPlus/code/new_zkregplus/data/src_sig/spamassasin/../../samples/email/src/maildir/hodge-j/inbox/133.
5.7/5.0	/home/xiang/Desktop/NewResearch/Projects/ZkregPlusAll/ZkregPlus/code/new_zkregplus/data/src_sig/spamassasin/../../samples/email/src/maildir/hodge-j/deleted_items/29.
5.3/5.0	/home/xiang/Desktop/NewResearch/Projects/ZkregPlusAll/ZkregPlus/code/new_zkregplus/data/src_sig/spamassasin/../../samples/email/src/maildir/hodge-j/deleted_items/221.
5.3/5.0	/home/xiang/Desktop/NewResearch/Projects/ZkregPlusAll/ZkregPlus/code/new_zkregplus/data/src_sig/spamassasin/../../samples/email/src/maildir/geaccone-t/deleted_items/78.
5.7/5.0	/home/xiang/Desktop/NewResearch/Projects/ZkregPlusAll/ZkregPlus/code/new_zkregplus/data/src_sig/spamassasin/../../samples/email/src/maildir/cuilla-m/deleted_items/431.
12.0/5.0	/home/xiang/Desktop/NewResearch/Projects/ZkregPlusAll/ZkregPlus/code/new_zkregplus/data/src_sig/spamassasin/../../samples/email/src/maildir/cuilla-m/deleted_items/434.
8.2/5.0	/home/xiang/Desktop/NewResearch/Projects/ZkregPlusAll/ZkregPlus/code/new_zkregplus/data/src_sig/spamassasin/../../samples/email/src/maildir/cuilla-m/deleted_items/197.
8.1/5.0	/home/xiang/Desktop/NewResearch/Projects/ZkregPlusAll/ZkregPlus/code/new_zkregplus/data/src_sig/spamassasin/../../samples/email/src/maildir/cuilla-m/deleted_items/428.
5.0/5.0	/home/xiang/Desktop/NewResearch/Projects/ZkregPlusAll/ZkregPlus/code/new_zkregplus/data/src_sig/spamassasin/../../samples/email/src/maildir/cuilla-m/deleted_items/366.
8.0/5.0	/home/xiang/Desktop/NewResearch/Projects/ZkregPlusAll/ZkregPlus/code/new_zkregplus/data/src_sig/spamassasin/../../samples/email/src/maildir/cuilla-m/deleted_items/106.
8.0/5.0	/home/xiang/Desktop/NewResearch/Projects/ZkregPlusAll/ZkregPlus/code/new_zkregplus/data/src_sig/spamassasin/../../samples/email/src/maildir/cuilla-m/deleted_items/401.
5.7/5.0	/home/xiang/Desktop/NewResearch/Projects/ZkregPlusAll/ZkregPlus/code/new_zkregplus/data/src_sig/spamassasin/../../samples/email/src/maildir/cuilla-m/deleted_items/448.
5.7/5.0	/home/xiang/Desktop/NewResearch/Projects/ZkregPlusAll/ZkregPlus/code/new_zkregplus/data/src_sig/spamassasin/../../samples/email/src/maildir/cuilla-m/deleted_items/177.
5.0/5.0	/home/xiang/Desktop/NewResearch/Projects/ZkregPlusAll/ZkregPlus/code/new_zkregplus/data/src_sig/spamassasin/../../samples/email/src/maildir/cuilla-m/deleted_items/47.
5.7/5.0	/home/xiang/Desktop/NewResearch/Projects/ZkregPlusAll/ZkregPlus/code/new_zkregplus/data/src_sig/spamassasin/../../samples/email/src/maildir/cuilla-m/deleted_items/66.
5.3/5.0	/home/xiang/Desktop/NewResearch/Projects/ZkregPlusAll/ZkregPlus/code/new_zkregplus/data/src_sig/spamassasin/../../samples/email/src/maildir/horton-s/_sent_mail/230.
5.3/5.0	/home/xiang/Desktop/NewResearch/Projects/ZkregPlusAll/ZkregPlus/code/new_zkregplus/data/src_sig/spamassasin/../../samples/email/src/maildir/horton-s/sent/162.
5.3/5.0	/home/xiang/Desktop/NewResearch/Projects/ZkregPlusAll/ZkregPlus/code/new_zkregplus/data/src_sig/spamassasin/../../samples/email/src/maildir/horton-s/all_documents/592.
5.1/5.0	/home/xiang/Desktop/NewResearch/Projects/ZkregPlusAll/ZkregPlus/code/new_zkregplus/data/src_sig/spamassasin/../../samples/email/src/maildir/dean-c/discussion_threads/269.
5.0/5.0	/home/xiang/Desktop/NewResearch/Projects/ZkregPlusAll/ZkregPlus/code/new_zkregplus/data/src_sig/spamassasin/../../samples/email/src/maildir/dean-c/inbox/196.
5.0/5.0	/home/xiang/Desktop/NewResearch/Projects/ZkregPlusAll/ZkregPlus/code/new_zkregplus/data/src_sig/spamassasin/../../samples/email/src/maildir/dean-c/deleted_items/213.
5.1/5.0	/home/xiang/Desktop/NewResearch/Projects/ZkregPlusAll/ZkregPlus/code/new_zkregplus/data/src_sig/spamassasin/../../samples/email/src/maildir/dean-c/deleted_items/374.
5.1/5.0	/home/xiang/Desktop/NewResearch/Projects/ZkregPlusAll/ZkregPlus/code/new_zkregplus/data/src_sig/spamassasin/../../samples/email/src/maildir/dean-c/notes_inbox/149.
5.1/5.0	/home/xiang/Desktop/NewResearch/Projects/ZkregPlusAll/ZkregPlus/code/new_zkregplus/data/src_sig/spamassasin/../../samples/email/src/maildir/dean-c/all_documents/273.
5.7/5.0	/home/xiang/Desktop/NewResearch/Projects/ZkregPlusAll/ZkregPlus/code/new_zkregplus/data/src_sig/spamassasin/../../samples/email/src/maildir/may-l/inbox/628.
5.0/5.0	/home/xiang/Desktop/NewResearch/Projects/ZkregPlusAll/ZkregPlus/code/new_zkregplus/data/src_sig/spamassasin/../../samples/email/src/maildir/may-l/inbox/855.
7.4/5.0	/home/xiang/Desktop/NewResearch/Projects/ZkregPlusAll/ZkregPlus/code/new_zkregplus/data/src_sig/spamassasin/../../samples/email/src/maildir/may-l/inbox/968.
5.7/5.0	/home/xiang/Desktop/NewResearch/Projects/ZkregPlusAll/ZkregPlus/code/new_zkregplus/data/src_sig/spamassasin/../../samples/email/src/maildir/may-l/inbox/708.
12.7/5.0	/home/xiang/Desktop/NewResearch/Projects/ZkregPlusAll/ZkregPlus/code/new_zkregplus/data/src_sig/spamassasin/../../samples/email/src/maildir/may-l/inbox/991.
12.7/5.0	/home/xiang/Desktop/NewResearch/Projects/ZkregPlusAll/ZkregPlus/code/new_zkregplus/data/src_sig/spamassasin/../../samples/email/src/maildir/zipper-a/sent_items/275.
5.1/5.0	/home/xiang/Desktop/NewResearch/Projects/ZkregPlusAll/ZkregPlus/code/new_zkregplus/data/src_sig/spamassasin/../../samples/email/src/maildir/kaminski-v/poland/3.
5.2/5.0	/home/xiang/Desktop/NewResearch/Projects/ZkregPlusAll/ZkregPlus/code/new_zkregplus/data/src_sig/spamassasin/../../samples/email/src/maildir/kaminski-v/sent_items/2355.
5.1/5.0	/home/xiang/Desktop/NewResearch/Projects/ZkregPlusAll/ZkregPlus/code/new_zkregplus/data/src_sig/spamassasin/../../samples/email/src/maildir/kaminski-v/discussion_threads/5361.
5.8/5.0	/home/xiang/Desktop/NewResearch/Projects/ZkregPlusAll/ZkregPlus/code/new_zkregplus/data/src_sig/spamassasin/../../samples/email/src/maildir/kaminski-v/discussion_threads/8102.
9.0/5.0	/home/xiang/Desktop/NewResearch/Projects/ZkregPlusAll/ZkregPlus/code/new_zkregplus/data/src_sig/spamassasin/../../samples/email/src/maildir/kaminski-v/discussion_threads/2413.
5.1/5.0	/home/xiang/Desktop/NewResearch/Projects/ZkregPlusAll/ZkregPlus/code/new_zkregplus/data/src_sig/spamassasin/../../samples/email/src/maildir/kaminski-v/discussion_threads/2290.
7.1/5.0	/home/xiang/Desktop/NewResearch/Projects/ZkregPlusAll/ZkregPlus/code/new_zkregplus/data/src_sig/spamassasin/../../samples/email/src/maildir/kaminski-v/discussion_threads/2595.
6.0/5.0	/home/xiang/Desktop/NewResearch/Projects/ZkregPlusAll/ZkregPlus/code/new_zkregplus/data/src_sig/spamassasin/../../samples/email/src/maildir/kaminski-v/discussion_threads/3935.
5.8/5.0	/home/xiang/Desktop/NewResearch/Projects/ZkregPlusAll/ZkregPlus/code/new_zkregplus/data/src_sig/spamassasin/../../samples/email/src/maildir/kaminski-v/discussion_threads/8138.
5.1/5.0	/home/xiang/Desktop/NewResearch/Projects/ZkregPlusAll/ZkregPlus/code/new_zkregplus/data/src_sig/spamassasin/../../samples/email/src/maildir/kaminski-v/discussion_threads/5362.
5.7/5.0	/home/xiang/Desktop/NewResearch/Projects/ZkregPlusAll/ZkregPlus/code/new_zkregplus/data/src_sig/spamassasin/../../samples/email/src/maildir/kaminski-v/c/mangmt/ene_ect/1.
5.7/5.0	/home/xiang/Desktop/NewResearch/Projects/ZkregPlusAll/ZkregPlus/code/new_zkregplus/data/src_sig/spamassasin/../../samples/email/src/maildir/kaminski-v/inbox/240.
5.1/5.0	/home/xiang/Desktop/NewResearch/Projects/ZkregPlusAll/ZkregPlus/code/new_zkregplus/data/src_sig/spamassasin/../../samples/email/src/maildir/kaminski-v/_sent_mail/4163.
5.8/5.0	/home/xiang/Desktop/NewResearch/Projects/ZkregPlusAll/ZkregPlus/code/new_zkregplus/data/src_sig/spamassasin/../../samples/email/src/maildir/kaminski-v/_sent_mail/990.
6.2/5.0	/home/xiang/Desktop/NewResearch/Projects/ZkregPlusAll/ZkregPlus/code/new_zkregplus/data/src_sig/spamassasin/../../samples/email/src/maildir/kaminski-v/_sent_mail/1307.
7.1/5.0	/home/xiang/Desktop/NewResearch/Projects/ZkregPlusAll/ZkregPlus/code/new_zkregplus/data/src_sig/spamassasin/../../samples/email/src/maildir/kaminski-v/_sent_mail/1010.
5.2/5.0	/home/xiang/Desktop/NewResearch/Projects/ZkregPlusAll/ZkregPlus/code/new_zkregplus/data/src_sig/spamassasin/../../samples/email/src/maildir/kaminski-v/_sent_mail/1280.
5.1/5.0	/home/xiang/Desktop/NewResearch/Projects/ZkregPlusAll/ZkregPlus/code/new_zkregplus/data/src_sig/spamassasin/../../samples/email/src/maildir/kaminski-v/_sent_mail/1190.
9.0/5.0	/home/xiang/Desktop/NewResearch/Projects/ZkregPlusAll/ZkregPlus/code/new_zkregplus/data/src_sig/spamassasin/../../samples/email/src/maildir/kaminski-v/_sent_mail/1116.
9.0/5.0	/home/xiang/Desktop/NewResearch/Projects/ZkregPlusAll/ZkregPlus/code/new_zkregplus/data/src_sig/spamassasin/../../samples/email/src/maildir/kaminski-v/personal/97.
5.1/5.0	/home/xiang/Desktop/NewResearch/Projects/ZkregPlusAll/ZkregPlus/code/new_zkregplus/data/src_sig/spamassasin/../../samples/email/src/maildir/kaminski-v/sent/4162.
6.2/5.0	/home/xiang/Desktop/NewResearch/Projects/ZkregPlusAll/ZkregPlus/code/new_zkregplus/data/src_sig/spamassasin/../../samples/email/src/maildir/kaminski-v/sent/1306.
5.1/5.0	/home/xiang/Desktop/NewResearch/Projects/ZkregPlusAll/ZkregPlus/code/new_zkregplus/data/src_sig/spamassasin/../../samples/email/src/maildir/kaminski-v/sent/1189.
7.1/5.0	/home/xiang/Desktop/NewResearch/Projects/ZkregPlusAll/ZkregPlus/code/new_zkregplus/data/src_sig/spamassasin/../../samples/email/src/maildir/kaminski-v/sent/1009.
5.8/5.0	/home/xiang/Desktop/NewResearch/Projects/ZkregPlusAll/ZkregPlus/code/new_zkregplus/data/src_sig/spamassasin/../../samples/email/src/maildir/kaminski-v/sent/989.
9.0/5.0	/home/xiang/Desktop/NewResearch/Projects/ZkregPlusAll/ZkregPlus/code/new_zkregplus/data/src_sig/spamassasin/../../samples/email/src/maildir/kaminski-v/sent/1115.
5.2/5.0	/home/xiang/Desktop/NewResearch/Projects/ZkregPlusAll/ZkregPlus/code/new_zkregplus/data/src_sig/spamassasin/../../samples/email/src/maildir/kaminski-v/sent/1279.
6.5/5.0	/home/xiang/Desktop/NewResearch/Projects/ZkregPlusAll/ZkregPlus/code/new_zkregplus/data/src_sig/spamassasin/../../samples/email/src/maildir/kaminski-v/deleted_items/1075.
5.4/5.0	/home/xiang/Desktop/NewResearch/Projects/ZkregPlusAll/ZkregPlus/code/new_zkregplus/data/src_sig/spamassasin/../../samples/email/src/maildir/kaminski-v/deleted_items/2221.
11.8/5.0	/home/xiang/Desktop/NewResearch/Projects/ZkregPlusAll/ZkregPlus/code/new_zkregplus/data/src_sig/spamassasin/../../samples/email/src/maildir/kaminski-v/deleted_items/2098.
13.8/5.0	/home/xiang/Desktop/NewResearch/Projects/ZkregPlusAll/ZkregPlus/code/new_zkregplus/data/src_sig/spamassasin/../../samples/email/src/maildir/kaminski-v/deleted_items/223.
6.3/5.0	/home/xiang/Desktop/NewResearch/Projects/ZkregPlusAll/ZkregPlus/code/new_zkregplus/data/src_sig/spamassasin/../../samples/email/src/maildir/kaminski-v/deleted_items/330.
8.1/5.0	/home/xiang/Desktop/NewResearch/Projects/ZkregPlusAll/ZkregPlus/code/new_zkregplus/data/src_sig/spamassasin/../../samples/email/src/maildir/kaminski-v/deleted_items/1341.
5.5/5.0	/home/xiang/Desktop/NewResearch/Projects/ZkregPlusAll/ZkregPlus/code/new_zkregplus/data/src_sig/spamassasin/../../samples/email/src/maildir/kaminski-v/deleted_items/693.
5.5/5.0	/home/xiang/Desktop/NewResearch/Projects/ZkregPlusAll/ZkregPlus/code/new_zkregplus/data/src_sig/spamassasin/../../samples/email/src/maildir/kaminski-v/deleted_items/606.
9.3/5.0	/home/xiang/Desktop/NewResearch/Projects/ZkregPlusAll/ZkregPlus/code/new_zkregplus/data/src_sig/spamassasin/../../samples/email/src/maildir/kaminski-v/deleted_items/726.
5.4/5.0	/home/xiang/Desktop/NewResearch/Projects/ZkregPlusAll/ZkregPlus/code/new_zkregplus/data/src_sig/spamassasin/../../samples/email/src/maildir/kaminski-v/deleted_items/1804.
8.9/5.0	/home/xiang/Desktop/NewResearch/Projects/ZkregPlusAll/ZkregPlus/code/new_zkregplus/data/src_sig/spamassasin/../../samples/email/src/maildir/kaminski-v/deleted_items/616.
5.3/5.0	/home/xiang/Desktop/NewResearch/Projects/ZkregPlusAll/ZkregPlus/code/new_zkregplus/data/src_sig/spamassasin/../../samples/email/src/maildir/kaminski-v/deleted_items/57.
9.3/5.0	/home/xiang/Desktop/NewResearch/Projects/ZkregPlusAll/ZkregPlus/code/new_zkregplus/data/src_sig/spamassasin/../../samples/email/src/maildir/kaminski-v/deleted_items/1060.
5.8/5.0	/home/xiang/Desktop/NewResearch/Projects/ZkregPlusAll/ZkregPlus/code/new_zkregplus/data/src_sig/spamassasin/../../samples/email/src/maildir/kaminski-v/deleted_items/462.
12.9/5.0	/home/xiang/Desktop/NewResearch/Projects/ZkregPlusAll/ZkregPlus/code/new_zkregplus/data/src_sig/spamassasin/../../samples/email/src/maildir/kaminski-v/deleted_items/315.
6.3/5.0	/home/xiang/Desktop/NewResearch/Projects/ZkregPlusAll/ZkregPlus/code/new_zkregplus/data/src_sig/spamassasin/../../samples/email/src/maildir/kaminski-v/deleted_items/311.
6.0/5.0	/home/xiang/Desktop/NewResearch/Projects/ZkregPlusAll/ZkregPlus/code/new_zkregplus/data/src_sig/spamassasin/../../samples/email/src/maildir/kaminski-v/deleted_items/346.
8.3/5.0	/home/xiang/Desktop/NewResearch/Projects/ZkregPlusAll/ZkregPlus/code/new_zkregplus/data/src_sig/spamassasin/../../samples/email/src/maildir/kaminski-v/deleted_items/566.
13.8/5.0	/home/xiang/Desktop/NewResearch/Projects/ZkregPlusAll/ZkregPlus/code/new_zkregplus/data/src_sig/spamassasin/../../samples/email/src/maildir/kaminski-v/deleted_items/899.
7.1/5.0	/home/xiang/Desktop/NewResearch/Projects/ZkregPlusAll/ZkregPlus/code/new_zkregplus/data/src_sig/spamassasin/../../samples/email/src/maildir/kaminski-v/deleted_items/2338.
7.3/5.0	/home/xiang/Desktop/NewResearch/Projects/ZkregPlusAll/ZkregPlus/code/new_zkregplus/data/src_sig/spamassasin/../../samples/email/src/maildir/kaminski-v/deleted_items/1803.
9.2/5.0	/home/xiang/Desktop/NewResearch/Projects/ZkregPlusAll/ZkregPlus/code/new_zkregplus/data/src_sig/spamassasin/../../samples/email/src/maildir/kaminski-v/deleted_items/1899.
7.2/5.0	/home/xiang/Desktop/NewResearch/Projects/ZkregPlusAll/ZkregPlus/code/new_zkregplus/data/src_sig/spamassasin/../../samples/email/src/maildir/kaminski-v/deleted_items/926.
5.7/5.0	/home/xiang/Desktop/NewResearch/Projects/ZkregPlusAll/ZkregPlus/code/new_zkregplus/data/src_sig/spamassasin/../../samples/email/src/maildir/kaminski-v/deleted_items/1439.
7.2/5.0	/home/xiang/Desktop/NewResearch/Projects/ZkregPlusAll/ZkregPlus/code/new_zkregplus/data/src_sig/spamassasin/../../samples/email/src/maildir/kaminski-v/deleted_items/906.
5.8/5.0	/home/xiang/Desktop/NewResearch/Projects/ZkregPlusAll/ZkregPlus/code/new_zkregplus/data/src_sig/spamassasin/../../samples/email/src/maildir/kaminski-v/deleted_items/1730.
5.5/5.0	/home/xiang/Desktop/NewResearch/Projects/ZkregPlusAll/ZkregPlus/code/new_zkregplus/data/src_sig/spamassasin/../../samples/email/src/maildir/kaminski-v/deleted_items/653.
5.1/5.0	/home/xiang/Desktop/NewResearch/Projects/ZkregPlusAll/ZkregPlus/code/new_zkregplus/data/src_sig/spamassasin/../../samples/email/src/maildir/kaminski-v/deleted_items/95.
5.7/5.0	/home/xiang/Desktop/NewResearch/Projects/ZkregPlusAll/ZkregPlus/code/new_zkregplus/data/src_sig/spamassasin/../../samples/email/src/maildir/kaminski-v/deleted_items/2315.
7.0/5.0	/home/xiang/Desktop/NewResearch/Projects/ZkregPlusAll/ZkregPlus/code/new_zkregplus/data/src_sig/spamassasin/../../samples/email/src/maildir/kaminski-v/deleted_items/755.
5.2/5.0	/home/xiang/Desktop/NewResearch/Projects/ZkregPlusAll/ZkregPlus/code/new_zkregplus/data/src_sig/spamassasin/../../samples/email/src/maildir/kaminski-v/deleted_items/433.
5.1/5.0	/home/xiang/Desktop/NewResearch/Projects/ZkregPlusAll/ZkregPlus/code/new_zkregplus/data/src_sig/spamassasin/../../samples/email/src/maildir/kaminski-v/deleted_items/103.
5.5/5.0	/home/xiang/Desktop/NewResearch/Projects/ZkregPlusAll/ZkregPlus/code/new_zkregplus/data/src_sig/spamassasin/../../samples/email/src/maildir/kaminski-v/deleted_items/1052.
11.6/5.0	/home/xiang/Desktop/NewResearch/Projects/ZkregPlusAll/ZkregPlus/code/new_zkregplus/data/src_sig/spamassasin/../../samples/email/src/maildir/kaminski-v/deleted_items/652.
7.5/5.0	/home/xiang/Desktop/NewResearch/Projects/ZkregPlusAll/ZkregPlus/code/new_zkregplus/data/src_sig/spamassasin/../../samples/email/src/maildir/kaminski-v/deleted_items/1737.
7.6/5.0	/home/xiang/Desktop/NewResearch/Projects/ZkregPlusAll/ZkregPlus/code/new_zkregplus/data/src_sig/spamassasin/../../samples/email/src/maildir/kaminski-v/deleted_items/558.
6.1/5.0	/home/xiang/Desktop/NewResearch/Projects/ZkregPlusAll/ZkregPlus/code/new_zkregplus/data/src_sig/spamassasin/../../samples/email/src/maildir/kaminski-v/deleted_items/2274.
8.2/5.0	/home/xiang/Desktop/NewResearch/Projects/ZkregPlusAll/ZkregPlus/code/new_zkregplus/data/src_sig/spamassasin/../../samples/email/src/maildir/kaminski-v/deleted_items/1061.
6.5/5.0	/home/xiang/Desktop/NewResearch/Projects/ZkregPlusAll/ZkregPlus/code/new_zkregplus/data/src_sig/spamassasin/../../samples/email/src/maildir/kaminski-v/deleted_items/1759.
13.9/5.0	/home/xiang/Desktop/NewResearch/Projects/ZkregPlusAll/ZkregPlus/code/new_zkregplus/data/src_sig/spamassasin/../../samples/email/src/maildir/kaminski-v/deleted_items/345.
13.9/5.0	/home/xiang/Desktop/NewResearch/Projects/ZkregPlusAll/ZkregPlus/code/new_zkregplus/data/src_sig/spamassasin/../../samples/email/src/maildir/kaminski-v/deleted_items/270.
9.2/5.0	/home/xiang/Desktop/NewResearch/Projects/ZkregPlusAll/ZkregPlus/code/new_zkregplus/data/src_sig/spamassasin/../../samples/email/src/maildir/kaminski-v/deleted_items/3.
5.3/5.0	/home/xiang/Desktop/NewResearch/Projects/ZkregPlusAll/ZkregPlus/code/new_zkregplus/data/src_sig/spamassasin/../../samples/email/src/maildir/kaminski-v/deleted_items/81.
5.3/5.0	/home/xiang/Desktop/NewResearch/Projects/ZkregPlusAll/ZkregPlus/code/new_zkregplus/data/src_sig/spamassasin/../../samples/email/src/maildir/kaminski-v/deleted_items/310.
6.7/5.0	/home/xiang/Desktop/NewResearch/Projects/ZkregPlusAll/ZkregPlus/code/new_zkregplus/data/src_sig/spamassasin/../../samples/email/src/maildir/kaminski-v/deleted_items/1723.
12.9/5.0	/home/xiang/Desktop/NewResearch/Projects/ZkregPlusAll/ZkregPlus/code/new_zkregplus/data/src_sig/spamassasin/../../samples/email/src/maildir/kaminski-v/deleted_items/564.
5.8/5.0	/home/xiang/Desktop/NewResearch/Projects/ZkregPlusAll/ZkregPlus/code/new_zkregplus/data/src_sig/spamassasin/../../samples/email/src/maildir/kaminski-v/notes_inbox/82.
5.8/5.0	/home/xiang/Desktop/NewResearch/Projects/ZkregPlusAll/ZkregPlus/code/new_zkregplus/data/src_sig/spamassasin/../../samples/email/src/maildir/kaminski-v/notes_inbox/49.
6.0/5.0	/home/xiang/Desktop/NewResearch/Projects/ZkregPlusAll/ZkregPlus/code/new_zkregplus/data/src_sig/spamassasin/../../samples/email/src/maildir/kaminski-v/all_documents/437.
5.8/5.0	/home/xiang/Desktop/NewResearch/Projects/ZkregPlusAll/ZkregPlus/code/new_zkregplus/data/src_sig/spamassasin/../../samples/email/src/maildir/kaminski-v/all_documents/5778.
5.2/5.0	/home/xiang/Desktop/NewResearch/Projects/ZkregPlusAll/ZkregPlus/code/new_zkregplus/data/src_sig/spamassasin/../../samples/email/src/maildir/kaminski-v/all_documents/2750.
6.2/5.0	/home/xiang/Desktop/NewResearch/Projects/ZkregPlusAll/ZkregPlus/code/new_zkregplus/data/src_sig/spamassasin/../../samples/email/src/maildir/kaminski-v/all_documents/2813.
5.1/5.0	/home/xiang/Desktop/NewResearch/Projects/ZkregPlusAll/ZkregPlus/code/new_zkregplus/data/src_sig/spamassasin/../../samples/email/src/maildir/kaminski-v/all_documents/2546.
5.1/5.0	/home/xiang/Desktop/NewResearch/Projects/ZkregPlusAll/ZkregPlus/code/new_zkregplus/data/src_sig/spamassasin/../../samples/email/src/maildir/kaminski-v/all_documents/9637.
5.8/5.0	/home/xiang/Desktop/NewResearch/Projects/ZkregPlusAll/ZkregPlus/code/new_zkregplus/data/src_sig/spamassasin/../../samples/email/src/maildir/kaminski-v/all_documents/2103.
5.8/5.0	/home/xiang/Desktop/NewResearch/Projects/ZkregPlusAll/ZkregPlus/code/new_zkregplus/data/src_sig/spamassasin/../../samples/email/src/maildir/kaminski-v/all_documents/5743.
7.1/5.0	/home/xiang/Desktop/NewResearch/Projects/ZkregPlusAll/ZkregPlus/code/new_zkregplus/data/src_sig/spamassasin/../../samples/email/src/maildir/kaminski-v/all_documents/2141.
9.0/5.0	/home/xiang/Desktop/NewResearch/Projects/ZkregPlusAll/ZkregPlus/code/new_zkregplus/data/src_sig/spamassasin/../../samples/email/src/maildir/kaminski-v/all_documents/2396.
5.1/5.0	/home/xiang/Desktop/NewResearch/Projects/ZkregPlusAll/ZkregPlus/code/new_zkregplus/data/src_sig/spamassasin/../../samples/email/src/maildir/kaminski-v/all_documents/9631.
6.0/5.0	/home/xiang/Desktop/NewResearch/Projects/ZkregPlusAll/ZkregPlus/code/new_zkregplus/data/src_sig/spamassasin/../../samples/email/src/maildir/kaminski-v/ei/14.
5.1/5.0	/home/xiang/Desktop/NewResearch/Projects/ZkregPlusAll/ZkregPlus/code/new_zkregplus/data/src_sig/spamassasin/../../samples/email/src/maildir/kaminski-v/ei/4.
6.6/5.0	/home/xiang/Desktop/NewResearch/Projects/ZkregPlusAll/ZkregPlus/code/new_zkregplus/data/src_sig/spamassasin/../../samples/email/src/maildir/lokay-m/discussion_threads/139.
5.1/5.0	/home/xiang/Desktop/NewResearch/Projects/ZkregPlusAll/ZkregPlus/code/new_zkregplus/data/src_sig/spamassasin/../../samples/email/src/maildir/lokay-m/corporate/600.
5.0/5.0	/home/xiang/Desktop/NewResearch/Projects/ZkregPlusAll/ZkregPlus/code/new_zkregplus/data/src_sig/spamassasin/../../samples/email/src/maildir/lokay-m/corporate/507.
6.6/5.0	/home/xiang/Desktop/NewResearch/Projects/ZkregPlusAll/ZkregPlus/code/new_zkregplus/data/src_sig/spamassasin/../../samples/email/src/maildir/lokay-m/all_documents/145.
6.6/5.0	/home/xiang/Desktop/NewResearch/Projects/ZkregPlusAll/ZkregPlus/code/new_zkregplus/data/src_sig/spamassasin/../../samples/email/src/maildir/lokay-m/articles/12.
6.6/5.0	/home/xiang/Desktop/NewResearch/Projects/ZkregPlusAll/ZkregPlus/code/new_zkregplus/data/src_sig/spamassasin/../../samples/email/src/maildir/rogers-b/discussion_threads/1848.
5.7/5.0	/home/xiang/Desktop/NewResearch/Projects/ZkregPlusAll/ZkregPlus/code/new_zkregplus/data/src_sig/spamassasin/../../samples/email/src/maildir/rogers-b/enron_news/14.
5.7/5.0	/home/xiang/Desktop/NewResearch/Projects/ZkregPlusAll/ZkregPlus/code/new_zkregplus/data/src_sig/spamassasin/../../samples/email/src/maildir/rogers-b/enron_news/20.
5.7/5.0	/home/xiang/Desktop/NewResearch/Projects/ZkregPlusAll/ZkregPlus/code/new_zkregplus/data/src_sig/spamassasin/../../samples/email/src/maildir/rogers-b/enron_news/7.
5.2/5.0	/home/xiang/Desktop/NewResearch/Projects/ZkregPlusAll/ZkregPlus/code/new_zkregplus/data/src_sig/spamassasin/../../samples/email/src/maildir/rogers-b/enron_news/24.
6.6/5.0	/home/xiang/Desktop/NewResearch/Projects/ZkregPlusAll/ZkregPlus/code/new_zkregplus/data/src_sig/spamassasin/../../samples/email/src/maildir/rogers-b/motley_fool_e_mails/92.
6.6/5.0	/home/xiang/Desktop/NewResearch/Projects/ZkregPlusAll/ZkregPlus/code/new_zkregplus/data/src_sig/spamassasin/../../samples/email/src/maildir/rogers-b/inbox/118.
5.0/5.0	/home/xiang/Desktop/NewResearch/Projects/ZkregPlusAll/ZkregPlus/code/new_zkregplus/data/src_sig/spamassasin/../../samples/email/src/maildir/rogers-b/inbox/191.
7.4/5.0	/home/xiang/Desktop/NewResearch/Projects/ZkregPlusAll/ZkregPlus/code/new_zkregplus/data/src_sig/spamassasin/../../samples/email/src/maildir/rogers-b/inbox/93.
5.1/5.0	/home/xiang/Desktop/NewResearch/Projects/ZkregPlusAll/ZkregPlus/code/new_zkregplus/data/src_sig/spamassasin/../../samples/email/src/maildir/rogers-b/inbox/178.
6.6/5.0	/home/xiang/Desktop/NewResearch/Projects/ZkregPlusAll/ZkregPlus/code/new_zkregplus/data/src_sig/spamassasin/../../samples/email/src/maildir/rogers-b/all_documents/104.
9.0/5.0	/home/xiang/Desktop/NewResearch/Projects/ZkregPlusAll/ZkregPlus/code/new_zkregplus/data/src_sig/spamassasin/../../samples/email/src/maildir/mims-thurston-p/inbox/357.
6.2/5.0	/home/xiang/Desktop/NewResearch/Projects/ZkregPlusAll/ZkregPlus/code/new_zkregplus/data/src_sig/spamassasin/../../samples/email/src/maildir/mims-thurston-p/inbox/1.
6.2/5.0	/home/xiang/Desktop/NewResearch/Projects/ZkregPlusAll/ZkregPlus/code/new_zkregplus/data/src_sig/spamassasin/../../samples/email/src/maildir/mims-thurston-p/inbox/3.
7.0/5.0	/home/xiang/Desktop/NewResearch/Projects/ZkregPlusAll/ZkregPlus/code/new_zkregplus/data/src_sig/spamassasin/../../samples/email/src/maildir/mims-thurston-p/deleted_items/567.
5.9/5.0	/home/xiang/Desktop/NewResearch/Projects/ZkregPlusAll/ZkregPlus/code/new_zkregplus/data/src_sig/spamassasin/../../samples/email/src/maildir/mims-thurston-p/deleted_items/552.
6.2/5.0	/home/xiang/Desktop/NewResearch/Projects/ZkregPlusAll/ZkregPlus/code/new_zkregplus/data/src_sig/spamassasin/../../samples/email/src/maildir/mims-thurston-p/deleted_items/394.
5.7/5.0	/home/xiang/Desktop/NewResearch/Projects/ZkregPlusAll/ZkregPlus/code/new_zkregplus/data/src_sig/spamassasin/../../samples/email/src/maildir/mims-thurston-p/deleted_items/334.
5.9/5.0	/home/xiang/Desktop/NewResearch/Projects/ZkregPlusAll/ZkregPlus/code/new_zkregplus/data/src_sig/spamassasin/../../samples/email/src/maildir/mims-thurston-p/deleted_items/505.
5.9/5.0	/home/xiang/Desktop/NewResearch/Projects/ZkregPlusAll/ZkregPlus/code/new_zkregplus/data/src_sig/spamassasin/../../samples/email/src/maildir/mims-thurston-p/deleted_items/689.
5.9/5.0	/home/xiang/Desktop/NewResearch/Projects/ZkregPlusAll/ZkregPlus/code/new_zkregplus/data/src_sig/spamassasin/../../samples/email/src/maildir/mims-thurston-p/deleted_items/527.
9.0/5.0	/home/xiang/Desktop/NewResearch/Projects/ZkregPlusAll/ZkregPlus/code/new_zkregplus/data/src_sig/spamassasin/../../samples/email/src/maildir/mims-thurston-p/deleted_items/822.
5.9/5.0	/home/xiang/Desktop/NewResearch/Projects/ZkregPlusAll/ZkregPlus/code/new_zkregplus/data/src_sig/spamassasin/../../samples/email/src/maildir/mims-thurston-p/deleted_items/540.
5.0/5.0	/home/xiang/Desktop/NewResearch/Projects/ZkregPlusAll/ZkregPlus/code/new_zkregplus/data/src_sig/spamassasin/../../samples/email/src/maildir/mims-thurston-p/deleted_items/539.
5.8/5.0	/home/xiang/Desktop/NewResearch/Projects/ZkregPlusAll/ZkregPlus/code/new_zkregplus/data/src_sig/spamassasin/../../samples/email/src/maildir/mims-thurston-p/deleted_items/354.
5.4/5.0	/home/xiang/Desktop/NewResearch/Projects/ZkregPlusAll/ZkregPlus/code/new_zkregplus/data/src_sig/spamassasin/../../samples/email/src/maildir/mims-thurston-p/deleted_items/186.
7.1/5.0	/home/xiang/Desktop/NewResearch/Projects/ZkregPlusAll/ZkregPlus/code/new_zkregplus/data/src_sig/spamassasin/../../samples/email/src/maildir/mims-thurston-p/deleted_items/408.
6.0/5.0	/home/xiang/Desktop/NewResearch/Projects/ZkregPlusAll/ZkregPlus/code/new_zkregplus/data/src_sig/spamassasin/../../samples/email/src/maildir/mims-thurston-p/deleted_items/194.
7.4/5.0	/home/xiang/Desktop/NewResearch/Projects/ZkregPlusAll/ZkregPlus/code/new_zkregplus/data/src_sig/spamassasin/../../samples/email/src/maildir/mims-thurston-p/deleted_items/131.
5.2/5.0	/home/xiang/Desktop/NewResearch/Projects/ZkregPlusAll/ZkregPlus/code/new_zkregplus/data/src_sig/spamassasin/../../samples/email/src/maildir/mims-thurston-p/deleted_items/604.
10.7/5.0	/home/xiang/Desktop/NewResearch/Projects/ZkregPlusAll/ZkregPlus/code/new_zkregplus/data/src_sig/spamassasin/../../samples/email/src/maildir/mims-thurston-p/deleted_items/526.
5.9/5.0	/home/xiang/Desktop/NewResearch/Projects/ZkregPlusAll/ZkregPlus/code/new_zkregplus/data/src_sig/spamassasin/../../samples/email/src/maildir/mims-thurston-p/deleted_items/519.
5.9/5.0	/home/xiang/Desktop/NewResearch/Projects/ZkregPlusAll/ZkregPlus/code/new_zkregplus/data/src_sig/spamassasin/../../samples/email/src/maildir/mims-thurston-p/deleted_items/454.
6.0/5.0	/home/xiang/Desktop/NewResearch/Projects/ZkregPlusAll/ZkregPlus/code/new_zkregplus/data/src_sig/spamassasin/../../samples/email/src/maildir/mims-thurston-p/deleted_items/151.
5.3/5.0	/home/xiang/Desktop/NewResearch/Projects/ZkregPlusAll/ZkregPlus/code/new_zkregplus/data/src_sig/spamassasin/../../samples/email/src/maildir/mims-thurston-p/deleted_items/48.
9.3/5.0	/home/xiang/Desktop/NewResearch/Projects/ZkregPlusAll/ZkregPlus/code/new_zkregplus/data/src_sig/spamassasin/../../samples/email/src/maildir/mims-thurston-p/deleted_items/91.
10.7/5.0	/home/xiang/Desktop/NewResearch/Projects/ZkregPlusAll/ZkregPlus/code/new_zkregplus/data/src_sig/spamassasin/../../samples/email/src/maildir/mims-thurston-p/deleted_items/688.
5.9/5.0	/home/xiang/Desktop/NewResearch/Projects/ZkregPlusAll/ZkregPlus/code/new_zkregplus/data/src_sig/spamassasin/../../samples/email/src/maildir/mims-thurston-p/deleted_items/409.
5.8/5.0	/home/xiang/Desktop/NewResearch/Projects/ZkregPlusAll/ZkregPlus/code/new_zkregplus/data/src_sig/spamassasin/../../samples/email/src/maildir/mims-thurston-p/deleted_items/80.
5.9/5.0	/home/xiang/Desktop/NewResearch/Projects/ZkregPlusAll/ZkregPlus/code/new_zkregplus/data/src_sig/spamassasin/../../samples/email/src/maildir/mims-thurston-p/deleted_items/398.
5.3/5.0	/home/xiang/Desktop/NewResearch/Projects/ZkregPlusAll/ZkregPlus/code/new_zkregplus/data/src_sig/spamassasin/../../samples/email/src/maildir/mims-thurston-p/deleted_items/414.
5.1/5.0	/home/xiang/Desktop/NewResearch/Projects/ZkregPlusAll/ZkregPlus/code/new_zkregplus/data/src_sig/spamassasin/../../samples/email/src/maildir/hyatt-k/corp_memos/4.
6.4/5.0	/home/xiang/Desktop/NewResearch/Projects/ZkregPlusAll/ZkregPlus/code/new_zkregplus/data/src_sig/spamassasin/../../samples/email/src/maildir/hyatt-k/inbox/enron_news/6.
5.5/5.0	/home/xiang/Desktop/NewResearch/Projects/ZkregPlusAll/ZkregPlus/code/new_zkregplus/data/src_sig/spamassasin/../../samples/email/src/maildir/hyatt-k/deleted_items/123.
5.1/5.0	/home/xiang/Desktop/NewResearch/Projects/ZkregPlusAll/ZkregPlus/code/new_zkregplus/data/src_sig/spamassasin/../../samples/email/src/maildir/hyatt-k/deleted_items/489.
5.0/5.0	/home/xiang/Desktop/NewResearch/Projects/ZkregPlusAll/ZkregPlus/code/new_zkregplus/data/src_sig/spamassasin/../../samples/email/src/maildir/neal-s/deleted_items/579.
5.7/5.0	/home/xiang/Desktop/NewResearch/Projects/ZkregPlusAll/ZkregPlus/code/new_zkregplus/data/src_sig/spamassasin/../../samples/email/src/maildir/neal-s/deleted_items/357.
8.2/5.0	/home/xiang/Desktop/NewResearch/Projects/ZkregPlusAll/ZkregPlus/code/new_zkregplus/data/src_sig/spamassasin/../../samples/email/src/maildir/schoolcraft-d/sent_items/119.
8.2/5.0	/home/xiang/Desktop/NewResearch/Projects/ZkregPlusAll/ZkregPlus/code/new_zkregplus/data/src_sig/spamassasin/../../samples/email/src/maildir/schoolcraft-d/inbox/26.
5.0/5.0	/home/xiang/Desktop/NewResearch/Projects/ZkregPlusAll/ZkregPlus/code/new_zkregplus/data/src_sig/spamassasin/../../samples/email/src/maildir/schoolcraft-d/deleted_items/112.
7.2/5.0	/home/xiang/Desktop/NewResearch/Projects/ZkregPlusAll/ZkregPlus/code/new_zkregplus/data/src_sig/spamassasin/../../samples/email/src/maildir/quigley-d/private_folders/ffl/3.
7.0/5.0	/home/xiang/Desktop/NewResearch/Projects/ZkregPlusAll/ZkregPlus/code/new_zkregplus/data/src_sig/spamassasin/../../samples/email/src/maildir/quigley-d/deleted_items/69.
5.0/5.0	/home/xiang/Desktop/NewResearch/Projects/ZkregPlusAll/ZkregPlus/code/new_zkregplus/data/src_sig/spamassasin/../../samples/email/src/maildir/quigley-d/deleted_items/140.
5.8/5.0	/home/xiang/Desktop/NewResearch/Projects/ZkregPlusAll/ZkregPlus/code/new_zkregplus/data/src_sig/spamassasin/../../samples/email/src/maildir/quigley-d/deleted_items/51.
8.1/5.0	/home/xiang/Desktop/NewResearch/Projects/ZkregPlusAll/ZkregPlus/code/new_zkregplus/data/src_sig/spamassasin/../../samples/email/src/maildir/quigley-d/deleted_items/183.
5.0/5.0	/home/xiang/Desktop/NewResearch/Projects/ZkregPlusAll/ZkregPlus/code/new_zkregplus/data/src_sig/spamassasin/../../samples/email/src/maildir/quigley-d/deleted_items/87.
5.5/5.0	/home/xiang/Desktop/NewResearch/Projects/ZkregPlusAll/ZkregPlus/code/new_zkregplus/data/src_sig/spamassasin/../../samples/email/src/maildir/taylor-m/archive/2001_06/20.
5.5/5.0	/home/xiang/Desktop/NewResearch/Projects/ZkregPlusAll/ZkregPlus/code/new_zkregplus/data/src_sig/spamassasin/../../samples/email/src/maildir/taylor-m/archive/2001_06/21.
10.2/5.0	/home/xiang/Desktop/NewResearch/Projects/ZkregPlusAll/ZkregPlus/code/new_zkregplus/data/src_sig/spamassasin/../../samples/email/src/maildir/taylor-m/sent_items/173.
13.1/5.0	/home/xiang/Desktop/NewResearch/Projects/ZkregPlusAll/ZkregPlus/code/new_zkregplus/data/src_sig/spamassasin/../../samples/email/src/maildir/taylor-m/sent_items/377.
7.3/5.0	/home/xiang/Desktop/NewResearch/Projects/ZkregPlusAll/ZkregPlus/code/new_zkregplus/data/src_sig/spamassasin/../../samples/email/src/maildir/taylor-m/sent_items/171.
5.0/5.0	/home/xiang/Desktop/NewResearch/Projects/ZkregPlusAll/ZkregPlus/code/new_zkregplus/data/src_sig/spamassasin/../../samples/email/src/maildir/taylor-m/inbox/social/41.
5.7/5.0	/home/xiang/Desktop/NewResearch/Projects/ZkregPlusAll/ZkregPlus/code/new_zkregplus/data/src_sig/spamassasin/../../samples/email/src/maildir/taylor-m/inbox/entouch/16.
7.4/5.0	/home/xiang/Desktop/NewResearch/Projects/ZkregPlusAll/ZkregPlus/code/new_zkregplus/data/src_sig/spamassasin/../../samples/email/src/maildir/taylor-m/inbox/entouch/4.
5.2/5.0	/home/xiang/Desktop/NewResearch/Projects/ZkregPlusAll/ZkregPlus/code/new_zkregplus/data/src_sig/spamassasin/../../samples/email/src/maildir/taylor-m/inbox/entouch/14.
5.7/5.0	/home/xiang/Desktop/NewResearch/Projects/ZkregPlusAll/ZkregPlus/code/new_zkregplus/data/src_sig/spamassasin/../../samples/email/src/maildir/taylor-m/inbox/entouch/13.
8.2/5.0	/home/xiang/Desktop/NewResearch/Projects/ZkregPlusAll/ZkregPlus/code/new_zkregplus/data/src_sig/spamassasin/../../samples/email/src/maildir/taylor-m/inbox/195.
7.3/5.0	/home/xiang/Desktop/NewResearch/Projects/ZkregPlusAll/ZkregPlus/code/new_zkregplus/data/src_sig/spamassasin/../../samples/email/src/maildir/taylor-m/sent/3388.
7.8/5.0	/home/xiang/Desktop/NewResearch/Projects/ZkregPlusAll/ZkregPlus/code/new_zkregplus/data/src_sig/spamassasin/../../samples/email/src/maildir/taylor-m/sent/137.
5.1/5.0	/home/xiang/Desktop/NewResearch/Projects/ZkregPlusAll/ZkregPlus/code/new_zkregplus/data/src_sig/spamassasin/../../samples/email/src/maildir/taylor-m/sent/3220.
13.4/5.0	/home/xiang/Desktop/NewResearch/Projects/ZkregPlusAll/ZkregPlus/code/new_zkregplus/data/src_sig/spamassasin/../../samples/email/src/maildir/taylor-m/sent/120.
12.6/5.0	/home/xiang/Desktop/NewResearch/Projects/ZkregPlusAll/ZkregPlus/code/new_zkregplus/data/src_sig/spamassasin/../../samples/email/src/maildir/taylor-m/sent/3354.
10.2/5.0	/home/xiang/Desktop/NewResearch/Projects/ZkregPlusAll/ZkregPlus/code/new_zkregplus/data/src_sig/spamassasin/../../samples/email/src/maildir/taylor-m/sent/3390.
6.4/5.0	/home/xiang/Desktop/NewResearch/Projects/ZkregPlusAll/ZkregPlus/code/new_zkregplus/data/src_sig/spamassasin/../../samples/email/src/maildir/taylor-m/sent/124.
5.5/5.0	/home/xiang/Desktop/NewResearch/Projects/ZkregPlusAll/ZkregPlus/code/new_zkregplus/data/src_sig/spamassasin/../../samples/email/src/maildir/taylor-m/deleted_items/579.
8.2/5.0	/home/xiang/Desktop/NewResearch/Projects/ZkregPlusAll/ZkregPlus/code/new_zkregplus/data/src_sig/spamassasin/../../samples/email/src/maildir/taylor-m/deleted_items/404.
8.2/5.0	/home/xiang/Desktop/NewResearch/Projects/ZkregPlusAll/ZkregPlus/code/new_zkregplus/data/src_sig/spamassasin/../../samples/email/src/maildir/taylor-m/deleted_items/209.
5.8/5.0	/home/xiang/Desktop/NewResearch/Projects/ZkregPlusAll/ZkregPlus/code/new_zkregplus/data/src_sig/spamassasin/../../samples/email/src/maildir/taylor-m/deleted_items/588.
5.1/5.0	/home/xiang/Desktop/NewResearch/Projects/ZkregPlusAll/ZkregPlus/code/new_zkregplus/data/src_sig/spamassasin/../../samples/email/src/maildir/taylor-m/deleted_items/176.
5.5/5.0	/home/xiang/Desktop/NewResearch/Projects/ZkregPlusAll/ZkregPlus/code/new_zkregplus/data/src_sig/spamassasin/../../samples/email/src/maildir/taylor-m/notes_inbox/1643.
5.5/5.0	/home/xiang/Desktop/NewResearch/Projects/ZkregPlusAll/ZkregPlus/code/new_zkregplus/data/src_sig/spamassasin/../../samples/email/src/maildir/taylor-m/notes_inbox/2362.
5.1/5.0	/home/xiang/Desktop/NewResearch/Projects/ZkregPlusAll/ZkregPlus/code/new_zkregplus/data/src_sig/spamassasin/../../samples/email/src/maildir/taylor-m/notes_inbox/1899.
5.7/5.0	/home/xiang/Desktop/NewResearch/Projects/ZkregPlusAll/ZkregPlus/code/new_zkregplus/data/src_sig/spamassasin/../../samples/email/src/maildir/taylor-m/monmouth/1.
7.3/5.0	/home/xiang/Desktop/NewResearch/Projects/ZkregPlusAll/ZkregPlus/code/new_zkregplus/data/src_sig/spamassasin/../../samples/email/src/maildir/taylor-m/all_documents/8368.
10.2/5.0	/home/xiang/Desktop/NewResearch/Projects/ZkregPlusAll/ZkregPlus/code/new_zkregplus/data/src_sig/spamassasin/../../samples/email/src/maildir/taylor-m/all_documents/8370.
12.6/5.0	/home/xiang/Desktop/NewResearch/Projects/ZkregPlusAll/ZkregPlus/code/new_zkregplus/data/src_sig/spamassasin/../../samples/email/src/maildir/taylor-m/all_documents/8273.
5.5/5.0	/home/xiang/Desktop/NewResearch/Projects/ZkregPlusAll/ZkregPlus/code/new_zkregplus/data/src_sig/spamassasin/../../samples/email/src/maildir/taylor-m/all_documents/7970.
7.8/5.0	/home/xiang/Desktop/NewResearch/Projects/ZkregPlusAll/ZkregPlus/code/new_zkregplus/data/src_sig/spamassasin/../../samples/email/src/maildir/taylor-m/all_documents/151.
5.1/5.0	/home/xiang/Desktop/NewResearch/Projects/ZkregPlusAll/ZkregPlus/code/new_zkregplus/data/src_sig/spamassasin/../../samples/email/src/maildir/taylor-m/all_documents/3938.
6.4/5.0	/home/xiang/Desktop/NewResearch/Projects/ZkregPlusAll/ZkregPlus/code/new_zkregplus/data/src_sig/spamassasin/../../samples/email/src/maildir/taylor-m/all_documents/138.
5.5/5.0	/home/xiang/Desktop/NewResearch/Projects/ZkregPlusAll/ZkregPlus/code/new_zkregplus/data/src_sig/spamassasin/../../samples/email/src/maildir/taylor-m/all_documents/3531.
5.1/5.0	/home/xiang/Desktop/NewResearch/Projects/ZkregPlusAll/ZkregPlus/code/new_zkregplus/data/src_sig/spamassasin/../../samples/email/src/maildir/taylor-m/all_documents/7756.
13.4/5.0	/home/xiang/Desktop/NewResearch/Projects/ZkregPlusAll/ZkregPlus/code/new_zkregplus/data/src_sig/spamassasin/../../samples/email/src/maildir/taylor-m/all_documents/134.
5.0/5.0	/home/xiang/Desktop/NewResearch/Projects/ZkregPlusAll/ZkregPlus/code/new_zkregplus/data/src_sig/spamassasin/../../samples/email/src/maildir/buy-r/inbox/1164.
5.7/5.0	/home/xiang/Desktop/NewResearch/Projects/ZkregPlusAll/ZkregPlus/code/new_zkregplus/data/src_sig/spamassasin/../../samples/email/src/maildir/mcconnell-m/misc/96.
5.1/5.0	/home/xiang/Desktop/NewResearch/Projects/ZkregPlusAll/ZkregPlus/code/new_zkregplus/data/src_sig/spamassasin/../../samples/email/src/maildir/parks-j/inbox/249.
5.7/5.0	/home/xiang/Desktop/NewResearch/Projects/ZkregPlusAll/ZkregPlus/code/new_zkregplus/data/src_sig/spamassasin/../../samples/email/src/maildir/parks-j/inbox/459.
5.7/5.0	/home/xiang/Desktop/NewResearch/Projects/ZkregPlusAll/ZkregPlus/code/new_zkregplus/data/src_sig/spamassasin/../../samples/email/src/maildir/parks-j/deleted_items/1004.
5.1/5.0	/home/xiang/Desktop/NewResearch/Projects/ZkregPlusAll/ZkregPlus/code/new_zkregplus/data/src_sig/spamassasin/../../samples/email/src/maildir/parks-j/deleted_items/913.
7.8/5.0	/home/xiang/Desktop/NewResearch/Projects/ZkregPlusAll/ZkregPlus/code/new_zkregplus/data/src_sig/spamassasin/../../samples/email/src/maildir/watson-k/sent_items/200.
7.8/5.0	/home/xiang/Desktop/NewResearch/Projects/ZkregPlusAll/ZkregPlus/code/new_zkregplus/data/src_sig/spamassasin/../../samples/email/src/maildir/watson-k/sent_items/172.
9.9/5.0	/home/xiang/Desktop/NewResearch/Projects/ZkregPlusAll/ZkregPlus/code/new_zkregplus/data/src_sig/spamassasin/../../samples/email/src/maildir/watson-k/sent_items/135.
9.9/5.0	/home/xiang/Desktop/NewResearch/Projects/ZkregPlusAll/ZkregPlus/code/new_zkregplus/data/src_sig/spamassasin/../../samples/email/src/maildir/watson-k/sent_items/134.
6.4/5.0	/home/xiang/Desktop/NewResearch/Projects/ZkregPlusAll/ZkregPlus/code/new_zkregplus/data/src_sig/spamassasin/../../samples/email/src/maildir/watson-k/industry_mentions/18.
5.7/5.0	/home/xiang/Desktop/NewResearch/Projects/ZkregPlusAll/ZkregPlus/code/new_zkregplus/data/src_sig/spamassasin/../../samples/email/src/maildir/watson-k/e_mail_bin/140.
5.7/5.0	/home/xiang/Desktop/NewResearch/Projects/ZkregPlusAll/ZkregPlus/code/new_zkregplus/data/src_sig/spamassasin/../../samples/email/src/maildir/storey-g/deleted_items/126.
5.7/5.0	/home/xiang/Desktop/NewResearch/Projects/ZkregPlusAll/ZkregPlus/code/new_zkregplus/data/src_sig/spamassasin/../../samples/email/src/maildir/storey-g/deleted_items/238.
7.2/5.0	/home/xiang/Desktop/NewResearch/Projects/ZkregPlusAll/ZkregPlus/code/new_zkregplus/data/src_sig/spamassasin/../../samples/email/src/maildir/mclaughlin-e/discussion_threads/367.
5.0/5.0	/home/xiang/Desktop/NewResearch/Projects/ZkregPlusAll/ZkregPlus/code/new_zkregplus/data/src_sig/spamassasin/../../samples/email/src/maildir/mclaughlin-e/private_folders/corp_info_announcements/137.
7.2/5.0	/home/xiang/Desktop/NewResearch/Projects/ZkregPlusAll/ZkregPlus/code/new_zkregplus/data/src_sig/spamassasin/../../samples/email/src/maildir/mclaughlin-e/private_folders/personal_stuff/68.
5.0/5.0	/home/xiang/Desktop/NewResearch/Projects/ZkregPlusAll/ZkregPlus/code/new_zkregplus/data/src_sig/spamassasin/../../samples/email/src/maildir/mclaughlin-e/deleted_items/203.
7.2/5.0	/home/xiang/Desktop/NewResearch/Projects/ZkregPlusAll/ZkregPlus/code/new_zkregplus/data/src_sig/spamassasin/../../samples/email/src/maildir/mclaughlin-e/all_documents/417.
6.8/5.0	/home/xiang/Desktop/NewResearch/Projects/ZkregPlusAll/ZkregPlus/code/new_zkregplus/data/src_sig/spamassasin/../../samples/email/src/maildir/presto-k/inbox/33.
5.3/5.0	/home/xiang/Desktop/NewResearch/Projects/ZkregPlusAll/ZkregPlus/code/new_zkregplus/data/src_sig/spamassasin/../../samples/email/src/maildir/presto-k/deleted_items/128.
5.0/5.0	/home/xiang/Desktop/NewResearch/Projects/ZkregPlusAll/ZkregPlus/code/new_zkregplus/data/src_sig/spamassasin/../../samples/email/src/maildir/presto-k/deleted_items/682.
5.1/5.0	/home/xiang/Desktop/NewResearch/Projects/ZkregPlusAll/ZkregPlus/code/new_zkregplus/data/src_sig/spamassasin/../../samples/email/src/maildir/presto-k/deleted_items/771.
6.5/5.0	/home/xiang/Desktop/NewResearch/Projects/ZkregPlusAll/ZkregPlus/code/new_zkregplus/data/src_sig/spamassasin/../../samples/email/src/maildir/presto-k/deleted_items/262.
5.3/5.0	/home/xiang/Desktop/NewResearch/Projects/ZkregPlusAll/ZkregPlus/code/new_zkregplus/data/src_sig/spamassasin/../../samples/email/src/maildir/presto-k/deleted_items/421.
5.3/5.0	/home/xiang/Desktop/NewResearch/Projects/ZkregPlusAll/ZkregPlus/code/new_zkregplus/data/src_sig/spamassasin/../../samples/email/src/maildir/presto-k/deleted_items/467.
5.7/5.0	/home/xiang/Desktop/NewResearch/Projects/ZkregPlusAll/ZkregPlus/code/new_zkregplus/data/src_sig/spamassasin/../../samples/email/src/maildir/martin-t/inbox/313.
6.0/5.0	/home/xiang/Desktop/NewResearch/Projects/ZkregPlusAll/ZkregPlus/code/new_zkregplus/data/src_sig/spamassasin/../../samples/email/src/maildir/martin-t/inbox/476.
5.0/5.0	/home/xiang/Desktop/NewResearch/Projects/ZkregPlusAll/ZkregPlus/code/new_zkregplus/data/src_sig/spamassasin/../../samples/email/src/maildir/martin-t/inbox/360.
5.5/5.0	/home/xiang/Desktop/NewResearch/Projects/ZkregPlusAll/ZkregPlus/code/new_zkregplus/data/src_sig/spamassasin/../../samples/email/src/maildir/martin-t/inbox/73.
5.0/5.0	/home/xiang/Desktop/NewResearch/Projects/ZkregPlusAll/ZkregPlus/code/new_zkregplus/data/src_sig/spamassasin/../../samples/email/src/maildir/martin-t/inbox/354.
8.2/5.0	/home/xiang/Desktop/NewResearch/Projects/ZkregPlusAll/ZkregPlus/code/new_zkregplus/data/src_sig/spamassasin/../../samples/email/src/maildir/martin-t/inbox/96.
10.9/5.0	/home/xiang/Desktop/NewResearch/Projects/ZkregPlusAll/ZkregPlus/code/new_zkregplus/data/src_sig/spamassasin/../../samples/email/src/maildir/martin-t/inbox/271.
5.7/5.0	/home/xiang/Desktop/NewResearch/Projects/ZkregPlusAll/ZkregPlus/code/new_zkregplus/data/src_sig/spamassasin/../../samples/email/src/maildir/martin-t/inbox/284.
6.4/5.0	/home/xiang/Desktop/NewResearch/Projects/ZkregPlusAll/ZkregPlus/code/new_zkregplus/data/src_sig/spamassasin/../../samples/email/src/maildir/martin-t/inbox/292.
6.1/5.0	/home/xiang/Desktop/NewResearch/Projects/ZkregPlusAll/ZkregPlus/code/new_zkregplus/data/src_sig/spamassasin/../../samples/email/src/maildir/martin-t/inbox/326.
5.2/5.0	/home/xiang/Desktop/NewResearch/Projects/ZkregPlusAll/ZkregPlus/code/new_zkregplus/data/src_sig/spamassasin/../../samples/email/src/maildir/martin-t/inbox/14.
5.5/5.0	/home/xiang/Desktop/NewResearch/Projects/ZkregPlusAll/ZkregPlus/code/new_zkregplus/data/src_sig/spamassasin/../../samples/email/src/maildir/martin-t/inbox/123.
8.2/5.0	/home/xiang/Desktop/NewResearch/Projects/ZkregPlusAll/ZkregPlus/code/new_zkregplus/data/src_sig/spamassasin/../../samples/email/src/maildir/martin-t/inbox/90.
5.2/5.0	/home/xiang/Desktop/NewResearch/Projects/ZkregPlusAll/ZkregPlus/code/new_zkregplus/data/src_sig/spamassasin/../../samples/email/src/maildir/martin-t/inbox/6.
8.0/5.0	/home/xiang/Desktop/NewResearch/Projects/ZkregPlusAll/ZkregPlus/code/new_zkregplus/data/src_sig/spamassasin/../../samples/email/src/maildir/martin-t/inbox/133.
5.7/5.0	/home/xiang/Desktop/NewResearch/Projects/ZkregPlusAll/ZkregPlus/code/new_zkregplus/data/src_sig/spamassasin/../../samples/email/src/maildir/martin-t/inbox/301.
5.1/5.0	/home/xiang/Desktop/NewResearch/Projects/ZkregPlusAll/ZkregPlus/code/new_zkregplus/data/src_sig/spamassasin/../../samples/email/src/maildir/martin-t/inbox/46.
9.1/5.0	/home/xiang/Desktop/NewResearch/Projects/ZkregPlusAll/ZkregPlus/code/new_zkregplus/data/src_sig/spamassasin/../../samples/email/src/maildir/martin-t/inbox/317.
5.0/5.0	/home/xiang/Desktop/NewResearch/Projects/ZkregPlusAll/ZkregPlus/code/new_zkregplus/data/src_sig/spamassasin/../../samples/email/src/maildir/martin-t/inbox/82.
5.8/5.0	/home/xiang/Desktop/NewResearch/Projects/ZkregPlusAll/ZkregPlus/code/new_zkregplus/data/src_sig/spamassasin/../../samples/email/src/maildir/martin-t/inbox/232.
5.6/5.0	/home/xiang/Desktop/NewResearch/Projects/ZkregPlusAll/ZkregPlus/code/new_zkregplus/data/src_sig/spamassasin/../../samples/email/src/maildir/martin-t/inbox/22.
5.5/5.0	/home/xiang/Desktop/NewResearch/Projects/ZkregPlusAll/ZkregPlus/code/new_zkregplus/data/src_sig/spamassasin/../../samples/email/src/maildir/martin-t/inbox/83.
9.2/5.0	/home/xiang/Desktop/NewResearch/Projects/ZkregPlusAll/ZkregPlus/code/new_zkregplus/data/src_sig/spamassasin/../../samples/email/src/maildir/martin-t/inbox/120.
7.1/5.0	/home/xiang/Desktop/NewResearch/Projects/ZkregPlusAll/ZkregPlus/code/new_zkregplus/data/src_sig/spamassasin/../../samples/email/src/maildir/martin-t/inbox/146.
5.5/5.0	/home/xiang/Desktop/NewResearch/Projects/ZkregPlusAll/ZkregPlus/code/new_zkregplus/data/src_sig/spamassasin/../../samples/email/src/maildir/martin-t/inbox/101.
7.5/5.0	/home/xiang/Desktop/NewResearch/Projects/ZkregPlusAll/ZkregPlus/code/new_zkregplus/data/src_sig/spamassasin/../../samples/email/src/maildir/martin-t/inbox/305.
6.4/5.0	/home/xiang/Desktop/NewResearch/Projects/ZkregPlusAll/ZkregPlus/code/new_zkregplus/data/src_sig/spamassasin/../../samples/email/src/maildir/martin-t/inbox/282.
5.5/5.0	/home/xiang/Desktop/NewResearch/Projects/ZkregPlusAll/ZkregPlus/code/new_zkregplus/data/src_sig/spamassasin/../../samples/email/src/maildir/martin-t/inbox/114.
9.2/5.0	/home/xiang/Desktop/NewResearch/Projects/ZkregPlusAll/ZkregPlus/code/new_zkregplus/data/src_sig/spamassasin/../../samples/email/src/maildir/martin-t/inbox/103.
8.0/5.0	/home/xiang/Desktop/NewResearch/Projects/ZkregPlusAll/ZkregPlus/code/new_zkregplus/data/src_sig/spamassasin/../../samples/email/src/maildir/martin-t/inbox/47.
5.5/5.0	/home/xiang/Desktop/NewResearch/Projects/ZkregPlusAll/ZkregPlus/code/new_zkregplus/data/src_sig/spamassasin/../../samples/email/src/maildir/martin-t/inbox/25.
5.1/5.0	/home/xiang/Desktop/NewResearch/Projects/ZkregPlusAll/ZkregPlus/code/new_zkregplus/data/src_sig/spamassasin/../../samples/email/src/maildir/martin-t/inbox/321.
5.8/5.0	/home/xiang/Desktop/NewResearch/Projects/ZkregPlusAll/ZkregPlus/code/new_zkregplus/data/src_sig/spamassasin/../../samples/email/src/maildir/martin-t/deleted_items/102.
5.4/5.0	/home/xiang/Desktop/NewResearch/Projects/ZkregPlusAll/ZkregPlus/code/new_zkregplus/data/src_sig/spamassasin/../../samples/email/src/maildir/martin-t/deleted_items/4.
5.5/5.0	/home/xiang/Desktop/NewResearch/Projects/ZkregPlusAll/ZkregPlus/code/new_zkregplus/data/src_sig/spamassasin/../../samples/email/src/maildir/martin-t/deleted_items/78.
5.1/5.0	/home/xiang/Desktop/NewResearch/Projects/ZkregPlusAll/ZkregPlus/code/new_zkregplus/data/src_sig/spamassasin/../../samples/email/src/maildir/martin-t/deleted_items/36.
9.0/5.0	/home/xiang/Desktop/NewResearch/Projects/ZkregPlusAll/ZkregPlus/code/new_zkregplus/data/src_sig/spamassasin/../../samples/email/src/maildir/martin-t/deleted_items/188.
9.2/5.0	/home/xiang/Desktop/NewResearch/Projects/ZkregPlusAll/ZkregPlus/code/new_zkregplus/data/src_sig/spamassasin/../../samples/email/src/maildir/martin-t/deleted_items/18.
5.5/5.0	/home/xiang/Desktop/NewResearch/Projects/ZkregPlusAll/ZkregPlus/code/new_zkregplus/data/src_sig/spamassasin/../../samples/email/src/maildir/martin-t/deleted_items/79.
5.5/5.0	/home/xiang/Desktop/NewResearch/Projects/ZkregPlusAll/ZkregPlus/code/new_zkregplus/data/src_sig/spamassasin/../../samples/email/src/maildir/martin-t/deleted_items/64.
5.0/5.0	/home/xiang/Desktop/NewResearch/Projects/ZkregPlusAll/ZkregPlus/code/new_zkregplus/data/src_sig/spamassasin/../../samples/email/src/maildir/martin-t/deleted_items/30.
10.3/5.0	/home/xiang/Desktop/NewResearch/Projects/ZkregPlusAll/ZkregPlus/code/new_zkregplus/data/src_sig/spamassasin/../../samples/email/src/maildir/martin-t/deleted_items/229.
5.1/5.0	/home/xiang/Desktop/NewResearch/Projects/ZkregPlusAll/ZkregPlus/code/new_zkregplus/data/src_sig/spamassasin/../../samples/email/src/maildir/martin-t/deleted_items/82.
7.6/5.0	/home/xiang/Desktop/NewResearch/Projects/ZkregPlusAll/ZkregPlus/code/new_zkregplus/data/src_sig/spamassasin/../../samples/email/src/maildir/martin-t/deleted_items/46.
5.0/5.0	/home/xiang/Desktop/NewResearch/Projects/ZkregPlusAll/ZkregPlus/code/new_zkregplus/data/src_sig/spamassasin/../../samples/email/src/maildir/martin-t/deleted_items/228.
7.1/5.0	/home/xiang/Desktop/NewResearch/Projects/ZkregPlusAll/ZkregPlus/code/new_zkregplus/data/src_sig/spamassasin/../../samples/email/src/maildir/martin-t/deleted_items/83.
5.7/5.0	/home/xiang/Desktop/NewResearch/Projects/ZkregPlusAll/ZkregPlus/code/new_zkregplus/data/src_sig/spamassasin/../../samples/email/src/maildir/martin-t/deleted_items/114.
7.3/5.0	/home/xiang/Desktop/NewResearch/Projects/ZkregPlusAll/ZkregPlus/code/new_zkregplus/data/src_sig/spamassasin/../../samples/email/src/maildir/martin-t/deleted_items/95.
7.8/5.0	/home/xiang/Desktop/NewResearch/Projects/ZkregPlusAll/ZkregPlus/code/new_zkregplus/data/src_sig/spamassasin/../../samples/email/src/maildir/martin-t/deleted_items/84.
6.0/5.0	/home/xiang/Desktop/NewResearch/Projects/ZkregPlusAll/ZkregPlus/code/new_zkregplus/data/src_sig/spamassasin/../../samples/email/src/maildir/martin-t/deleted_items/222.
9.2/5.0	/home/xiang/Desktop/NewResearch/Projects/ZkregPlusAll/ZkregPlus/code/new_zkregplus/data/src_sig/spamassasin/../../samples/email/src/maildir/martin-t/deleted_items/38.
5.7/5.0	/home/xiang/Desktop/NewResearch/Projects/ZkregPlusAll/ZkregPlus/code/new_zkregplus/data/src_sig/spamassasin/../../samples/email/src/maildir/martin-t/deleted_items/204.
7.6/5.0	/home/xiang/Desktop/NewResearch/Projects/ZkregPlusAll/ZkregPlus/code/new_zkregplus/data/src_sig/spamassasin/../../samples/email/src/maildir/martin-t/deleted_items/80.
6.4/5.0	/home/xiang/Desktop/NewResearch/Projects/ZkregPlusAll/ZkregPlus/code/new_zkregplus/data/src_sig/spamassasin/../../samples/email/src/maildir/martin-t/deleted_items/207.
10.7/5.0	/home/xiang/Desktop/NewResearch/Projects/ZkregPlusAll/ZkregPlus/code/new_zkregplus/data/src_sig/spamassasin/../../samples/email/src/maildir/martin-t/deleted_items/32.
5.5/5.0	/home/xiang/Desktop/NewResearch/Projects/ZkregPlusAll/ZkregPlus/code/new_zkregplus/data/src_sig/spamassasin/../../samples/email/src/maildir/martin-t/deleted_items/37.
8.2/5.0	/home/xiang/Desktop/NewResearch/Projects/ZkregPlusAll/ZkregPlus/code/new_zkregplus/data/src_sig/spamassasin/../../samples/email/src/maildir/martin-t/deleted_items/42.
5.1/5.0	/home/xiang/Desktop/NewResearch/Projects/ZkregPlusAll/ZkregPlus/code/new_zkregplus/data/src_sig/spamassasin/../../samples/email/src/maildir/martin-t/deleted_items/24.
5.6/5.0	/home/xiang/Desktop/NewResearch/Projects/ZkregPlusAll/ZkregPlus/code/new_zkregplus/data/src_sig/spamassasin/../../samples/email/src/maildir/pimenov-v/inbox/141.
5.0/5.0	/home/xiang/Desktop/NewResearch/Projects/ZkregPlusAll/ZkregPlus/code/new_zkregplus/data/src_sig/spamassasin/../../samples/email/src/maildir/pimenov-v/deleted_items/292.
10.9/5.0	/home/xiang/Desktop/NewResearch/Projects/ZkregPlusAll/ZkregPlus/code/new_zkregplus/data/src_sig/spamassasin/../../samples/email/src/maildir/mckay-b/inbox/7.
5.7/5.0	/home/xiang/Desktop/NewResearch/Projects/ZkregPlusAll/ZkregPlus/code/new_zkregplus/data/src_sig/spamassasin/../../samples/email/src/maildir/mckay-b/deleted_items/52.
6.0/5.0	/home/xiang/Desktop/NewResearch/Projects/ZkregPlusAll/ZkregPlus/code/new_zkregplus/data/src_sig/spamassasin/../../samples/email/src/maildir/mckay-b/deleted_items/267.
7.5/5.0	/home/xiang/Desktop/NewResearch/Projects/ZkregPlusAll/ZkregPlus/code/new_zkregplus/data/src_sig/spamassasin/../../samples/email/src/maildir/mckay-b/deleted_items/60.
6.4/5.0	/home/xiang/Desktop/NewResearch/Projects/ZkregPlusAll/ZkregPlus/code/new_zkregplus/data/src_sig/spamassasin/../../samples/email/src/maildir/mckay-b/deleted_items/29.
9.1/5.0	/home/xiang/Desktop/NewResearch/Projects/ZkregPlusAll/ZkregPlus/code/new_zkregplus/data/src_sig/spamassasin/../../samples/email/src/maildir/mckay-b/deleted_items/93.
6.1/5.0	/home/xiang/Desktop/NewResearch/Projects/ZkregPlusAll/ZkregPlus/code/new_zkregplus/data/src_sig/spamassasin/../../samples/email/src/maildir/mckay-b/deleted_items/125.
6.4/5.0	/home/xiang/Desktop/NewResearch/Projects/ZkregPlusAll/ZkregPlus/code/new_zkregplus/data/src_sig/spamassasin/../../samples/email/src/maildir/mckay-b/deleted_items/20.
5.7/5.0	/home/xiang/Desktop/NewResearch/Projects/ZkregPlusAll/ZkregPlus/code/new_zkregplus/data/src_sig/spamassasin/../../samples/email/src/maildir/mckay-b/deleted_items/232.
5.7/5.0	/home/xiang/Desktop/NewResearch/Projects/ZkregPlusAll/ZkregPlus/code/new_zkregplus/data/src_sig/spamassasin/../../samples/email/src/maildir/mckay-b/deleted_items/21.
9.0/5.0	/home/xiang/Desktop/NewResearch/Projects/ZkregPlusAll/ZkregPlus/code/new_zkregplus/data/src_sig/spamassasin/../../samples/email/src/maildir/mckay-b/deleted_items/231.
6.0/5.0	/home/xiang/Desktop/NewResearch/Projects/ZkregPlusAll/ZkregPlus/code/new_zkregplus/data/src_sig/spamassasin/../../samples/email/src/maildir/mckay-b/deleted_items/278.
10.3/5.0	/home/xiang/Desktop/NewResearch/Projects/ZkregPlusAll/ZkregPlus/code/new_zkregplus/data/src_sig/spamassasin/../../samples/email/src/maildir/mckay-b/deleted_items/285.
5.0/5.0	/home/xiang/Desktop/NewResearch/Projects/ZkregPlusAll/ZkregPlus/code/new_zkregplus/data/src_sig/spamassasin/../../samples/email/src/maildir/mckay-b/deleted_items/281.
5.7/5.0	/home/xiang/Desktop/NewResearch/Projects/ZkregPlusAll/ZkregPlus/code/new_zkregplus/data/src_sig/spamassasin/../../samples/email/src/maildir/mckay-b/deleted_items/81.
5.1/5.0	/home/xiang/Desktop/NewResearch/Projects/ZkregPlusAll/ZkregPlus/code/new_zkregplus/data/src_sig/spamassasin/../../samples/email/src/maildir/mckay-b/deleted_items/111.
6.1/5.0	/home/xiang/Desktop/NewResearch/Projects/ZkregPlusAll/ZkregPlus/code/new_zkregplus/data/src_sig/spamassasin/../../samples/email/src/maildir/williams-j/deleted_items/339.
6.3/5.0	/home/xiang/Desktop/NewResearch/Projects/ZkregPlusAll/ZkregPlus/code/new_zkregplus/data/src_sig/spamassasin/../../samples/email/src/maildir/williams-j/deleted_items/236.
7.8/5.0	/home/xiang/Desktop/NewResearch/Projects/ZkregPlusAll/ZkregPlus/code/new_zkregplus/data/src_sig/spamassasin/../../samples/email/src/maildir/williams-j/deleted_items/156.
5.7/5.0	/home/xiang/Desktop/NewResearch/Projects/ZkregPlusAll/ZkregPlus/code/new_zkregplus/data/src_sig/spamassasin/../../samples/email/src/maildir/williams-j/deleted_items/294.
7.9/5.0	/home/xiang/Desktop/NewResearch/Projects/ZkregPlusAll/ZkregPlus/code/new_zkregplus/data/src_sig/spamassasin/../../samples/email/src/maildir/williams-j/deleted_items/217.
5.3/5.0	/home/xiang/Desktop/NewResearch/Projects/ZkregPlusAll/ZkregPlus/code/new_zkregplus/data/src_sig/spamassasin/../../samples/email/src/maildir/williams-j/deleted_items/14.
5.9/5.0	/home/xiang/Desktop/NewResearch/Projects/ZkregPlusAll/ZkregPlus/code/new_zkregplus/data/src_sig/spamassasin/../../samples/email/src/maildir/williams-j/deleted_items/186.
5.3/5.0	/home/xiang/Desktop/NewResearch/Projects/ZkregPlusAll/ZkregPlus/code/new_zkregplus/data/src_sig/spamassasin/../../samples/email/src/maildir/williams-j/deleted_items/149.
15.6/5.0	/home/xiang/Desktop/NewResearch/Projects/ZkregPlusAll/ZkregPlus/code/new_zkregplus/data/src_sig/spamassasin/../../samples/email/src/maildir/williams-j/deleted_items/372.
5.1/5.0	/home/xiang/Desktop/NewResearch/Projects/ZkregPlusAll/ZkregPlus/code/new_zkregplus/data/src_sig/spamassasin/../../samples/email/src/maildir/williams-j/deleted_items/33.
9.2/5.0	/home/xiang/Desktop/NewResearch/Projects/ZkregPlusAll/ZkregPlus/code/new_zkregplus/data/src_sig/spamassasin/../../samples/email/src/maildir/williams-j/deleted_items/443.
6.3/5.0	/home/xiang/Desktop/NewResearch/Projects/ZkregPlusAll/ZkregPlus/code/new_zkregplus/data/src_sig/spamassasin/../../samples/email/src/maildir/williams-j/deleted_items/212.
9.0/5.0	/home/xiang/Desktop/NewResearch/Projects/ZkregPlusAll/ZkregPlus/code/new_zkregplus/data/src_sig/spamassasin/../../samples/email/src/maildir/williams-j/deleted_items/379.
6.3/5.0	/home/xiang/Desktop/NewResearch/Projects/ZkregPlusAll/ZkregPlus/code/new_zkregplus/data/src_sig/spamassasin/../../samples/email/src/maildir/williams-j/deleted_items/146.
6.1/5.0	/home/xiang/Desktop/NewResearch/Projects/ZkregPlusAll/ZkregPlus/code/new_zkregplus/data/src_sig/spamassasin/../../samples/email/src/maildir/williams-j/deleted_items/91.
12.0/5.0	/home/xiang/Desktop/NewResearch/Projects/ZkregPlusAll/ZkregPlus/code/new_zkregplus/data/src_sig/spamassasin/../../samples/email/src/maildir/williams-j/deleted_items/571.
7.3/5.0	/home/xiang/Desktop/NewResearch/Projects/ZkregPlusAll/ZkregPlus/code/new_zkregplus/data/src_sig/spamassasin/../../samples/email/src/maildir/williams-j/deleted_items/412.
7.4/5.0	/home/xiang/Desktop/NewResearch/Projects/ZkregPlusAll/ZkregPlus/code/new_zkregplus/data/src_sig/spamassasin/../../samples/email/src/maildir/williams-j/deleted_items/422.
5.3/5.0	/home/xiang/Desktop/NewResearch/Projects/ZkregPlusAll/ZkregPlus/code/new_zkregplus/data/src_sig/spamassasin/../../samples/email/src/maildir/williams-j/deleted_items/100.
14.1/5.0	/home/xiang/Desktop/NewResearch/Projects/ZkregPlusAll/ZkregPlus/code/new_zkregplus/data/src_sig/spamassasin/../../samples/email/src/maildir/williams-j/deleted_items/438.
6.9/5.0	/home/xiang/Desktop/NewResearch/Projects/ZkregPlusAll/ZkregPlus/code/new_zkregplus/data/src_sig/spamassasin/../../samples/email/src/maildir/williams-j/deleted_items/572.
5.5/5.0	/home/xiang/Desktop/NewResearch/Projects/ZkregPlusAll/ZkregPlus/code/new_zkregplus/data/src_sig/spamassasin/../../samples/email/src/maildir/williams-j/deleted_items/101.
5.3/5.0	/home/xiang/Desktop/NewResearch/Projects/ZkregPlusAll/ZkregPlus/code/new_zkregplus/data/src_sig/spamassasin/../../samples/email/src/maildir/williams-j/deleted_items/145.
6.5/5.0	/home/xiang/Desktop/NewResearch/Projects/ZkregPlusAll/ZkregPlus/code/new_zkregplus/data/src_sig/spamassasin/../../samples/email/src/maildir/williams-j/deleted_items/409.
6.3/5.0	/home/xiang/Desktop/NewResearch/Projects/ZkregPlusAll/ZkregPlus/code/new_zkregplus/data/src_sig/spamassasin/../../samples/email/src/maildir/williams-j/deleted_items/177.
10.1/5.0	/home/xiang/Desktop/NewResearch/Projects/ZkregPlusAll/ZkregPlus/code/new_zkregplus/data/src_sig/spamassasin/../../samples/email/src/maildir/williams-j/deleted_items/414.
6.7/5.0	/home/xiang/Desktop/NewResearch/Projects/ZkregPlusAll/ZkregPlus/code/new_zkregplus/data/src_sig/spamassasin/../../samples/email/src/maildir/williams-j/deleted_items/89.
7.4/5.0	/home/xiang/Desktop/NewResearch/Projects/ZkregPlusAll/ZkregPlus/code/new_zkregplus/data/src_sig/spamassasin/../../samples/email/src/maildir/nemec-g/inbox/240.
5.0/5.0	/home/xiang/Desktop/NewResearch/Projects/ZkregPlusAll/ZkregPlus/code/new_zkregplus/data/src_sig/spamassasin/../../samples/email/src/maildir/nemec-g/inbox/111.
5.1/5.0	/home/xiang/Desktop/NewResearch/Projects/ZkregPlusAll/ZkregPlus/code/new_zkregplus/data/src_sig/spamassasin/../../samples/email/src/maildir/nemec-g/sent/330.
5.1/5.0	/home/xiang/Desktop/NewResearch/Projects/ZkregPlusAll/ZkregPlus/code/new_zkregplus/data/src_sig/spamassasin/../../samples/email/src/maildir/nemec-g/sent/669.
9.0/5.0	/home/xiang/Desktop/NewResearch/Projects/ZkregPlusAll/ZkregPlus/code/new_zkregplus/data/src_sig/spamassasin/../../samples/email/src/maildir/nemec-g/notes_inbox/996.
5.1/5.0	/home/xiang/Desktop/NewResearch/Projects/ZkregPlusAll/ZkregPlus/code/new_zkregplus/data/src_sig/spamassasin/../../samples/email/src/maildir/nemec-g/all_documents/337.
5.1/5.0	/home/xiang/Desktop/NewResearch/Projects/ZkregPlusAll/ZkregPlus/code/new_zkregplus/data/src_sig/spamassasin/../../samples/email/src/maildir/nemec-g/all_documents/902.
9.0/5.0	/home/xiang/Desktop/NewResearch/Projects/ZkregPlusAll/ZkregPlus/code/new_zkregplus/data/src_sig/spamassasin/../../samples/email/src/maildir/nemec-g/all_documents/1972.
5.5/5.0	/home/xiang/Desktop/NewResearch/Projects/ZkregPlusAll/ZkregPlus/code/new_zkregplus/data/src_sig/spamassasin/../../samples/email/src/maildir/hernandez-j/discussion_threads/86.
5.5/5.0	/home/xiang/Desktop/NewResearch/Projects/ZkregPlusAll/ZkregPlus/code/new_zkregplus/data/src_sig/spamassasin/../../samples/email/src/maildir/hernandez-j/discussion_threads/486.
5.5/5.0	/home/xiang/Desktop/NewResearch/Projects/ZkregPlusAll/ZkregPlus/code/new_zkregplus/data/src_sig/spamassasin/../../samples/email/src/maildir/hernandez-j/_sent_mail/213.
5.5/5.0	/home/xiang/Desktop/NewResearch/Projects/ZkregPlusAll/ZkregPlus/code/new_zkregplus/data/src_sig/spamassasin/../../samples/email/src/maildir/hernandez-j/sent/213.
5.0/5.0	/home/xiang/Desktop/NewResearch/Projects/ZkregPlusAll/ZkregPlus/code/new_zkregplus/data/src_sig/spamassasin/../../samples/email/src/maildir/hernandez-j/deleted_items/4.
5.5/5.0	/home/xiang/Desktop/NewResearch/Projects/ZkregPlusAll/ZkregPlus/code/new_zkregplus/data/src_sig/spamassasin/../../samples/email/src/maildir/hernandez-j/notes_inbox/212.
5.5/5.0	/home/xiang/Desktop/NewResearch/Projects/ZkregPlusAll/ZkregPlus/code/new_zkregplus/data/src_sig/spamassasin/../../samples/email/src/maildir/hernandez-j/all_documents/303.
5.5/5.0	/home/xiang/Desktop/NewResearch/Projects/ZkregPlusAll/ZkregPlus/code/new_zkregplus/data/src_sig/spamassasin/../../samples/email/src/maildir/hernandez-j/all_documents/703.
9.1/5.0	/home/xiang/Desktop/NewResearch/Projects/ZkregPlusAll/ZkregPlus/code/new_zkregplus/data/src_sig/spamassasin/../../samples/email/src/maildir/ring-r/inbox/56.
5.0/5.0	/home/xiang/Desktop/NewResearch/Projects/ZkregPlusAll/ZkregPlus/code/new_zkregplus/data/src_sig/spamassasin/../../samples/email/src/maildir/ring-r/personalfolder/12.
6.0/5.0	/home/xiang/Desktop/NewResearch/Projects/ZkregPlusAll/ZkregPlus/code/new_zkregplus/data/src_sig/spamassasin/../../samples/email/src/maildir/ring-r/deleted_items/35.
6.0/5.0	/home/xiang/Desktop/NewResearch/Projects/ZkregPlusAll/ZkregPlus/code/new_zkregplus/data/src_sig/spamassasin/../../samples/email/src/maildir/ring-r/deleted_items/12.
5.8/5.0	/home/xiang/Desktop/NewResearch/Projects/ZkregPlusAll/ZkregPlus/code/new_zkregplus/data/src_sig/spamassasin/../../samples/email/src/maildir/harris-s/inbox/53.
5.8/5.0	/home/xiang/Desktop/NewResearch/Projects/ZkregPlusAll/ZkregPlus/code/new_zkregplus/data/src_sig/spamassasin/../../samples/email/src/maildir/harris-s/deleted_items/245.
5.5/5.0	/home/xiang/Desktop/NewResearch/Projects/ZkregPlusAll/ZkregPlus/code/new_zkregplus/data/src_sig/spamassasin/../../samples/email/src/maildir/harris-s/deleted_items/527.
5.4/5.0	/home/xiang/Desktop/NewResearch/Projects/ZkregPlusAll/ZkregPlus/code/new_zkregplus/data/src_sig/spamassasin/../../samples/email/src/maildir/harris-s/deleted_items/102.
5.5/5.0	/home/xiang/Desktop/NewResearch/Projects/ZkregPlusAll/ZkregPlus/code/new_zkregplus/data/src_sig/spamassasin/../../samples/email/src/maildir/harris-s/deleted_items/60.
12.1/5.0	/home/xiang/Desktop/NewResearch/Projects/ZkregPlusAll/ZkregPlus/code/new_zkregplus/data/src_sig/spamassasin/../../samples/email/src/maildir/harris-s/deleted_items/161.
9.0/5.0	/home/xiang/Desktop/NewResearch/Projects/ZkregPlusAll/ZkregPlus/code/new_zkregplus/data/src_sig/spamassasin/../../samples/email/src/maildir/harris-s/deleted_items/46.
6.5/5.0	/home/xiang/Desktop/NewResearch/Projects/ZkregPlusAll/ZkregPlus/code/new_zkregplus/data/src_sig/spamassasin/../../samples/email/src/maildir/harris-s/deleted_items/203.
6.5/5.0	/home/xiang/Desktop/NewResearch/Projects/ZkregPlusAll/ZkregPlus/code/new_zkregplus/data/src_sig/spamassasin/../../samples/email/src/maildir/harris-s/deleted_items/100.
6.3/5.0	/home/xiang/Desktop/NewResearch/Projects/ZkregPlusAll/ZkregPlus/code/new_zkregplus/data/src_sig/spamassasin/../../samples/email/src/maildir/harris-s/deleted_items/72.
5.5/5.0	/home/xiang/Desktop/NewResearch/Projects/ZkregPlusAll/ZkregPlus/code/new_zkregplus/data/src_sig/spamassasin/../../samples/email/src/maildir/harris-s/deleted_items/25.
5.0/5.0	/home/xiang/Desktop/NewResearch/Projects/ZkregPlusAll/ZkregPlus/code/new_zkregplus/data/src_sig/spamassasin/../../samples/email/src/maildir/harris-s/deleted_items/87.
9.2/5.0	/home/xiang/Desktop/NewResearch/Projects/ZkregPlusAll/ZkregPlus/code/new_zkregplus/data/src_sig/spamassasin/../../samples/email/src/maildir/harris-s/deleted_items/285.
9.0/5.0	/home/xiang/Desktop/NewResearch/Projects/ZkregPlusAll/ZkregPlus/code/new_zkregplus/data/src_sig/spamassasin/../../samples/email/src/maildir/harris-s/deleted_items/352.
9.0/5.0	/home/xiang/Desktop/NewResearch/Projects/ZkregPlusAll/ZkregPlus/code/new_zkregplus/data/src_sig/spamassasin/../../samples/email/src/maildir/harris-s/deleted_items/45.
8.3/5.0	/home/xiang/Desktop/NewResearch/Projects/ZkregPlusAll/ZkregPlus/code/new_zkregplus/data/src_sig/spamassasin/../../samples/email/src/maildir/harris-s/deleted_items/414.
6.0/5.0	/home/xiang/Desktop/NewResearch/Projects/ZkregPlusAll/ZkregPlus/code/new_zkregplus/data/src_sig/spamassasin/../../samples/email/src/maildir/harris-s/deleted_items/89.
5.3/5.0	/home/xiang/Desktop/NewResearch/Projects/ZkregPlusAll/ZkregPlus/code/new_zkregplus/data/src_sig/spamassasin/../../samples/email/src/maildir/campbell-l/discussion_threads/1474.
6.3/5.0	/home/xiang/Desktop/NewResearch/Projects/ZkregPlusAll/ZkregPlus/code/new_zkregplus/data/src_sig/spamassasin/../../samples/email/src/maildir/campbell-l/discussion_threads/1405.
5.3/5.0	/home/xiang/Desktop/NewResearch/Projects/ZkregPlusAll/ZkregPlus/code/new_zkregplus/data/src_sig/spamassasin/../../samples/email/src/maildir/campbell-l/discussion_threads/858.
5.3/5.0	/home/xiang/Desktop/NewResearch/Projects/ZkregPlusAll/ZkregPlus/code/new_zkregplus/data/src_sig/spamassasin/../../samples/email/src/maildir/campbell-l/discussion_threads/1418.
6.3/5.0	/home/xiang/Desktop/NewResearch/Projects/ZkregPlusAll/ZkregPlus/code/new_zkregplus/data/src_sig/spamassasin/../../samples/email/src/maildir/campbell-l/discussion_threads/1265.
6.3/5.0	/home/xiang/Desktop/NewResearch/Projects/ZkregPlusAll/ZkregPlus/code/new_zkregplus/data/src_sig/spamassasin/../../samples/email/src/maildir/campbell-l/discussion_threads/1406.
5.7/5.0	/home/xiang/Desktop/NewResearch/Projects/ZkregPlusAll/ZkregPlus/code/new_zkregplus/data/src_sig/spamassasin/../../samples/email/src/maildir/campbell-l/discussion_threads/851.
5.3/5.0	/home/xiang/Desktop/NewResearch/Projects/ZkregPlusAll/ZkregPlus/code/new_zkregplus/data/src_sig/spamassasin/../../samples/email/src/maildir/campbell-l/discussion_threads/1361.
5.5/5.0	/home/xiang/Desktop/NewResearch/Projects/ZkregPlusAll/ZkregPlus/code/new_zkregplus/data/src_sig/spamassasin/../../samples/email/src/maildir/campbell-l/inbox/1260.
14.7/5.0	/home/xiang/Desktop/NewResearch/Projects/ZkregPlusAll/ZkregPlus/code/new_zkregplus/data/src_sig/spamassasin/../../samples/email/src/maildir/campbell-l/inbox/1191.
5.4/5.0	/home/xiang/Desktop/NewResearch/Projects/ZkregPlusAll/ZkregPlus/code/new_zkregplus/data/src_sig/spamassasin/../../samples/email/src/maildir/campbell-l/inbox/334.
13.6/5.0	/home/xiang/Desktop/NewResearch/Projects/ZkregPlusAll/ZkregPlus/code/new_zkregplus/data/src_sig/spamassasin/../../samples/email/src/maildir/campbell-l/inbox/1161.
8.1/5.0	/home/xiang/Desktop/NewResearch/Projects/ZkregPlusAll/ZkregPlus/code/new_zkregplus/data/src_sig/spamassasin/../../samples/email/src/maildir/campbell-l/inbox/562.
7.4/5.0	/home/xiang/Desktop/NewResearch/Projects/ZkregPlusAll/ZkregPlus/code/new_zkregplus/data/src_sig/spamassasin/../../samples/email/src/maildir/campbell-l/inbox/371.
5.7/5.0	/home/xiang/Desktop/NewResearch/Projects/ZkregPlusAll/ZkregPlus/code/new_zkregplus/data/src_sig/spamassasin/../../samples/email/src/maildir/campbell-l/inbox/34.
8.0/5.0	/home/xiang/Desktop/NewResearch/Projects/ZkregPlusAll/ZkregPlus/code/new_zkregplus/data/src_sig/spamassasin/../../samples/email/src/maildir/campbell-l/inbox/1377.
5.4/5.0	/home/xiang/Desktop/NewResearch/Projects/ZkregPlusAll/ZkregPlus/code/new_zkregplus/data/src_sig/spamassasin/../../samples/email/src/maildir/campbell-l/inbox/1215.
6.0/5.0	/home/xiang/Desktop/NewResearch/Projects/ZkregPlusAll/ZkregPlus/code/new_zkregplus/data/src_sig/spamassasin/../../samples/email/src/maildir/campbell-l/inbox/1203.
5.3/5.0	/home/xiang/Desktop/NewResearch/Projects/ZkregPlusAll/ZkregPlus/code/new_zkregplus/data/src_sig/spamassasin/../../samples/email/src/maildir/campbell-l/inbox/59.
5.0/5.0	/home/xiang/Desktop/NewResearch/Projects/ZkregPlusAll/ZkregPlus/code/new_zkregplus/data/src_sig/spamassasin/../../samples/email/src/maildir/campbell-l/inbox/525.
5.8/5.0	/home/xiang/Desktop/NewResearch/Projects/ZkregPlusAll/ZkregPlus/code/new_zkregplus/data/src_sig/spamassasin/../../samples/email/src/maildir/campbell-l/inbox/1197.
5.3/5.0	/home/xiang/Desktop/NewResearch/Projects/ZkregPlusAll/ZkregPlus/code/new_zkregplus/data/src_sig/spamassasin/../../samples/email/src/maildir/campbell-l/inbox/1420.
5.2/5.0	/home/xiang/Desktop/NewResearch/Projects/ZkregPlusAll/ZkregPlus/code/new_zkregplus/data/src_sig/spamassasin/../../samples/email/src/maildir/campbell-l/inbox/993.
5.6/5.0	/home/xiang/Desktop/NewResearch/Projects/ZkregPlusAll/ZkregPlus/code/new_zkregplus/data/src_sig/spamassasin/../../samples/email/src/maildir/campbell-l/inbox/1167.
10.1/5.0	/home/xiang/Desktop/NewResearch/Projects/ZkregPlusAll/ZkregPlus/code/new_zkregplus/data/src_sig/spamassasin/../../samples/email/src/maildir/campbell-l/inbox/1048.
5.7/5.0	/home/xiang/Desktop/NewResearch/Projects/ZkregPlusAll/ZkregPlus/code/new_zkregplus/data/src_sig/spamassasin/../../samples/email/src/maildir/campbell-l/inbox/939.
10.9/5.0	/home/xiang/Desktop/NewResearch/Projects/ZkregPlusAll/ZkregPlus/code/new_zkregplus/data/src_sig/spamassasin/../../samples/email/src/maildir/campbell-l/inbox/1108.
5.2/5.0	/home/xiang/Desktop/NewResearch/Projects/ZkregPlusAll/ZkregPlus/code/new_zkregplus/data/src_sig/spamassasin/../../samples/email/src/maildir/campbell-l/inbox/1063.
5.3/5.0	/home/xiang/Desktop/NewResearch/Projects/ZkregPlusAll/ZkregPlus/code/new_zkregplus/data/src_sig/spamassasin/../../samples/email/src/maildir/campbell-l/inbox/1009.
6.2/5.0	/home/xiang/Desktop/NewResearch/Projects/ZkregPlusAll/ZkregPlus/code/new_zkregplus/data/src_sig/spamassasin/../../samples/email/src/maildir/campbell-l/inbox/880.
5.4/5.0	/home/xiang/Desktop/NewResearch/Projects/ZkregPlusAll/ZkregPlus/code/new_zkregplus/data/src_sig/spamassasin/../../samples/email/src/maildir/campbell-l/inbox/1283.
5.4/5.0	/home/xiang/Desktop/NewResearch/Projects/ZkregPlusAll/ZkregPlus/code/new_zkregplus/data/src_sig/spamassasin/../../samples/email/src/maildir/campbell-l/inbox/1068.
6.5/5.0	/home/xiang/Desktop/NewResearch/Projects/ZkregPlusAll/ZkregPlus/code/new_zkregplus/data/src_sig/spamassasin/../../samples/email/src/maildir/campbell-l/inbox/1265.
8.0/5.0	/home/xiang/Desktop/NewResearch/Projects/ZkregPlusAll/ZkregPlus/code/new_zkregplus/data/src_sig/spamassasin/../../samples/email/src/maildir/campbell-l/inbox/919.
5.3/5.0	/home/xiang/Desktop/NewResearch/Projects/ZkregPlusAll/ZkregPlus/code/new_zkregplus/data/src_sig/spamassasin/../../samples/email/src/maildir/campbell-l/inbox/1076.
5.3/5.0	/home/xiang/Desktop/NewResearch/Projects/ZkregPlusAll/ZkregPlus/code/new_zkregplus/data/src_sig/spamassasin/../../samples/email/src/maildir/campbell-l/inbox/1137.
10.4/5.0	/home/xiang/Desktop/NewResearch/Projects/ZkregPlusAll/ZkregPlus/code/new_zkregplus/data/src_sig/spamassasin/../../samples/email/src/maildir/campbell-l/inbox/1223.
5.3/5.0	/home/xiang/Desktop/NewResearch/Projects/ZkregPlusAll/ZkregPlus/code/new_zkregplus/data/src_sig/spamassasin/../../samples/email/src/maildir/campbell-l/inbox/1100.
7.2/5.0	/home/xiang/Desktop/NewResearch/Projects/ZkregPlusAll/ZkregPlus/code/new_zkregplus/data/src_sig/spamassasin/../../samples/email/src/maildir/campbell-l/inbox/1180.
5.1/5.0	/home/xiang/Desktop/NewResearch/Projects/ZkregPlusAll/ZkregPlus/code/new_zkregplus/data/src_sig/spamassasin/../../samples/email/src/maildir/campbell-l/inbox/1208.
5.3/5.0	/home/xiang/Desktop/NewResearch/Projects/ZkregPlusAll/ZkregPlus/code/new_zkregplus/data/src_sig/spamassasin/../../samples/email/src/maildir/campbell-l/inbox/1112.
5.4/5.0	/home/xiang/Desktop/NewResearch/Projects/ZkregPlusAll/ZkregPlus/code/new_zkregplus/data/src_sig/spamassasin/../../samples/email/src/maildir/campbell-l/inbox/225.
5.5/5.0	/home/xiang/Desktop/NewResearch/Projects/ZkregPlusAll/ZkregPlus/code/new_zkregplus/data/src_sig/spamassasin/../../samples/email/src/maildir/campbell-l/inbox/1279.
8.9/5.0	/home/xiang/Desktop/NewResearch/Projects/ZkregPlusAll/ZkregPlus/code/new_zkregplus/data/src_sig/spamassasin/../../samples/email/src/maildir/campbell-l/inbox/1195.
5.3/5.0	/home/xiang/Desktop/NewResearch/Projects/ZkregPlusAll/ZkregPlus/code/new_zkregplus/data/src_sig/spamassasin/../../samples/email/src/maildir/campbell-l/notes_inbox/705.
5.7/5.0	/home/xiang/Desktop/NewResearch/Projects/ZkregPlusAll/ZkregPlus/code/new_zkregplus/data/src_sig/spamassasin/../../samples/email/src/maildir/campbell-l/notes_inbox/322.
5.3/5.0	/home/xiang/Desktop/NewResearch/Projects/ZkregPlusAll/ZkregPlus/code/new_zkregplus/data/src_sig/spamassasin/../../samples/email/src/maildir/campbell-l/notes_inbox/315.
6.3/5.0	/home/xiang/Desktop/NewResearch/Projects/ZkregPlusAll/ZkregPlus/code/new_zkregplus/data/src_sig/spamassasin/../../samples/email/src/maildir/campbell-l/notes_inbox/746.
5.3/5.0	/home/xiang/Desktop/NewResearch/Projects/ZkregPlusAll/ZkregPlus/code/new_zkregplus/data/src_sig/spamassasin/../../samples/email/src/maildir/campbell-l/notes_inbox/740.
5.3/5.0	/home/xiang/Desktop/NewResearch/Projects/ZkregPlusAll/ZkregPlus/code/new_zkregplus/data/src_sig/spamassasin/../../samples/email/src/maildir/campbell-l/all_documents/1587.
5.3/5.0	/home/xiang/Desktop/NewResearch/Projects/ZkregPlusAll/ZkregPlus/code/new_zkregplus/data/src_sig/spamassasin/../../samples/email/src/maildir/campbell-l/all_documents/1643.
5.3/5.0	/home/xiang/Desktop/NewResearch/Projects/ZkregPlusAll/ZkregPlus/code/new_zkregplus/data/src_sig/spamassasin/../../samples/email/src/maildir/campbell-l/all_documents/1530.
5.3/5.0	/home/xiang/Desktop/NewResearch/Projects/ZkregPlusAll/ZkregPlus/code/new_zkregplus/data/src_sig/spamassasin/../../samples/email/src/maildir/campbell-l/all_documents/983.
5.7/5.0	/home/xiang/Desktop/NewResearch/Projects/ZkregPlusAll/ZkregPlus/code/new_zkregplus/data/src_sig/spamassasin/../../samples/email/src/maildir/campbell-l/all_documents/976.
6.3/5.0	/home/xiang/Desktop/NewResearch/Projects/ZkregPlusAll/ZkregPlus/code/new_zkregplus/data/src_sig/spamassasin/../../samples/email/src/maildir/campbell-l/all_documents/1575.
6.3/5.0	/home/xiang/Desktop/NewResearch/Projects/ZkregPlusAll/ZkregPlus/code/new_zkregplus/data/src_sig/spamassasin/../../samples/email/src/maildir/campbell-l/all_documents/1434.
6.3/5.0	/home/xiang/Desktop/NewResearch/Projects/ZkregPlusAll/ZkregPlus/code/new_zkregplus/data/src_sig/spamassasin/../../samples/email/src/maildir/campbell-l/all_documents/1574.
5.0/5.0	/home/xiang/Desktop/NewResearch/Projects/ZkregPlusAll/ZkregPlus/code/new_zkregplus/data/src_sig/spamassasin/../../samples/email/src/maildir/white-s/deleted_items/978.
5.0/5.0	/home/xiang/Desktop/NewResearch/Projects/ZkregPlusAll/ZkregPlus/code/new_zkregplus/data/src_sig/spamassasin/../../samples/email/src/maildir/forney-j/sent_items/64.
5.2/5.0	/home/xiang/Desktop/NewResearch/Projects/ZkregPlusAll/ZkregPlus/code/new_zkregplus/data/src_sig/spamassasin/../../samples/email/src/maildir/kitchen-l/sent_items/663.
6.9/5.0	/home/xiang/Desktop/NewResearch/Projects/ZkregPlusAll/ZkregPlus/code/new_zkregplus/data/src_sig/spamassasin/../../samples/email/src/maildir/kitchen-l/deleted_items/44.
5.4/5.0	/home/xiang/Desktop/NewResearch/Projects/ZkregPlusAll/ZkregPlus/code/new_zkregplus/data/src_sig/spamassasin/../../samples/email/src/maildir/kitchen-l/deleted_items/242.
5.3/5.0	/home/xiang/Desktop/NewResearch/Projects/ZkregPlusAll/ZkregPlus/code/new_zkregplus/data/src_sig/spamassasin/../../samples/email/src/maildir/kitchen-l/deleted_items/103.
5.1/5.0	/home/xiang/Desktop/NewResearch/Projects/ZkregPlusAll/ZkregPlus/code/new_zkregplus/data/src_sig/spamassasin/../../samples/email/src/maildir/kitchen-l/deleted_items/75.
5.7/5.0	/home/xiang/Desktop/NewResearch/Projects/ZkregPlusAll/ZkregPlus/code/new_zkregplus/data/src_sig/spamassasin/../../samples/email/src/maildir/kitchen-l/_americas/ooc/214.
10.9/5.0	/home/xiang/Desktop/NewResearch/Projects/ZkregPlusAll/ZkregPlus/code/new_zkregplus/data/src_sig/spamassasin/../../samples/email/src/maildir/kitchen-l/_americas/ooc/188.
5.1/5.0	/home/xiang/Desktop/NewResearch/Projects/ZkregPlusAll/ZkregPlus/code/new_zkregplus/data/src_sig/spamassasin/../../samples/email/src/maildir/kitchen-l/_americas/ooc/220.
6.1/5.0	/home/xiang/Desktop/NewResearch/Projects/ZkregPlusAll/ZkregPlus/code/new_zkregplus/data/src_sig/spamassasin/../../samples/email/src/maildir/kitchen-l/_americas/ooc/221.
5.0/5.0	/home/xiang/Desktop/NewResearch/Projects/ZkregPlusAll/ZkregPlus/code/new_zkregplus/data/src_sig/spamassasin/../../samples/email/src/maildir/kitchen-l/_americas/ooc/238.
6.4/5.0	/home/xiang/Desktop/NewResearch/Projects/ZkregPlusAll/ZkregPlus/code/new_zkregplus/data/src_sig/spamassasin/../../samples/email/src/maildir/kitchen-l/_americas/ooc/197.
6.4/5.0	/home/xiang/Desktop/NewResearch/Projects/ZkregPlusAll/ZkregPlus/code/new_zkregplus/data/src_sig/spamassasin/../../samples/email/src/maildir/kitchen-l/_americas/ooc/200.
7.5/5.0	/home/xiang/Desktop/NewResearch/Projects/ZkregPlusAll/ZkregPlus/code/new_zkregplus/data/src_sig/spamassasin/../../samples/email/src/maildir/kitchen-l/_americas/ooc/206.
9.1/5.0	/home/xiang/Desktop/NewResearch/Projects/ZkregPlusAll/ZkregPlus/code/new_zkregplus/data/src_sig/spamassasin/../../samples/email/src/maildir/kitchen-l/_americas/ooc/215.
5.7/5.0	/home/xiang/Desktop/NewResearch/Projects/ZkregPlusAll/ZkregPlus/code/new_zkregplus/data/src_sig/spamassasin/../../samples/email/src/maildir/kitchen-l/_americas/ooc/198.
5.7/5.0	/home/xiang/Desktop/NewResearch/Projects/ZkregPlusAll/ZkregPlus/code/new_zkregplus/data/src_sig/spamassasin/../../samples/email/src/maildir/kitchen-l/_americas/sec_media/69.
5.9/5.0	/home/xiang/Desktop/NewResearch/Projects/ZkregPlusAll/ZkregPlus/code/new_zkregplus/data/src_sig/spamassasin/../../samples/email/src/maildir/kitchen-l/_americas/sec_media/52.
11.0/5.0	/home/xiang/Desktop/NewResearch/Projects/ZkregPlusAll/ZkregPlus/code/new_zkregplus/data/src_sig/spamassasin/../../samples/email/src/maildir/kitchen-l/_americas/sec_media/35.
6.4/5.0	/home/xiang/Desktop/NewResearch/Projects/ZkregPlusAll/ZkregPlus/code/new_zkregplus/data/src_sig/spamassasin/../../samples/email/src/maildir/kitchen-l/_americas/sec_media/70.
6.1/5.0	/home/xiang/Desktop/NewResearch/Projects/ZkregPlusAll/ZkregPlus/code/new_zkregplus/data/src_sig/spamassasin/../../samples/email/src/maildir/kitchen-l/_americas/sec_media/78.
5.7/5.0	/home/xiang/Desktop/NewResearch/Projects/ZkregPlusAll/ZkregPlus/code/new_zkregplus/data/src_sig/spamassasin/../../samples/email/src/maildir/kitchen-l/_americas/sec_media/43.
5.1/5.0	/home/xiang/Desktop/NewResearch/Projects/ZkregPlusAll/ZkregPlus/code/new_zkregplus/data/src_sig/spamassasin/../../samples/email/src/maildir/kitchen-l/_americas/sec_media/77.
5.7/5.0	/home/xiang/Desktop/NewResearch/Projects/ZkregPlusAll/ZkregPlus/code/new_zkregplus/data/src_sig/spamassasin/../../samples/email/src/maildir/kitchen-l/_americas/sec_media/60.
5.8/5.0	/home/xiang/Desktop/NewResearch/Projects/ZkregPlusAll/ZkregPlus/code/new_zkregplus/data/src_sig/spamassasin/../../samples/email/src/maildir/kitchen-l/_americas/sec_media/71.
5.0/5.0	/home/xiang/Desktop/NewResearch/Projects/ZkregPlusAll/ZkregPlus/code/new_zkregplus/data/src_sig/spamassasin/../../samples/email/src/maildir/kitchen-l/_americas/sec_media/46.
5.0/5.0	/home/xiang/Desktop/NewResearch/Projects/ZkregPlusAll/ZkregPlus/code/new_zkregplus/data/src_sig/spamassasin/../../samples/email/src/maildir/kitchen-l/_americas/sec_media/84.
5.7/5.0	/home/xiang/Desktop/NewResearch/Projects/ZkregPlusAll/ZkregPlus/code/new_zkregplus/data/src_sig/spamassasin/../../samples/email/src/maildir/kitchen-l/_americas/sec_media/19.
6.1/5.0	/home/xiang/Desktop/NewResearch/Projects/ZkregPlusAll/ZkregPlus/code/new_zkregplus/data/src_sig/spamassasin/../../samples/email/src/maildir/kitchen-l/_americas/sec_media/11.
8.9/5.0	/home/xiang/Desktop/NewResearch/Projects/ZkregPlusAll/ZkregPlus/code/new_zkregplus/data/src_sig/spamassasin/../../samples/email/src/maildir/kitchen-l/_americas/sec_media/36.
6.5/5.0	/home/xiang/Desktop/NewResearch/Projects/ZkregPlusAll/ZkregPlus/code/new_zkregplus/data/src_sig/spamassasin/../../samples/email/src/maildir/kitchen-l/_americas/sec_media/54.
5.0/5.0	/home/xiang/Desktop/NewResearch/Projects/ZkregPlusAll/ZkregPlus/code/new_zkregplus/data/src_sig/spamassasin/../../samples/email/src/maildir/kitchen-l/_americas/sec_media/18.
6.4/5.0	/home/xiang/Desktop/NewResearch/Projects/ZkregPlusAll/ZkregPlus/code/new_zkregplus/data/src_sig/spamassasin/../../samples/email/src/maildir/kitchen-l/_americas/sec_media/14.
5.7/5.0	/home/xiang/Desktop/NewResearch/Projects/ZkregPlusAll/ZkregPlus/code/new_zkregplus/data/src_sig/spamassasin/../../samples/email/src/maildir/kitchen-l/_americas/sec_media/5.
6.4/5.0	/home/xiang/Desktop/NewResearch/Projects/ZkregPlusAll/ZkregPlus/code/new_zkregplus/data/src_sig/spamassasin/../../samples/email/src/maildir/kitchen-l/_americas/sec_media/16.
8.4/5.0	/home/xiang/Desktop/NewResearch/Projects/ZkregPlusAll/ZkregPlus/code/new_zkregplus/data/src_sig/spamassasin/../../samples/email/src/maildir/kitchen-l/_americas/sec_media/57.
6.4/5.0	/home/xiang/Desktop/NewResearch/Projects/ZkregPlusAll/ZkregPlus/code/new_zkregplus/data/src_sig/spamassasin/../../samples/email/src/maildir/kitchen-l/_americas/sec_media/33.
6.0/5.0	/home/xiang/Desktop/NewResearch/Projects/ZkregPlusAll/ZkregPlus/code/new_zkregplus/data/src_sig/spamassasin/../../samples/email/src/maildir/kitchen-l/_americas/sec_media/22.
7.6/5.0	/home/xiang/Desktop/NewResearch/Projects/ZkregPlusAll/ZkregPlus/code/new_zkregplus/data/src_sig/spamassasin/../../samples/email/src/maildir/kitchen-l/_americas/sec_media/59.
6.4/5.0	/home/xiang/Desktop/NewResearch/Projects/ZkregPlusAll/ZkregPlus/code/new_zkregplus/data/src_sig/spamassasin/../../samples/email/src/maildir/kitchen-l/_americas/sec_media/44.
6.4/5.0	/home/xiang/Desktop/NewResearch/Projects/ZkregPlusAll/ZkregPlus/code/new_zkregplus/data/src_sig/spamassasin/../../samples/email/src/maildir/kitchen-l/_americas/sec_media/40.
6.4/5.0	/home/xiang/Desktop/NewResearch/Projects/ZkregPlusAll/ZkregPlus/code/new_zkregplus/data/src_sig/spamassasin/../../samples/email/src/maildir/kitchen-l/_americas/sec_media/68.
6.0/5.0	/home/xiang/Desktop/NewResearch/Projects/ZkregPlusAll/ZkregPlus/code/new_zkregplus/data/src_sig/spamassasin/../../samples/email/src/maildir/kitchen-l/_americas/sec_media/10.
8.8/5.0	/home/xiang/Desktop/NewResearch/Projects/ZkregPlusAll/ZkregPlus/code/new_zkregplus/data/src_sig/spamassasin/../../samples/email/src/maildir/kitchen-l/_americas/sec_media/83.
7.4/5.0	/home/xiang/Desktop/NewResearch/Projects/ZkregPlusAll/ZkregPlus/code/new_zkregplus/data/src_sig/spamassasin/../../samples/email/src/maildir/kitchen-l/_americas/sec_media/20.
6.4/5.0	/home/xiang/Desktop/NewResearch/Projects/ZkregPlusAll/ZkregPlus/code/new_zkregplus/data/src_sig/spamassasin/../../samples/email/src/maildir/kitchen-l/_americas/sec_media/32.
5.7/5.0	/home/xiang/Desktop/NewResearch/Projects/ZkregPlusAll/ZkregPlus/code/new_zkregplus/data/src_sig/spamassasin/../../samples/email/src/maildir/kitchen-l/_americas/sec_media/7.
5.7/5.0	/home/xiang/Desktop/NewResearch/Projects/ZkregPlusAll/ZkregPlus/code/new_zkregplus/data/src_sig/spamassasin/../../samples/email/src/maildir/kitchen-l/_americas/sec_media/74.
6.0/5.0	/home/xiang/Desktop/NewResearch/Projects/ZkregPlusAll/ZkregPlus/code/new_zkregplus/data/src_sig/spamassasin/../../samples/email/src/maildir/kitchen-l/_americas/sec_media/23.
8.9/5.0	/home/xiang/Desktop/NewResearch/Projects/ZkregPlusAll/ZkregPlus/code/new_zkregplus/data/src_sig/spamassasin/../../samples/email/src/maildir/kitchen-l/_americas/sec_media/9.
5.7/5.0	/home/xiang/Desktop/NewResearch/Projects/ZkregPlusAll/ZkregPlus/code/new_zkregplus/data/src_sig/spamassasin/../../samples/email/src/maildir/kitchen-l/_americas/sec_media/50.
5.7/5.0	/home/xiang/Desktop/NewResearch/Projects/ZkregPlusAll/ZkregPlus/code/new_zkregplus/data/src_sig/spamassasin/../../samples/email/src/maildir/kitchen-l/_americas/sec_media/28.
6.1/5.0	/home/xiang/Desktop/NewResearch/Projects/ZkregPlusAll/ZkregPlus/code/new_zkregplus/data/src_sig/spamassasin/../../samples/email/src/maildir/kitchen-l/_americas/sec_media/12.
7.5/5.0	/home/xiang/Desktop/NewResearch/Projects/ZkregPlusAll/ZkregPlus/code/new_zkregplus/data/src_sig/spamassasin/../../samples/email/src/maildir/kitchen-l/_americas/sec_media/39.
7.5/5.0	/home/xiang/Desktop/NewResearch/Projects/ZkregPlusAll/ZkregPlus/code/new_zkregplus/data/src_sig/spamassasin/../../samples/email/src/maildir/kitchen-l/_americas/sec_media/72.
11.1/5.0	/home/xiang/Desktop/NewResearch/Projects/ZkregPlusAll/ZkregPlus/code/new_zkregplus/data/src_sig/spamassasin/../../samples/email/src/maildir/kitchen-l/_americas/sec_media/31.
5.7/5.0	/home/xiang/Desktop/NewResearch/Projects/ZkregPlusAll/ZkregPlus/code/new_zkregplus/data/src_sig/spamassasin/../../samples/email/src/maildir/kitchen-l/_americas/sec_media/56.
6.0/5.0	/home/xiang/Desktop/NewResearch/Projects/ZkregPlusAll/ZkregPlus/code/new_zkregplus/data/src_sig/spamassasin/../../samples/email/src/maildir/kitchen-l/_americas/sec_media/25.
6.4/5.0	/home/xiang/Desktop/NewResearch/Projects/ZkregPlusAll/ZkregPlus/code/new_zkregplus/data/src_sig/spamassasin/../../samples/email/src/maildir/kitchen-l/_americas/sec_media/47.
6.0/5.0	/home/xiang/Desktop/NewResearch/Projects/ZkregPlusAll/ZkregPlus/code/new_zkregplus/data/src_sig/spamassasin/../../samples/email/src/maildir/kitchen-l/_americas/sec_media/26.
10.3/5.0	/home/xiang/Desktop/NewResearch/Projects/ZkregPlusAll/ZkregPlus/code/new_zkregplus/data/src_sig/spamassasin/../../samples/email/src/maildir/kitchen-l/_americas/sec_media/21.
5.2/5.0	/home/xiang/Desktop/NewResearch/Projects/ZkregPlusAll/ZkregPlus/code/new_zkregplus/data/src_sig/spamassasin/../../samples/email/src/maildir/kitchen-l/_americas/sec_media/3.
6.4/5.0	/home/xiang/Desktop/NewResearch/Projects/ZkregPlusAll/ZkregPlus/code/new_zkregplus/data/src_sig/spamassasin/../../samples/email/src/maildir/kitchen-l/_americas/sec_media/41.
6.4/5.0	/home/xiang/Desktop/NewResearch/Projects/ZkregPlusAll/ZkregPlus/code/new_zkregplus/data/src_sig/spamassasin/../../samples/email/src/maildir/kitchen-l/_americas/sec_media/1.
9.0/5.0	/home/xiang/Desktop/NewResearch/Projects/ZkregPlusAll/ZkregPlus/code/new_zkregplus/data/src_sig/spamassasin/../../samples/email/src/maildir/kitchen-l/_americas/sec_media/27.
10.9/5.0	/home/xiang/Desktop/NewResearch/Projects/ZkregPlusAll/ZkregPlus/code/new_zkregplus/data/src_sig/spamassasin/../../samples/email/src/maildir/kitchen-l/_americas/sec_media/65.
9.1/5.0	/home/xiang/Desktop/NewResearch/Projects/ZkregPlusAll/ZkregPlus/code/new_zkregplus/data/src_sig/spamassasin/../../samples/email/src/maildir/kitchen-l/_americas/sec_media/75.
6.0/5.0	/home/xiang/Desktop/NewResearch/Projects/ZkregPlusAll/ZkregPlus/code/new_zkregplus/data/src_sig/spamassasin/../../samples/email/src/maildir/kitchen-l/_americas/press/6.
5.0/5.0	/home/xiang/Desktop/NewResearch/Projects/ZkregPlusAll/ZkregPlus/code/new_zkregplus/data/src_sig/spamassasin/../../samples/email/src/maildir/kitchen-l/_americas/esvl/712.
5.3/5.0	/home/xiang/Desktop/NewResearch/Projects/ZkregPlusAll/ZkregPlus/code/new_zkregplus/data/src_sig/spamassasin/../../samples/email/src/maildir/kitchen-l/_americas/esvl/505.
9.1/5.0	/home/xiang/Desktop/NewResearch/Projects/ZkregPlusAll/ZkregPlus/code/new_zkregplus/data/src_sig/spamassasin/../../samples/email/src/maildir/kitchen-l/_americas/esvl/705.
5.1/5.0	/home/xiang/Desktop/NewResearch/Projects/ZkregPlusAll/ZkregPlus/code/new_zkregplus/data/src_sig/spamassasin/../../samples/email/src/maildir/kitchen-l/_americas/esvl/707.
5.7/5.0	/home/xiang/Desktop/NewResearch/Projects/ZkregPlusAll/ZkregPlus/code/new_zkregplus/data/src_sig/spamassasin/../../samples/email/src/maildir/kitchen-l/_americas/esvl/748.
5.1/5.0	/home/xiang/Desktop/NewResearch/Projects/ZkregPlusAll/ZkregPlus/code/new_zkregplus/data/src_sig/spamassasin/../../samples/email/src/maildir/kitchen-l/_americas/esvl/519.
5.7/5.0	/home/xiang/Desktop/NewResearch/Projects/ZkregPlusAll/ZkregPlus/code/new_zkregplus/data/src_sig/spamassasin/../../samples/email/src/maildir/kitchen-l/_americas/esvl/769.
6.0/5.0	/home/xiang/Desktop/NewResearch/Projects/ZkregPlusAll/ZkregPlus/code/new_zkregplus/data/src_sig/spamassasin/../../samples/email/src/maildir/kitchen-l/_americas/esvl/428.
6.4/5.0	/home/xiang/Desktop/NewResearch/Projects/ZkregPlusAll/ZkregPlus/code/new_zkregplus/data/src_sig/spamassasin/../../samples/email/src/maildir/kitchen-l/_americas/esvl/699.
6.1/5.0	/home/xiang/Desktop/NewResearch/Projects/ZkregPlusAll/ZkregPlus/code/new_zkregplus/data/src_sig/spamassasin/../../samples/email/src/maildir/kitchen-l/_americas/esvl/708.
5.7/5.0	/home/xiang/Desktop/NewResearch/Projects/ZkregPlusAll/ZkregPlus/code/new_zkregplus/data/src_sig/spamassasin/../../samples/email/src/maildir/kitchen-l/_americas/esvl/700.
10.9/5.0	/home/xiang/Desktop/NewResearch/Projects/ZkregPlusAll/ZkregPlus/code/new_zkregplus/data/src_sig/spamassasin/../../samples/email/src/maildir/kitchen-l/_americas/esvl/691.
5.3/5.0	/home/xiang/Desktop/NewResearch/Projects/ZkregPlusAll/ZkregPlus/code/new_zkregplus/data/src_sig/spamassasin/../../samples/email/src/maildir/kitchen-l/_americas/esvl/511.
5.7/5.0	/home/xiang/Desktop/NewResearch/Projects/ZkregPlusAll/ZkregPlus/code/new_zkregplus/data/src_sig/spamassasin/../../samples/email/src/maildir/kitchen-l/_americas/esvl/704.
6.4/5.0	/home/xiang/Desktop/NewResearch/Projects/ZkregPlusAll/ZkregPlus/code/new_zkregplus/data/src_sig/spamassasin/../../samples/email/src/maildir/kitchen-l/_americas/esvl/701.
6.5/5.0	/home/xiang/Desktop/NewResearch/Projects/ZkregPlusAll/ZkregPlus/code/new_zkregplus/data/src_sig/spamassasin/../../samples/email/src/maildir/kitchen-l/_americas/esvl/747.
7.5/5.0	/home/xiang/Desktop/NewResearch/Projects/ZkregPlusAll/ZkregPlus/code/new_zkregplus/data/src_sig/spamassasin/../../samples/email/src/maildir/kitchen-l/_americas/esvl/703.
5.0/5.0	/home/xiang/Desktop/NewResearch/Projects/ZkregPlusAll/ZkregPlus/code/new_zkregplus/data/src_sig/spamassasin/../../samples/email/src/maildir/sager-e/epmi___power/119.
5.1/5.0	/home/xiang/Desktop/NewResearch/Projects/ZkregPlusAll/ZkregPlus/code/new_zkregplus/data/src_sig/spamassasin/../../samples/email/src/maildir/sager-e/inbox/260.
5.1/5.0	/home/xiang/Desktop/NewResearch/Projects/ZkregPlusAll/ZkregPlus/code/new_zkregplus/data/src_sig/spamassasin/../../samples/email/src/maildir/sager-e/inbox/949.
5.1/5.0	/home/xiang/Desktop/NewResearch/Projects/ZkregPlusAll/ZkregPlus/code/new_zkregplus/data/src_sig/spamassasin/../../samples/email/src/maildir/sager-e/deleted_items/76.
5.0/5.0	/home/xiang/Desktop/NewResearch/Projects/ZkregPlusAll/ZkregPlus/code/new_zkregplus/data/src_sig/spamassasin/../../samples/email/src/maildir/sager-e/all_documents/3642.
5.0/5.0	/home/xiang/Desktop/NewResearch/Projects/ZkregPlusAll/ZkregPlus/code/new_zkregplus/data/src_sig/spamassasin/../../samples/email/src/maildir/sager-e/all_documents/1114.
5.1/5.0	/home/xiang/Desktop/NewResearch/Projects/ZkregPlusAll/ZkregPlus/code/new_zkregplus/data/src_sig/spamassasin/../../samples/email/src/maildir/kean-s/sent_items/281.
8.1/5.0	/home/xiang/Desktop/NewResearch/Projects/ZkregPlusAll/ZkregPlus/code/new_zkregplus/data/src_sig/spamassasin/../../samples/email/src/maildir/kean-s/discussion_threads/3460.
6.5/5.0	/home/xiang/Desktop/NewResearch/Projects/ZkregPlusAll/ZkregPlus/code/new_zkregplus/data/src_sig/spamassasin/../../samples/email/src/maildir/kean-s/discussion_threads/2843.
5.5/5.0	/home/xiang/Desktop/NewResearch/Projects/ZkregPlusAll/ZkregPlus/code/new_zkregplus/data/src_sig/spamassasin/../../samples/email/src/maildir/kean-s/discussion_threads/806.
5.1/5.0	/home/xiang/Desktop/NewResearch/Projects/ZkregPlusAll/ZkregPlus/code/new_zkregplus/data/src_sig/spamassasin/../../samples/email/src/maildir/kean-s/discussion_threads/3465.
5.5/5.0	/home/xiang/Desktop/NewResearch/Projects/ZkregPlusAll/ZkregPlus/code/new_zkregplus/data/src_sig/spamassasin/../../samples/email/src/maildir/kean-s/discussion_threads/1806.
6.4/5.0	/home/xiang/Desktop/NewResearch/Projects/ZkregPlusAll/ZkregPlus/code/new_zkregplus/data/src_sig/spamassasin/../../samples/email/src/maildir/kean-s/discussion_threads/3412.
5.9/5.0	/home/xiang/Desktop/NewResearch/Projects/ZkregPlusAll/ZkregPlus/code/new_zkregplus/data/src_sig/spamassasin/../../samples/email/src/maildir/kean-s/discussion_threads/3429.
7.6/5.0	/home/xiang/Desktop/NewResearch/Projects/ZkregPlusAll/ZkregPlus/code/new_zkregplus/data/src_sig/spamassasin/../../samples/email/src/maildir/kean-s/discussion_threads/2178.
5.8/5.0	/home/xiang/Desktop/NewResearch/Projects/ZkregPlusAll/ZkregPlus/code/new_zkregplus/data/src_sig/spamassasin/../../samples/email/src/maildir/kean-s/discussion_threads/3162.
5.3/5.0	/home/xiang/Desktop/NewResearch/Projects/ZkregPlusAll/ZkregPlus/code/new_zkregplus/data/src_sig/spamassasin/../../samples/email/src/maildir/kean-s/discussion_threads/2038.
9.1/5.0	/home/xiang/Desktop/NewResearch/Projects/ZkregPlusAll/ZkregPlus/code/new_zkregplus/data/src_sig/spamassasin/../../samples/email/src/maildir/kean-s/discussion_threads/3452.
5.7/5.0	/home/xiang/Desktop/NewResearch/Projects/ZkregPlusAll/ZkregPlus/code/new_zkregplus/data/src_sig/spamassasin/../../samples/email/src/maildir/kean-s/discussion_threads/7218.
8.4/5.0	/home/xiang/Desktop/NewResearch/Projects/ZkregPlusAll/ZkregPlus/code/new_zkregplus/data/src_sig/spamassasin/../../samples/email/src/maildir/kean-s/discussion_threads/3202.
5.7/5.0	/home/xiang/Desktop/NewResearch/Projects/ZkregPlusAll/ZkregPlus/code/new_zkregplus/data/src_sig/spamassasin/../../samples/email/src/maildir/kean-s/discussion_threads/3439.
8.1/5.0	/home/xiang/Desktop/NewResearch/Projects/ZkregPlusAll/ZkregPlus/code/new_zkregplus/data/src_sig/spamassasin/../../samples/email/src/maildir/kean-s/discussion_threads/3142.
6.2/5.0	/home/xiang/Desktop/NewResearch/Projects/ZkregPlusAll/ZkregPlus/code/new_zkregplus/data/src_sig/spamassasin/../../samples/email/src/maildir/kean-s/discussion_threads/1174.
5.0/5.0	/home/xiang/Desktop/NewResearch/Projects/ZkregPlusAll/ZkregPlus/code/new_zkregplus/data/src_sig/spamassasin/../../samples/email/src/maildir/kean-s/discussion_threads/1407.
6.4/5.0	/home/xiang/Desktop/NewResearch/Projects/ZkregPlusAll/ZkregPlus/code/new_zkregplus/data/src_sig/spamassasin/../../samples/email/src/maildir/kean-s/discussion_threads/3379.
5.5/5.0	/home/xiang/Desktop/NewResearch/Projects/ZkregPlusAll/ZkregPlus/code/new_zkregplus/data/src_sig/spamassasin/../../samples/email/src/maildir/kean-s/discussion_threads/2596.
5.7/5.0	/home/xiang/Desktop/NewResearch/Projects/ZkregPlusAll/ZkregPlus/code/new_zkregplus/data/src_sig/spamassasin/../../samples/email/src/maildir/kean-s/discussion_threads/3462.
5.5/5.0	/home/xiang/Desktop/NewResearch/Projects/ZkregPlusAll/ZkregPlus/code/new_zkregplus/data/src_sig/spamassasin/../../samples/email/src/maildir/kean-s/discussion_threads/1800.
5.1/5.0	/home/xiang/Desktop/NewResearch/Projects/ZkregPlusAll/ZkregPlus/code/new_zkregplus/data/src_sig/spamassasin/../../samples/email/src/maildir/kean-s/discussion_threads/3153.
5.1/5.0	/home/xiang/Desktop/NewResearch/Projects/ZkregPlusAll/ZkregPlus/code/new_zkregplus/data/src_sig/spamassasin/../../samples/email/src/maildir/kean-s/discussion_threads/2106.
5.7/5.0	/home/xiang/Desktop/NewResearch/Projects/ZkregPlusAll/ZkregPlus/code/new_zkregplus/data/src_sig/spamassasin/../../samples/email/src/maildir/kean-s/discussion_threads/7191.
5.5/5.0	/home/xiang/Desktop/NewResearch/Projects/ZkregPlusAll/ZkregPlus/code/new_zkregplus/data/src_sig/spamassasin/../../samples/email/src/maildir/kean-s/discussion_threads/1807.
6.4/5.0	/home/xiang/Desktop/NewResearch/Projects/ZkregPlusAll/ZkregPlus/code/new_zkregplus/data/src_sig/spamassasin/../../samples/email/src/maildir/kean-s/discussion_threads/3156.
5.5/5.0	/home/xiang/Desktop/NewResearch/Projects/ZkregPlusAll/ZkregPlus/code/new_zkregplus/data/src_sig/spamassasin/../../samples/email/src/maildir/kean-s/ferc/38.
5.7/5.0	/home/xiang/Desktop/NewResearch/Projects/ZkregPlusAll/ZkregPlus/code/new_zkregplus/data/src_sig/spamassasin/../../samples/email/src/maildir/kean-s/california/683.
7.6/5.0	/home/xiang/Desktop/NewResearch/Projects/ZkregPlusAll/ZkregPlus/code/new_zkregplus/data/src_sig/spamassasin/../../samples/email/src/maildir/kean-s/california/513.
8.1/5.0	/home/xiang/Desktop/NewResearch/Projects/ZkregPlusAll/ZkregPlus/code/new_zkregplus/data/src_sig/spamassasin/../../samples/email/src/maildir/kean-s/california/118.
6.5/5.0	/home/xiang/Desktop/NewResearch/Projects/ZkregPlusAll/ZkregPlus/code/new_zkregplus/data/src_sig/spamassasin/../../samples/email/src/maildir/kean-s/california/240.
5.1/5.0	/home/xiang/Desktop/NewResearch/Projects/ZkregPlusAll/ZkregPlus/code/new_zkregplus/data/src_sig/spamassasin/../../samples/email/src/maildir/kean-s/california/114.
5.7/5.0	/home/xiang/Desktop/NewResearch/Projects/ZkregPlusAll/ZkregPlus/code/new_zkregplus/data/src_sig/spamassasin/../../samples/email/src/maildir/kean-s/california/1976.
5.3/5.0	/home/xiang/Desktop/NewResearch/Projects/ZkregPlusAll/ZkregPlus/code/new_zkregplus/data/src_sig/spamassasin/../../samples/email/src/maildir/kean-s/california/574.
5.5/5.0	/home/xiang/Desktop/NewResearch/Projects/ZkregPlusAll/ZkregPlus/code/new_zkregplus/data/src_sig/spamassasin/../../samples/email/src/maildir/kean-s/california/345.
5.8/5.0	/home/xiang/Desktop/NewResearch/Projects/ZkregPlusAll/ZkregPlus/code/new_zkregplus/data/src_sig/spamassasin/../../samples/email/src/maildir/kean-s/california/111.
5.5/5.0	/home/xiang/Desktop/NewResearch/Projects/ZkregPlusAll/ZkregPlus/code/new_zkregplus/data/src_sig/spamassasin/../../samples/email/src/maildir/kean-s/mckinsey_project/49.
5.7/5.0	/home/xiang/Desktop/NewResearch/Projects/ZkregPlusAll/ZkregPlus/code/new_zkregplus/data/src_sig/spamassasin/../../samples/email/src/maildir/kean-s/inbox/enron_mentions/5.
6.4/5.0	/home/xiang/Desktop/NewResearch/Projects/ZkregPlusAll/ZkregPlus/code/new_zkregplus/data/src_sig/spamassasin/../../samples/email/src/maildir/kean-s/inbox/40.
7.5/5.0	/home/xiang/Desktop/NewResearch/Projects/ZkregPlusAll/ZkregPlus/code/new_zkregplus/data/src_sig/spamassasin/../../samples/email/src/maildir/kean-s/inbox/enron_mentions/6.
10.9/5.0	/home/xiang/Desktop/NewResearch/Projects/ZkregPlusAll/ZkregPlus/code/new_zkregplus/data/src_sig/spamassasin/../../samples/email/src/maildir/kean-s/inbox/55.
6.4/5.0	/home/xiang/Desktop/NewResearch/Projects/ZkregPlusAll/ZkregPlus/code/new_zkregplus/data/src_sig/spamassasin/../../samples/email/src/maildir/kean-s/enron_mentions/18.
5.1/5.0	/home/xiang/Desktop/NewResearch/Projects/ZkregPlusAll/ZkregPlus/code/new_zkregplus/data/src_sig/spamassasin/../../samples/email/src/maildir/kean-s/analyst_associate_program/4.
8.1/5.0	/home/xiang/Desktop/NewResearch/Projects/ZkregPlusAll/ZkregPlus/code/new_zkregplus/data/src_sig/spamassasin/../../samples/email/src/maildir/kean-s/enron_mentions/2.
5.7/5.0	/home/xiang/Desktop/NewResearch/Projects/ZkregPlusAll/ZkregPlus/code/new_zkregplus/data/src_sig/spamassasin/../../samples/email/src/maildir/kean-s/enron_mentions/1.
9.1/5.0	/home/xiang/Desktop/NewResearch/Projects/ZkregPlusAll/ZkregPlus/code/new_zkregplus/data/src_sig/spamassasin/../../samples/email/src/maildir/kean-s/enron_mentions/5.
6.0/5.0	/home/xiang/Desktop/NewResearch/Projects/ZkregPlusAll/ZkregPlus/code/new_zkregplus/data/src_sig/spamassasin/../../samples/email/src/maildir/kean-s/enron_mentions/81.
5.7/5.0	/home/xiang/Desktop/NewResearch/Projects/ZkregPlusAll/ZkregPlus/code/new_zkregplus/data/src_sig/spamassasin/../../samples/email/src/maildir/kean-s/enron_mentions/10.
5.9/5.0	/home/xiang/Desktop/NewResearch/Projects/ZkregPlusAll/ZkregPlus/code/new_zkregplus/data/src_sig/spamassasin/../../samples/email/src/maildir/kean-s/enron_mentions/13.
6.4/5.0	/home/xiang/Desktop/NewResearch/Projects/ZkregPlusAll/ZkregPlus/code/new_zkregplus/data/src_sig/spamassasin/../../samples/email/src/maildir/kean-s/enron_mentions/26.
5.5/5.0	/home/xiang/Desktop/NewResearch/Projects/ZkregPlusAll/ZkregPlus/code/new_zkregplus/data/src_sig/spamassasin/../../samples/email/src/maildir/kean-s/calendar/untitled/2170.
5.5/5.0	/home/xiang/Desktop/NewResearch/Projects/ZkregPlusAll/ZkregPlus/code/new_zkregplus/data/src_sig/spamassasin/../../samples/email/src/maildir/kean-s/calendar/untitled/2162.
6.4/5.0	/home/xiang/Desktop/NewResearch/Projects/ZkregPlusAll/ZkregPlus/code/new_zkregplus/data/src_sig/spamassasin/../../samples/email/src/maildir/kean-s/calendar/untitled/8593.
5.8/5.0	/home/xiang/Desktop/NewResearch/Projects/ZkregPlusAll/ZkregPlus/code/new_zkregplus/data/src_sig/spamassasin/../../samples/email/src/maildir/kean-s/calendar/untitled/8331.
6.4/5.0	/home/xiang/Desktop/NewResearch/Projects/ZkregPlusAll/ZkregPlus/code/new_zkregplus/data/src_sig/spamassasin/../../samples/email/src/maildir/kean-s/calendar/untitled/8325.
5.5/5.0	/home/xiang/Desktop/NewResearch/Projects/ZkregPlusAll/ZkregPlus/code/new_zkregplus/data/src_sig/spamassasin/../../samples/email/src/maildir/kean-s/calendar/untitled/7661.
5.5/5.0	/home/xiang/Desktop/NewResearch/Projects/ZkregPlusAll/ZkregPlus/code/new_zkregplus/data/src_sig/spamassasin/../../samples/email/src/maildir/kean-s/calendar/untitled/2174.
5.7/5.0	/home/xiang/Desktop/NewResearch/Projects/ZkregPlusAll/ZkregPlus/code/new_zkregplus/data/src_sig/spamassasin/../../samples/email/src/maildir/kean-s/calendar/untitled/8661.
5.1/5.0	/home/xiang/Desktop/NewResearch/Projects/ZkregPlusAll/ZkregPlus/code/new_zkregplus/data/src_sig/spamassasin/../../samples/email/src/maildir/kean-s/calendar/untitled/2214.
5.1/5.0	/home/xiang/Desktop/NewResearch/Projects/ZkregPlusAll/ZkregPlus/code/new_zkregplus/data/src_sig/spamassasin/../../samples/email/src/maildir/kean-s/calendar/untitled/8321.
7.6/5.0	/home/xiang/Desktop/NewResearch/Projects/ZkregPlusAll/ZkregPlus/code/new_zkregplus/data/src_sig/spamassasin/../../samples/email/src/maildir/kean-s/calendar/untitled/7201.
5.5/5.0	/home/xiang/Desktop/NewResearch/Projects/ZkregPlusAll/ZkregPlus/code/new_zkregplus/data/src_sig/spamassasin/../../samples/email/src/maildir/kean-s/calendar/untitled/926.
8.4/5.0	/home/xiang/Desktop/NewResearch/Projects/ZkregPlusAll/ZkregPlus/code/new_zkregplus/data/src_sig/spamassasin/../../samples/email/src/maildir/kean-s/calendar/untitled/8386.
6.5/5.0	/home/xiang/Desktop/NewResearch/Projects/ZkregPlusAll/ZkregPlus/code/new_zkregplus/data/src_sig/spamassasin/../../samples/email/src/maildir/kean-s/calendar/untitled/7959.
6.4/5.0	/home/xiang/Desktop/NewResearch/Projects/ZkregPlusAll/ZkregPlus/code/new_zkregplus/data/src_sig/spamassasin/../../samples/email/src/maildir/kean-s/calendar/untitled/8633.
5.7/5.0	/home/xiang/Desktop/NewResearch/Projects/ZkregPlusAll/ZkregPlus/code/new_zkregplus/data/src_sig/spamassasin/../../samples/email/src/maildir/kean-s/calendar/untitled/12987.
5.0/5.0	/home/xiang/Desktop/NewResearch/Projects/ZkregPlusAll/ZkregPlus/code/new_zkregplus/data/src_sig/spamassasin/../../samples/email/src/maildir/kean-s/calendar/untitled/1650.
5.9/5.0	/home/xiang/Desktop/NewResearch/Projects/ZkregPlusAll/ZkregPlus/code/new_zkregplus/data/src_sig/spamassasin/../../samples/email/src/maildir/kean-s/calendar/untitled/8651.
5.1/5.0	/home/xiang/Desktop/NewResearch/Projects/ZkregPlusAll/ZkregPlus/code/new_zkregplus/data/src_sig/spamassasin/../../samples/email/src/maildir/kean-s/calendar/untitled/7122.
5.1/5.0	/home/xiang/Desktop/NewResearch/Projects/ZkregPlusAll/ZkregPlus/code/new_zkregplus/data/src_sig/spamassasin/../../samples/email/src/maildir/kean-s/calendar/untitled/8689.
5.7/5.0	/home/xiang/Desktop/NewResearch/Projects/ZkregPlusAll/ZkregPlus/code/new_zkregplus/data/src_sig/spamassasin/../../samples/email/src/maildir/kean-s/calendar/untitled/13026.
5.3/5.0	/home/xiang/Desktop/NewResearch/Projects/ZkregPlusAll/ZkregPlus/code/new_zkregplus/data/src_sig/spamassasin/../../samples/email/src/maildir/kean-s/calendar/untitled/7045.
5.7/5.0	/home/xiang/Desktop/NewResearch/Projects/ZkregPlusAll/ZkregPlus/code/new_zkregplus/data/src_sig/spamassasin/../../samples/email/src/maildir/kean-s/calendar/untitled/8686.
8.1/5.0	/home/xiang/Desktop/NewResearch/Projects/ZkregPlusAll/ZkregPlus/code/new_zkregplus/data/src_sig/spamassasin/../../samples/email/src/maildir/kean-s/calendar/untitled/8682.
6.2/5.0	/home/xiang/Desktop/NewResearch/Projects/ZkregPlusAll/ZkregPlus/code/new_zkregplus/data/src_sig/spamassasin/../../samples/email/src/maildir/kean-s/calendar/untitled/1368.
8.1/5.0	/home/xiang/Desktop/NewResearch/Projects/ZkregPlusAll/ZkregPlus/code/new_zkregplus/data/src_sig/spamassasin/../../samples/email/src/maildir/kean-s/calendar/untitled/8307.
9.1/5.0	/home/xiang/Desktop/NewResearch/Projects/ZkregPlusAll/ZkregPlus/code/new_zkregplus/data/src_sig/spamassasin/../../samples/email/src/maildir/kean-s/calendar/untitled/8674.
6.2/5.0	/home/xiang/Desktop/NewResearch/Projects/ZkregPlusAll/ZkregPlus/code/new_zkregplus/data/src_sig/spamassasin/../../samples/email/src/maildir/kean-s/sent/308.
5.0/5.0	/home/xiang/Desktop/NewResearch/Projects/ZkregPlusAll/ZkregPlus/code/new_zkregplus/data/src_sig/spamassasin/../../samples/email/src/maildir/kean-s/sent/435.
5.5/5.0	/home/xiang/Desktop/NewResearch/Projects/ZkregPlusAll/ZkregPlus/code/new_zkregplus/data/src_sig/spamassasin/../../samples/email/src/maildir/kean-s/sent/605.
6.0/5.0	/home/xiang/Desktop/NewResearch/Projects/ZkregPlusAll/ZkregPlus/code/new_zkregplus/data/src_sig/spamassasin/../../samples/email/src/maildir/kean-s/deleted_items/410.
5.0/5.0	/home/xiang/Desktop/NewResearch/Projects/ZkregPlusAll/ZkregPlus/code/new_zkregplus/data/src_sig/spamassasin/../../samples/email/src/maildir/kean-s/deleted_items/136.
5.4/5.0	/home/xiang/Desktop/NewResearch/Projects/ZkregPlusAll/ZkregPlus/code/new_zkregplus/data/src_sig/spamassasin/../../samples/email/src/maildir/kean-s/deleted_items/496.
5.7/5.0	/home/xiang/Desktop/NewResearch/Projects/ZkregPlusAll/ZkregPlus/code/new_zkregplus/data/src_sig/spamassasin/../../samples/email/src/maildir/kean-s/deleted_items/220.
5.1/5.0	/home/xiang/Desktop/NewResearch/Projects/ZkregPlusAll/ZkregPlus/code/new_zkregplus/data/src_sig/spamassasin/../../samples/email/src/maildir/kean-s/deleted_items/346.
5.7/5.0	/home/xiang/Desktop/NewResearch/Projects/ZkregPlusAll/ZkregPlus/code/new_zkregplus/data/src_sig/spamassasin/../../samples/email/src/maildir/kean-s/deleted_items/369.
6.1/5.0	/home/xiang/Desktop/NewResearch/Projects/ZkregPlusAll/ZkregPlus/code/new_zkregplus/data/src_sig/spamassasin/../../samples/email/src/maildir/kean-s/deleted_items/283.
5.0/5.0	/home/xiang/Desktop/NewResearch/Projects/ZkregPlusAll/ZkregPlus/code/new_zkregplus/data/src_sig/spamassasin/../../samples/email/src/maildir/kean-s/deleted_items/150.
5.1/5.0	/home/xiang/Desktop/NewResearch/Projects/ZkregPlusAll/ZkregPlus/code/new_zkregplus/data/src_sig/spamassasin/../../samples/email/src/maildir/kean-s/deleted_items/226.
6.4/5.0	/home/xiang/Desktop/NewResearch/Projects/ZkregPlusAll/ZkregPlus/code/new_zkregplus/data/src_sig/spamassasin/../../samples/email/src/maildir/kean-s/deleted_items/262.
5.7/5.0	/home/xiang/Desktop/NewResearch/Projects/ZkregPlusAll/ZkregPlus/code/new_zkregplus/data/src_sig/spamassasin/../../samples/email/src/maildir/kean-s/deleted_items/259.
7.5/5.0	/home/xiang/Desktop/NewResearch/Projects/ZkregPlusAll/ZkregPlus/code/new_zkregplus/data/src_sig/spamassasin/../../samples/email/src/maildir/kean-s/deleted_items/207.
9.1/5.0	/home/xiang/Desktop/NewResearch/Projects/ZkregPlusAll/ZkregPlus/code/new_zkregplus/data/src_sig/spamassasin/../../samples/email/src/maildir/kean-s/deleted_items/222.
5.7/5.0	/home/xiang/Desktop/NewResearch/Projects/ZkregPlusAll/ZkregPlus/code/new_zkregplus/data/src_sig/spamassasin/../../samples/email/src/maildir/kean-s/deleted_items/265.
9.0/5.0	/home/xiang/Desktop/NewResearch/Projects/ZkregPlusAll/ZkregPlus/code/new_zkregplus/data/src_sig/spamassasin/../../samples/email/src/maildir/kean-s/deleted_items/368.
6.0/5.0	/home/xiang/Desktop/NewResearch/Projects/ZkregPlusAll/ZkregPlus/code/new_zkregplus/data/src_sig/spamassasin/../../samples/email/src/maildir/kean-s/deleted_items/447.
5.0/5.0	/home/xiang/Desktop/NewResearch/Projects/ZkregPlusAll/ZkregPlus/code/new_zkregplus/data/src_sig/spamassasin/../../samples/email/src/maildir/kean-s/deleted_items/477.
10.3/5.0	/home/xiang/Desktop/NewResearch/Projects/ZkregPlusAll/ZkregPlus/code/new_zkregplus/data/src_sig/spamassasin/../../samples/email/src/maildir/kean-s/deleted_items/478.
5.7/5.0	/home/xiang/Desktop/NewResearch/Projects/ZkregPlusAll/ZkregPlus/code/new_zkregplus/data/src_sig/spamassasin/../../samples/email/src/maildir/kean-s/notes_inbox/454.
5.1/5.0	/home/xiang/Desktop/NewResearch/Projects/ZkregPlusAll/ZkregPlus/code/new_zkregplus/data/src_sig/spamassasin/../../samples/email/src/maildir/kean-s/notes_inbox/93.
5.1/5.0	/home/xiang/Desktop/NewResearch/Projects/ZkregPlusAll/ZkregPlus/code/new_zkregplus/data/src_sig/spamassasin/../../samples/email/src/maildir/kean-s/notes_inbox/416.
5.5/5.0	/home/xiang/Desktop/NewResearch/Projects/ZkregPlusAll/ZkregPlus/code/new_zkregplus/data/src_sig/spamassasin/../../samples/email/src/maildir/kean-s/notes_inbox/65.
5.1/5.0	/home/xiang/Desktop/NewResearch/Projects/ZkregPlusAll/ZkregPlus/code/new_zkregplus/data/src_sig/spamassasin/../../samples/email/src/maildir/kean-s/analyst_meeting_2001/1.
5.5/5.0	/home/xiang/Desktop/NewResearch/Projects/ZkregPlusAll/ZkregPlus/code/new_zkregplus/data/src_sig/spamassasin/../../samples/email/src/maildir/kean-s/europe/2.
6.4/5.0	/home/xiang/Desktop/NewResearch/Projects/ZkregPlusAll/ZkregPlus/code/new_zkregplus/data/src_sig/spamassasin/../../samples/email/src/maildir/kean-s/all_documents/4771.
5.9/5.0	/home/xiang/Desktop/NewResearch/Projects/ZkregPlusAll/ZkregPlus/code/new_zkregplus/data/src_sig/spamassasin/../../samples/email/src/maildir/kean-s/all_documents/4713.
5.0/5.0	/home/xiang/Desktop/NewResearch/Projects/ZkregPlusAll/ZkregPlus/code/new_zkregplus/data/src_sig/spamassasin/../../samples/email/src/maildir/kean-s/all_documents/1649.
5.1/5.0	/home/xiang/Desktop/NewResearch/Projects/ZkregPlusAll/ZkregPlus/code/new_zkregplus/data/src_sig/spamassasin/../../samples/email/src/maildir/kean-s/all_documents/2213.
5.1/5.0	/home/xiang/Desktop/NewResearch/Projects/ZkregPlusAll/ZkregPlus/code/new_zkregplus/data/src_sig/spamassasin/../../samples/email/src/maildir/kean-s/all_documents/6242.
6.2/5.0	/home/xiang/Desktop/NewResearch/Projects/ZkregPlusAll/ZkregPlus/code/new_zkregplus/data/src_sig/spamassasin/../../samples/email/src/maildir/kean-s/all_documents/1367.
5.5/5.0	/home/xiang/Desktop/NewResearch/Projects/ZkregPlusAll/ZkregPlus/code/new_zkregplus/data/src_sig/spamassasin/../../samples/email/src/maildir/kean-s/all_documents/2173.
5.5/5.0	/home/xiang/Desktop/NewResearch/Projects/ZkregPlusAll/ZkregPlus/code/new_zkregplus/data/src_sig/spamassasin/../../samples/email/src/maildir/kean-s/all_documents/5703.
9.1/5.0	/home/xiang/Desktop/NewResearch/Projects/ZkregPlusAll/ZkregPlus/code/new_zkregplus/data/src_sig/spamassasin/../../samples/email/src/maildir/kean-s/all_documents/4690.
5.7/5.0	/home/xiang/Desktop/NewResearch/Projects/ZkregPlusAll/ZkregPlus/code/new_zkregplus/data/src_sig/spamassasin/../../samples/email/src/maildir/kean-s/all_documents/4678.
5.7/5.0	/home/xiang/Desktop/NewResearch/Projects/ZkregPlusAll/ZkregPlus/code/new_zkregplus/data/src_sig/spamassasin/../../samples/email/src/maildir/kean-s/all_documents/8748.
6.4/5.0	/home/xiang/Desktop/NewResearch/Projects/ZkregPlusAll/ZkregPlus/code/new_zkregplus/data/src_sig/spamassasin/../../samples/email/src/maildir/kean-s/all_documents/5039.
7.6/5.0	/home/xiang/Desktop/NewResearch/Projects/ZkregPlusAll/ZkregPlus/code/new_zkregplus/data/src_sig/spamassasin/../../samples/email/src/maildir/kean-s/all_documents/6163.
5.8/5.0	/home/xiang/Desktop/NewResearch/Projects/ZkregPlusAll/ZkregPlus/code/new_zkregplus/data/src_sig/spamassasin/../../samples/email/src/maildir/kean-s/all_documents/5033.
5.3/5.0	/home/xiang/Desktop/NewResearch/Projects/ZkregPlusAll/ZkregPlus/code/new_zkregplus/data/src_sig/spamassasin/../../samples/email/src/maildir/kean-s/all_documents/6319.
5.5/5.0	/home/xiang/Desktop/NewResearch/Projects/ZkregPlusAll/ZkregPlus/code/new_zkregplus/data/src_sig/spamassasin/../../samples/email/src/maildir/kean-s/all_documents/926.
8.4/5.0	/home/xiang/Desktop/NewResearch/Projects/ZkregPlusAll/ZkregPlus/code/new_zkregplus/data/src_sig/spamassasin/../../samples/email/src/maildir/kean-s/all_documents/4978.
8.1/5.0	/home/xiang/Desktop/NewResearch/Projects/ZkregPlusAll/ZkregPlus/code/new_zkregplus/data/src_sig/spamassasin/../../samples/email/src/maildir/kean-s/all_documents/4682.
5.7/5.0	/home/xiang/Desktop/NewResearch/Projects/ZkregPlusAll/ZkregPlus/code/new_zkregplus/data/src_sig/spamassasin/../../samples/email/src/maildir/kean-s/all_documents/4703.
5.5/5.0	/home/xiang/Desktop/NewResearch/Projects/ZkregPlusAll/ZkregPlus/code/new_zkregplus/data/src_sig/spamassasin/../../samples/email/src/maildir/kean-s/all_documents/2161.
5.5/5.0	/home/xiang/Desktop/NewResearch/Projects/ZkregPlusAll/ZkregPlus/code/new_zkregplus/data/src_sig/spamassasin/../../samples/email/src/maildir/kean-s/all_documents/2169.
5.1/5.0	/home/xiang/Desktop/NewResearch/Projects/ZkregPlusAll/ZkregPlus/code/new_zkregplus/data/src_sig/spamassasin/../../samples/email/src/maildir/kean-s/all_documents/5043.
5.7/5.0	/home/xiang/Desktop/NewResearch/Projects/ZkregPlusAll/ZkregPlus/code/new_zkregplus/data/src_sig/spamassasin/../../samples/email/src/maildir/kean-s/all_documents/8787.
6.4/5.0	/home/xiang/Desktop/NewResearch/Projects/ZkregPlusAll/ZkregPlus/code/new_zkregplus/data/src_sig/spamassasin/../../samples/email/src/maildir/kean-s/all_documents/4731.
6.5/5.0	/home/xiang/Desktop/NewResearch/Projects/ZkregPlusAll/ZkregPlus/code/new_zkregplus/data/src_sig/spamassasin/../../samples/email/src/maildir/kean-s/all_documents/5405.
5.1/5.0	/home/xiang/Desktop/NewResearch/Projects/ZkregPlusAll/ZkregPlus/code/new_zkregplus/data/src_sig/spamassasin/../../samples/email/src/maildir/kean-s/all_documents/4675.
8.1/5.0	/home/xiang/Desktop/NewResearch/Projects/ZkregPlusAll/ZkregPlus/code/new_zkregplus/data/src_sig/spamassasin/../../samples/email/src/maildir/kean-s/all_documents/5057.
8.4/5.0	/home/xiang/Desktop/NewResearch/Projects/ZkregPlusAll/ZkregPlus/code/new_zkregplus/data/src_sig/spamassasin/../../samples/email/src/maildir/kean-s/japan/65.
6.5/5.0	/home/xiang/Desktop/NewResearch/Projects/ZkregPlusAll/ZkregPlus/code/new_zkregplus/data/src_sig/spamassasin/../../samples/email/src/maildir/kean-s/attachments/191.
5.5/5.0	/home/xiang/Desktop/NewResearch/Projects/ZkregPlusAll/ZkregPlus/code/new_zkregplus/data/src_sig/spamassasin/../../samples/email/src/maildir/kean-s/attachments/195.
5.5/5.0	/home/xiang/Desktop/NewResearch/Projects/ZkregPlusAll/ZkregPlus/code/new_zkregplus/data/src_sig/spamassasin/../../samples/email/src/maildir/kean-s/attachments/194.
5.5/5.0	/home/xiang/Desktop/NewResearch/Projects/ZkregPlusAll/ZkregPlus/code/new_zkregplus/data/src_sig/spamassasin/../../samples/email/src/maildir/kean-s/attachments/192.
5.5/5.0	/home/xiang/Desktop/NewResearch/Projects/ZkregPlusAll/ZkregPlus/code/new_zkregplus/data/src_sig/spamassasin/../../samples/email/src/maildir/kean-s/archiving/untitled/1402.
5.6/5.0	/home/xiang/Desktop/NewResearch/Projects/ZkregPlusAll/ZkregPlus/code/new_zkregplus/data/src_sig/spamassasin/../../samples/email/src/maildir/kean-s/california_pg_e_bankruptcy/37.
7.6/5.0	/home/xiang/Desktop/NewResearch/Projects/ZkregPlusAll/ZkregPlus/code/new_zkregplus/data/src_sig/spamassasin/../../samples/email/src/maildir/kean-s/archiving/untitled/6162.
8.1/5.0	/home/xiang/Desktop/NewResearch/Projects/ZkregPlusAll/ZkregPlus/code/new_zkregplus/data/src_sig/spamassasin/../../samples/email/src/maildir/kean-s/archiving/untitled/5056.
6.4/5.0	/home/xiang/Desktop/NewResearch/Projects/ZkregPlusAll/ZkregPlus/code/new_zkregplus/data/src_sig/spamassasin/../../samples/email/src/maildir/kean-s/archiving/untitled/4770.
6.4/5.0	/home/xiang/Desktop/NewResearch/Projects/ZkregPlusAll/ZkregPlus/code/new_zkregplus/data/src_sig/spamassasin/../../samples/email/src/maildir/kean-s/archiving/untitled/4730.
5.1/5.0	/home/xiang/Desktop/NewResearch/Projects/ZkregPlusAll/ZkregPlus/code/new_zkregplus/data/src_sig/spamassasin/../../samples/email/src/maildir/kean-s/archiving/untitled/6241.
9.1/5.0	/home/xiang/Desktop/NewResearch/Projects/ZkregPlusAll/ZkregPlus/code/new_zkregplus/data/src_sig/spamassasin/../../samples/email/src/maildir/kean-s/archiving/untitled/4689.
5.5/5.0	/home/xiang/Desktop/NewResearch/Projects/ZkregPlusAll/ZkregPlus/code/new_zkregplus/data/src_sig/spamassasin/../../samples/email/src/maildir/kean-s/archiving/untitled/154.
6.4/5.0	/home/xiang/Desktop/NewResearch/Projects/ZkregPlusAll/ZkregPlus/code/new_zkregplus/data/src_sig/spamassasin/../../samples/email/src/maildir/kean-s/archiving/untitled/5038.
6.2/5.0	/home/xiang/Desktop/NewResearch/Projects/ZkregPlusAll/ZkregPlus/code/new_zkregplus/data/src_sig/spamassasin/../../samples/email/src/maildir/kean-s/archiving/untitled/960.
5.3/5.0	/home/xiang/Desktop/NewResearch/Projects/ZkregPlusAll/ZkregPlus/code/new_zkregplus/data/src_sig/spamassasin/../../samples/email/src/maildir/kean-s/archiving/untitled/6318.
5.7/5.0	/home/xiang/Desktop/NewResearch/Projects/ZkregPlusAll/ZkregPlus/code/new_zkregplus/data/src_sig/spamassasin/../../samples/email/src/maildir/kean-s/archiving/untitled/8748.
5.5/5.0	/home/xiang/Desktop/NewResearch/Projects/ZkregPlusAll/ZkregPlus/code/new_zkregplus/data/src_sig/spamassasin/../../samples/email/src/maildir/kean-s/archiving/untitled/166.
6.5/5.0	/home/xiang/Desktop/NewResearch/Projects/ZkregPlusAll/ZkregPlus/code/new_zkregplus/data/src_sig/spamassasin/../../samples/email/src/maildir/kean-s/archiving/untitled/5404.
5.0/5.0	/home/xiang/Desktop/NewResearch/Projects/ZkregPlusAll/ZkregPlus/code/new_zkregplus/data/src_sig/spamassasin/../../samples/email/src/maildir/kean-s/archiving/untitled/678.
8.1/5.0	/home/xiang/Desktop/NewResearch/Projects/ZkregPlusAll/ZkregPlus/code/new_zkregplus/data/src_sig/spamassasin/../../samples/email/src/maildir/kean-s/archiving/untitled/4681.
5.1/5.0	/home/xiang/Desktop/NewResearch/Projects/ZkregPlusAll/ZkregPlus/code/new_zkregplus/data/src_sig/spamassasin/../../samples/email/src/maildir/kean-s/archiving/untitled/5042.
5.7/5.0	/home/xiang/Desktop/NewResearch/Projects/ZkregPlusAll/ZkregPlus/code/new_zkregplus/data/src_sig/spamassasin/../../samples/email/src/maildir/kean-s/archiving/untitled/4677.
5.8/5.0	/home/xiang/Desktop/NewResearch/Projects/ZkregPlusAll/ZkregPlus/code/new_zkregplus/data/src_sig/spamassasin/../../samples/email/src/maildir/kean-s/archiving/untitled/5032.
5.7/5.0	/home/xiang/Desktop/NewResearch/Projects/ZkregPlusAll/ZkregPlus/code/new_zkregplus/data/src_sig/spamassasin/../../samples/email/src/maildir/kean-s/archiving/untitled/8787.
5.7/5.0	/home/xiang/Desktop/NewResearch/Projects/ZkregPlusAll/ZkregPlus/code/new_zkregplus/data/src_sig/spamassasin/../../samples/email/src/maildir/kean-s/archiving/untitled/4702.
5.5/5.0	/home/xiang/Desktop/NewResearch/Projects/ZkregPlusAll/ZkregPlus/code/new_zkregplus/data/src_sig/spamassasin/../../samples/email/src/maildir/kean-s/archiving/untitled/5702.
5.1/5.0	/home/xiang/Desktop/NewResearch/Projects/ZkregPlusAll/ZkregPlus/code/new_zkregplus/data/src_sig/spamassasin/../../samples/email/src/maildir/kean-s/archiving/untitled/114.
5.5/5.0	/home/xiang/Desktop/NewResearch/Projects/ZkregPlusAll/ZkregPlus/code/new_zkregplus/data/src_sig/spamassasin/../../samples/email/src/maildir/kean-s/archiving/untitled/158.
5.9/5.0	/home/xiang/Desktop/NewResearch/Projects/ZkregPlusAll/ZkregPlus/code/new_zkregplus/data/src_sig/spamassasin/../../samples/email/src/maildir/kean-s/archiving/untitled/4712.
8.4/5.0	/home/xiang/Desktop/NewResearch/Projects/ZkregPlusAll/ZkregPlus/code/new_zkregplus/data/src_sig/spamassasin/../../samples/email/src/maildir/kean-s/archiving/untitled/4977.
5.1/5.0	/home/xiang/Desktop/NewResearch/Projects/ZkregPlusAll/ZkregPlus/code/new_zkregplus/data/src_sig/spamassasin/../../samples/email/src/maildir/kean-s/archiving/untitled/4674.
6.4/5.0	/home/xiang/Desktop/NewResearch/Projects/ZkregPlusAll/ZkregPlus/code/new_zkregplus/data/src_sig/spamassasin/../../samples/email/src/maildir/kean-s/india/56.
5.3/5.0	/home/xiang/Desktop/NewResearch/Projects/ZkregPlusAll/ZkregPlus/code/new_zkregplus/data/src_sig/spamassasin/../../samples/email/src/maildir/sanders-r/misc/15.
6.8/5.0	/home/xiang/Desktop/NewResearch/Projects/ZkregPlusAll/ZkregPlus/code/new_zkregplus/data/src_sig/spamassasin/../../samples/email/src/maildir/sanders-r/sent/286.
5.9/5.0	/home/xiang/Desktop/NewResearch/Projects/ZkregPlusAll/ZkregPlus/code/new_zkregplus/data/src_sig/spamassasin/../../samples/email/src/maildir/sanders-r/sent/2054.
5.9/5.0	/home/xiang/Desktop/NewResearch/Projects/ZkregPlusAll/ZkregPlus/code/new_zkregplus/data/src_sig/spamassasin/../../samples/email/src/maildir/sanders-r/sent/2056.
5.3/5.0	/home/xiang/Desktop/NewResearch/Projects/ZkregPlusAll/ZkregPlus/code/new_zkregplus/data/src_sig/spamassasin/../../samples/email/src/maildir/sanders-r/sent/1049.
7.2/5.0	/home/xiang/Desktop/NewResearch/Projects/ZkregPlusAll/ZkregPlus/code/new_zkregplus/data/src_sig/spamassasin/../../samples/email/src/maildir/sanders-r/deleted_items/annex_5/1.
5.0/5.0	/home/xiang/Desktop/NewResearch/Projects/ZkregPlusAll/ZkregPlus/code/new_zkregplus/data/src_sig/spamassasin/../../samples/email/src/maildir/sanders-r/deleted_items/3.
6.1/5.0	/home/xiang/Desktop/NewResearch/Projects/ZkregPlusAll/ZkregPlus/code/new_zkregplus/data/src_sig/spamassasin/../../samples/email/src/maildir/sanders-r/notes_inbox/157.
5.3/5.0	/home/xiang/Desktop/NewResearch/Projects/ZkregPlusAll/ZkregPlus/code/new_zkregplus/data/src_sig/spamassasin/../../samples/email/src/maildir/sanders-r/notes_inbox/200.
5.3/5.0	/home/xiang/Desktop/NewResearch/Projects/ZkregPlusAll/ZkregPlus/code/new_zkregplus/data/src_sig/spamassasin/../../samples/email/src/maildir/sanders-r/notes_inbox/199.
5.9/5.0	/home/xiang/Desktop/NewResearch/Projects/ZkregPlusAll/ZkregPlus/code/new_zkregplus/data/src_sig/spamassasin/../../samples/email/src/maildir/sanders-r/all_documents/3541.
6.8/5.0	/home/xiang/Desktop/NewResearch/Projects/ZkregPlusAll/ZkregPlus/code/new_zkregplus/data/src_sig/spamassasin/../../samples/email/src/maildir/sanders-r/all_documents/496.
5.3/5.0	/home/xiang/Desktop/NewResearch/Projects/ZkregPlusAll/ZkregPlus/code/new_zkregplus/data/src_sig/spamassasin/../../samples/email/src/maildir/sanders-r/all_documents/5209.
5.9/5.0	/home/xiang/Desktop/NewResearch/Projects/ZkregPlusAll/ZkregPlus/code/new_zkregplus/data/src_sig/spamassasin/../../samples/email/src/maildir/sanders-r/all_documents/3539.
6.1/5.0	/home/xiang/Desktop/NewResearch/Projects/ZkregPlusAll/ZkregPlus/code/new_zkregplus/data/src_sig/spamassasin/../../samples/email/src/maildir/sanders-r/all_documents/1108.
5.3/5.0	/home/xiang/Desktop/NewResearch/Projects/ZkregPlusAll/ZkregPlus/code/new_zkregplus/data/src_sig/spamassasin/../../samples/email/src/maildir/sanders-r/all_documents/1123.
5.3/5.0	/home/xiang/Desktop/NewResearch/Projects/ZkregPlusAll/ZkregPlus/code/new_zkregplus/data/src_sig/spamassasin/../../samples/email/src/maildir/sanders-r/all_documents/1905.
5.1/5.0	/home/xiang/Desktop/NewResearch/Projects/ZkregPlusAll/ZkregPlus/code/new_zkregplus/data/src_sig/spamassasin/../../samples/email/src/maildir/sanders-r/all_documents/530.
5.1/5.0	/home/xiang/Desktop/NewResearch/Projects/ZkregPlusAll/ZkregPlus/code/new_zkregplus/data/src_sig/spamassasin/../../samples/email/src/maildir/sanders-r/all_documents/524.
6.1/5.0	/home/xiang/Desktop/NewResearch/Projects/ZkregPlusAll/ZkregPlus/code/new_zkregplus/data/src_sig/spamassasin/../../samples/email/src/maildir/sanders-r/ecogas/11.
7.2/5.0	/home/xiang/Desktop/NewResearch/Projects/ZkregPlusAll/ZkregPlus/code/new_zkregplus/data/src_sig/spamassasin/../../samples/email/src/maildir/sanders-r/annex_5/1.
5.1/5.0	/home/xiang/Desktop/NewResearch/Projects/ZkregPlusAll/ZkregPlus/code/new_zkregplus/data/src_sig/spamassasin/../../samples/email/src/maildir/sanders-r/pacific_virgo/40.
5.1/5.0	/home/xiang/Desktop/NewResearch/Projects/ZkregPlusAll/ZkregPlus/code/new_zkregplus/data/src_sig/spamassasin/../../samples/email/src/maildir/sanders-r/pacific_virgo/39.
5.3/5.0	/home/xiang/Desktop/NewResearch/Projects/ZkregPlusAll/ZkregPlus/code/new_zkregplus/data/src_sig/spamassasin/../../samples/email/src/maildir/rapp-b/inbox/204.
5.1/5.0	/home/xiang/Desktop/NewResearch/Projects/ZkregPlusAll/ZkregPlus/code/new_zkregplus/data/src_sig/spamassasin/../../samples/email/src/maildir/rapp-b/inbox/182.
5.1/5.0	/home/xiang/Desktop/NewResearch/Projects/ZkregPlusAll/ZkregPlus/code/new_zkregplus/data/src_sig/spamassasin/../../samples/email/src/maildir/rapp-b/inbox/362.
5.7/5.0	/home/xiang/Desktop/NewResearch/Projects/ZkregPlusAll/ZkregPlus/code/new_zkregplus/data/src_sig/spamassasin/../../samples/email/src/maildir/rapp-b/deleted_items/107.
5.7/5.0	/home/xiang/Desktop/NewResearch/Projects/ZkregPlusAll/ZkregPlus/code/new_zkregplus/data/src_sig/spamassasin/../../samples/email/src/maildir/rapp-b/deleted_items/37.
5.1/5.0	/home/xiang/Desktop/NewResearch/Projects/ZkregPlusAll/ZkregPlus/code/new_zkregplus/data/src_sig/spamassasin/../../samples/email/src/maildir/rapp-b/deleted_items/24.
5.0/5.0	/home/xiang/Desktop/NewResearch/Projects/ZkregPlusAll/ZkregPlus/code/new_zkregplus/data/src_sig/spamassasin/../../samples/email/src/maildir/pereira-s/deleted_items/90.
5.6/5.0	/home/xiang/Desktop/NewResearch/Projects/ZkregPlusAll/ZkregPlus/code/new_zkregplus/data/src_sig/spamassasin/../../samples/email/src/maildir/stepenovitch-j/discussion_threads/102.
5.0/5.0	/home/xiang/Desktop/NewResearch/Projects/ZkregPlusAll/ZkregPlus/code/new_zkregplus/data/src_sig/spamassasin/../../samples/email/src/maildir/stepenovitch-j/inbox/work_mail/13.
8.1/5.0	/home/xiang/Desktop/NewResearch/Projects/ZkregPlusAll/ZkregPlus/code/new_zkregplus/data/src_sig/spamassasin/../../samples/email/src/maildir/stepenovitch-j/deleted_items/131.
5.6/5.0	/home/xiang/Desktop/NewResearch/Projects/ZkregPlusAll/ZkregPlus/code/new_zkregplus/data/src_sig/spamassasin/../../samples/email/src/maildir/stepenovitch-j/all_documents/120.
7.8/5.0	/home/xiang/Desktop/NewResearch/Projects/ZkregPlusAll/ZkregPlus/code/new_zkregplus/data/src_sig/spamassasin/../../samples/email/src/maildir/saibi-e/inbox/86.
5.0/5.0	/home/xiang/Desktop/NewResearch/Projects/ZkregPlusAll/ZkregPlus/code/new_zkregplus/data/src_sig/spamassasin/../../samples/email/src/maildir/saibi-e/inbox/659.
7.4/5.0	/home/xiang/Desktop/NewResearch/Projects/ZkregPlusAll/ZkregPlus/code/new_zkregplus/data/src_sig/spamassasin/../../samples/email/src/maildir/saibi-e/inbox/516.
5.1/5.0	/home/xiang/Desktop/NewResearch/Projects/ZkregPlusAll/ZkregPlus/code/new_zkregplus/data/src_sig/spamassasin/../../samples/email/src/maildir/cash-m/deleted_items/195.
5.0/5.0	/home/xiang/Desktop/NewResearch/Projects/ZkregPlusAll/ZkregPlus/code/new_zkregplus/data/src_sig/spamassasin/../../samples/email/src/maildir/cash-m/deleted_items/232.
5.1/5.0	/home/xiang/Desktop/NewResearch/Projects/ZkregPlusAll/ZkregPlus/code/new_zkregplus/data/src_sig/spamassasin/../../samples/email/src/maildir/cash-m/deleted_items/205.
7.6/5.0	/home/xiang/Desktop/NewResearch/Projects/ZkregPlusAll/ZkregPlus/code/new_zkregplus/data/src_sig/spamassasin/../../samples/email/src/maildir/cash-m/general_research/16.
8.0/5.0	/home/xiang/Desktop/NewResearch/Projects/ZkregPlusAll/ZkregPlus/code/new_zkregplus/data/src_sig/spamassasin/../../samples/email/src/maildir/cash-m/general_research/8.
5.1/5.0	/home/xiang/Desktop/NewResearch/Projects/ZkregPlusAll/ZkregPlus/code/new_zkregplus/data/src_sig/spamassasin/../../samples/email/src/maildir/cash-m/general_research/11.
8.0/5.0	/home/xiang/Desktop/NewResearch/Projects/ZkregPlusAll/ZkregPlus/code/new_zkregplus/data/src_sig/spamassasin/../../samples/email/src/maildir/cash-m/general_research/5.
8.0/5.0	/home/xiang/Desktop/NewResearch/Projects/ZkregPlusAll/ZkregPlus/code/new_zkregplus/data/src_sig/spamassasin/../../samples/email/src/maildir/cash-m/general_research/17.
8.2/5.0	/home/xiang/Desktop/NewResearch/Projects/ZkregPlusAll/ZkregPlus/code/new_zkregplus/data/src_sig/spamassasin/../../samples/email/src/maildir/heard-m/inbox/93.
8.2/5.0	/home/xiang/Desktop/NewResearch/Projects/ZkregPlusAll/ZkregPlus/code/new_zkregplus/data/src_sig/spamassasin/../../samples/email/src/maildir/ward-k/sent_items/449.
5.1/5.0	/home/xiang/Desktop/NewResearch/Projects/ZkregPlusAll/ZkregPlus/code/new_zkregplus/data/src_sig/spamassasin/../../samples/email/src/maildir/ward-k/discussion_threads/85.
5.1/5.0	/home/xiang/Desktop/NewResearch/Projects/ZkregPlusAll/ZkregPlus/code/new_zkregplus/data/src_sig/spamassasin/../../samples/email/src/maildir/ward-k/discussion_threads/86.
5.1/5.0	/home/xiang/Desktop/NewResearch/Projects/ZkregPlusAll/ZkregPlus/code/new_zkregplus/data/src_sig/spamassasin/../../samples/email/src/maildir/ward-k/discussion_threads/82.
5.7/5.0	/home/xiang/Desktop/NewResearch/Projects/ZkregPlusAll/ZkregPlus/code/new_zkregplus/data/src_sig/spamassasin/../../samples/email/src/maildir/ward-k/discussion_threads/61.
5.1/5.0	/home/xiang/Desktop/NewResearch/Projects/ZkregPlusAll/ZkregPlus/code/new_zkregplus/data/src_sig/spamassasin/../../samples/email/src/maildir/ward-k/el_paso_electric/6.
5.1/5.0	/home/xiang/Desktop/NewResearch/Projects/ZkregPlusAll/ZkregPlus/code/new_zkregplus/data/src_sig/spamassasin/../../samples/email/src/maildir/ward-k/el_paso_electric/5.
5.1/5.0	/home/xiang/Desktop/NewResearch/Projects/ZkregPlusAll/ZkregPlus/code/new_zkregplus/data/src_sig/spamassasin/../../samples/email/src/maildir/ward-k/el_paso_electric/7.
5.0/5.0	/home/xiang/Desktop/NewResearch/Projects/ZkregPlusAll/ZkregPlus/code/new_zkregplus/data/src_sig/spamassasin/../../samples/email/src/maildir/ward-k/inbox/24.
8.2/5.0	/home/xiang/Desktop/NewResearch/Projects/ZkregPlusAll/ZkregPlus/code/new_zkregplus/data/src_sig/spamassasin/../../samples/email/src/maildir/ward-k/deleted_items/112.
8.8/5.0	/home/xiang/Desktop/NewResearch/Projects/ZkregPlusAll/ZkregPlus/code/new_zkregplus/data/src_sig/spamassasin/../../samples/email/src/maildir/ward-k/deleted_items/347.
8.2/5.0	/home/xiang/Desktop/NewResearch/Projects/ZkregPlusAll/ZkregPlus/code/new_zkregplus/data/src_sig/spamassasin/../../samples/email/src/maildir/ward-k/deleted_items/159.
5.1/5.0	/home/xiang/Desktop/NewResearch/Projects/ZkregPlusAll/ZkregPlus/code/new_zkregplus/data/src_sig/spamassasin/../../samples/email/src/maildir/ward-k/all_documents/105.
5.1/5.0	/home/xiang/Desktop/NewResearch/Projects/ZkregPlusAll/ZkregPlus/code/new_zkregplus/data/src_sig/spamassasin/../../samples/email/src/maildir/ward-k/all_documents/102.
5.7/5.0	/home/xiang/Desktop/NewResearch/Projects/ZkregPlusAll/ZkregPlus/code/new_zkregplus/data/src_sig/spamassasin/../../samples/email/src/maildir/ward-k/all_documents/74.
5.1/5.0	/home/xiang/Desktop/NewResearch/Projects/ZkregPlusAll/ZkregPlus/code/new_zkregplus/data/src_sig/spamassasin/../../samples/email/src/maildir/ward-k/all_documents/106.
5.1/5.0	/home/xiang/Desktop/NewResearch/Projects/ZkregPlusAll/ZkregPlus/code/new_zkregplus/data/src_sig/spamassasin/../../samples/email/src/maildir/mann-k/discussion_threads/3801.
6.0/5.0	/home/xiang/Desktop/NewResearch/Projects/ZkregPlusAll/ZkregPlus/code/new_zkregplus/data/src_sig/spamassasin/../../samples/email/src/maildir/mann-k/discussion_threads/2960.
6.0/5.0	/home/xiang/Desktop/NewResearch/Projects/ZkregPlusAll/ZkregPlus/code/new_zkregplus/data/src_sig/spamassasin/../../samples/email/src/maildir/mann-k/discussion_threads/2961.
5.3/5.0	/home/xiang/Desktop/NewResearch/Projects/ZkregPlusAll/ZkregPlus/code/new_zkregplus/data/src_sig/spamassasin/../../samples/email/src/maildir/mann-k/discussion_threads/478.
6.0/5.0	/home/xiang/Desktop/NewResearch/Projects/ZkregPlusAll/ZkregPlus/code/new_zkregplus/data/src_sig/spamassasin/../../samples/email/src/maildir/mann-k/_sent_mail/1184.
6.0/5.0	/home/xiang/Desktop/NewResearch/Projects/ZkregPlusAll/ZkregPlus/code/new_zkregplus/data/src_sig/spamassasin/../../samples/email/src/maildir/mann-k/_sent_mail/1183.
6.0/5.0	/home/xiang/Desktop/NewResearch/Projects/ZkregPlusAll/ZkregPlus/code/new_zkregplus/data/src_sig/spamassasin/../../samples/email/src/maildir/mann-k/sent/3221.
6.0/5.0	/home/xiang/Desktop/NewResearch/Projects/ZkregPlusAll/ZkregPlus/code/new_zkregplus/data/src_sig/spamassasin/../../samples/email/src/maildir/mann-k/sent/3222.
5.1/5.0	/home/xiang/Desktop/NewResearch/Projects/ZkregPlusAll/ZkregPlus/code/new_zkregplus/data/src_sig/spamassasin/../../samples/email/src/maildir/mann-k/all_documents/5370.
6.0/5.0	/home/xiang/Desktop/NewResearch/Projects/ZkregPlusAll/ZkregPlus/code/new_zkregplus/data/src_sig/spamassasin/../../samples/email/src/maildir/mann-k/all_documents/4243.
5.1/5.0	/home/xiang/Desktop/NewResearch/Projects/ZkregPlusAll/ZkregPlus/code/new_zkregplus/data/src_sig/spamassasin/../../samples/email/src/maildir/mann-k/all_documents/5386.
6.0/5.0	/home/xiang/Desktop/NewResearch/Projects/ZkregPlusAll/ZkregPlus/code/new_zkregplus/data/src_sig/spamassasin/../../samples/email/src/maildir/mann-k/all_documents/4244.
5.3/5.0	/home/xiang/Desktop/NewResearch/Projects/ZkregPlusAll/ZkregPlus/code/new_zkregplus/data/src_sig/spamassasin/../../samples/email/src/maildir/mann-k/all_documents/707.
5.3/5.0	/home/xiang/Desktop/NewResearch/Projects/ZkregPlusAll/ZkregPlus/code/new_zkregplus/data/src_sig/spamassasin/../../samples/email/src/maildir/mann-k/chicago/57.
5.7/5.0	/home/xiang/Desktop/NewResearch/Projects/ZkregPlusAll/ZkregPlus/code/new_zkregplus/data/src_sig/spamassasin/../../samples/email/src/maildir/shively-h/deleted_items/601.
5.7/5.0	/home/xiang/Desktop/NewResearch/Projects/ZkregPlusAll/ZkregPlus/code/new_zkregplus/data/src_sig/spamassasin/../../samples/email/src/maildir/shively-h/deleted_items/447.
5.0/5.0	/home/xiang/Desktop/NewResearch/Projects/ZkregPlusAll/ZkregPlus/code/new_zkregplus/data/src_sig/spamassasin/../../samples/email/src/maildir/wolfe-j/inbox/174.
5.0/5.0	/home/xiang/Desktop/NewResearch/Projects/ZkregPlusAll/ZkregPlus/code/new_zkregplus/data/src_sig/spamassasin/../../samples/email/src/maildir/wolfe-j/10_saved/49.
5.7/5.0	/home/xiang/Desktop/NewResearch/Projects/ZkregPlusAll/ZkregPlus/code/new_zkregplus/data/src_sig/spamassasin/../../samples/email/src/maildir/wolfe-j/deleted_items/13.
5.1/5.0	/home/xiang/Desktop/NewResearch/Projects/ZkregPlusAll/ZkregPlus/code/new_zkregplus/data/src_sig/spamassasin/../../samples/email/src/maildir/platter-p/inbox/290.
5.0/5.0	/home/xiang/Desktop/NewResearch/Projects/ZkregPlusAll/ZkregPlus/code/new_zkregplus/data/src_sig/spamassasin/../../samples/email/src/maildir/platter-p/inbox/352.
8.0/5.0	/home/xiang/Desktop/NewResearch/Projects/ZkregPlusAll/ZkregPlus/code/new_zkregplus/data/src_sig/spamassasin/../../samples/email/src/maildir/platter-p/deleted_items/5.
6.2/5.0	/home/xiang/Desktop/NewResearch/Projects/ZkregPlusAll/ZkregPlus/code/new_zkregplus/data/src_sig/spamassasin/../../samples/email/src/maildir/platter-p/deleted_items/8.
5.8/5.0	/home/xiang/Desktop/NewResearch/Projects/ZkregPlusAll/ZkregPlus/code/new_zkregplus/data/src_sig/spamassasin/../../samples/email/src/maildir/derrick-j/sent_items/125.
14.2/5.0	/home/xiang/Desktop/NewResearch/Projects/ZkregPlusAll/ZkregPlus/code/new_zkregplus/data/src_sig/spamassasin/../../samples/email/src/maildir/derrick-j/sent_items/181.
14.2/5.0	/home/xiang/Desktop/NewResearch/Projects/ZkregPlusAll/ZkregPlus/code/new_zkregplus/data/src_sig/spamassasin/../../samples/email/src/maildir/derrick-j/sent_items/180.
8.7/5.0	/home/xiang/Desktop/NewResearch/Projects/ZkregPlusAll/ZkregPlus/code/new_zkregplus/data/src_sig/spamassasin/../../samples/email/src/maildir/derrick-j/sent_items/203.
9.9/5.0	/home/xiang/Desktop/NewResearch/Projects/ZkregPlusAll/ZkregPlus/code/new_zkregplus/data/src_sig/spamassasin/../../samples/email/src/maildir/derrick-j/sent_items/109.
8.7/5.0	/home/xiang/Desktop/NewResearch/Projects/ZkregPlusAll/ZkregPlus/code/new_zkregplus/data/src_sig/spamassasin/../../samples/email/src/maildir/derrick-j/sent_items/204.
14.4/5.0	/home/xiang/Desktop/NewResearch/Projects/ZkregPlusAll/ZkregPlus/code/new_zkregplus/data/src_sig/spamassasin/../../samples/email/src/maildir/derrick-j/sent_items/72.
5.1/5.0	/home/xiang/Desktop/NewResearch/Projects/ZkregPlusAll/ZkregPlus/code/new_zkregplus/data/src_sig/spamassasin/../../samples/email/src/maildir/derrick-j/discussion_threads/60.
5.1/5.0	/home/xiang/Desktop/NewResearch/Projects/ZkregPlusAll/ZkregPlus/code/new_zkregplus/data/src_sig/spamassasin/../../samples/email/src/maildir/derrick-j/discussion_threads/94.
5.1/5.0	/home/xiang/Desktop/NewResearch/Projects/ZkregPlusAll/ZkregPlus/code/new_zkregplus/data/src_sig/spamassasin/../../samples/email/src/maildir/derrick-j/discussion_threads/61.
5.1/5.0	/home/xiang/Desktop/NewResearch/Projects/ZkregPlusAll/ZkregPlus/code/new_zkregplus/data/src_sig/spamassasin/../../samples/email/src/maildir/derrick-j/_sent_mail/34.
5.1/5.0	/home/xiang/Desktop/NewResearch/Projects/ZkregPlusAll/ZkregPlus/code/new_zkregplus/data/src_sig/spamassasin/../../samples/email/src/maildir/derrick-j/sent/18.
5.1/5.0	/home/xiang/Desktop/NewResearch/Projects/ZkregPlusAll/ZkregPlus/code/new_zkregplus/data/src_sig/spamassasin/../../samples/email/src/maildir/derrick-j/notes_inbox/55.
5.1/5.0	/home/xiang/Desktop/NewResearch/Projects/ZkregPlusAll/ZkregPlus/code/new_zkregplus/data/src_sig/spamassasin/../../samples/email/src/maildir/derrick-j/notes_inbox/31.
5.1/5.0	/home/xiang/Desktop/NewResearch/Projects/ZkregPlusAll/ZkregPlus/code/new_zkregplus/data/src_sig/spamassasin/../../samples/email/src/maildir/derrick-j/all_documents/69.
5.1/5.0	/home/xiang/Desktop/NewResearch/Projects/ZkregPlusAll/ZkregPlus/code/new_zkregplus/data/src_sig/spamassasin/../../samples/email/src/maildir/derrick-j/all_documents/107.
5.1/5.0	/home/xiang/Desktop/NewResearch/Projects/ZkregPlusAll/ZkregPlus/code/new_zkregplus/data/src_sig/spamassasin/../../samples/email/src/maildir/derrick-j/all_documents/68.
6.1/5.0	/home/xiang/Desktop/NewResearch/Projects/ZkregPlusAll/ZkregPlus/code/new_zkregplus/data/src_sig/spamassasin/../../samples/email/src/maildir/blair-l/inbox/232.
7.6/5.0	/home/xiang/Desktop/NewResearch/Projects/ZkregPlusAll/ZkregPlus/code/new_zkregplus/data/src_sig/spamassasin/../../samples/email/src/maildir/blair-l/deleted_items/596.
7.6/5.0	/home/xiang/Desktop/NewResearch/Projects/ZkregPlusAll/ZkregPlus/code/new_zkregplus/data/src_sig/spamassasin/../../samples/email/src/maildir/blair-l/deleted_items/442.
7.7/5.0	/home/xiang/Desktop/NewResearch/Projects/ZkregPlusAll/ZkregPlus/code/new_zkregplus/data/src_sig/spamassasin/../../samples/email/src/maildir/blair-l/deleted_items/403.
5.1/5.0	/home/xiang/Desktop/NewResearch/Projects/ZkregPlusAll/ZkregPlus/code/new_zkregplus/data/src_sig/spamassasin/../../samples/email/src/maildir/blair-l/deleted_items/539.
8.2/5.0	/home/xiang/Desktop/NewResearch/Projects/ZkregPlusAll/ZkregPlus/code/new_zkregplus/data/src_sig/spamassasin/../../samples/email/src/maildir/blair-l/deleted_items/149.
5.5/5.0	/home/xiang/Desktop/NewResearch/Projects/ZkregPlusAll/ZkregPlus/code/new_zkregplus/data/src_sig/spamassasin/../../samples/email/src/maildir/blair-l/deleted_items/586.
5.5/5.0	/home/xiang/Desktop/NewResearch/Projects/ZkregPlusAll/ZkregPlus/code/new_zkregplus/data/src_sig/spamassasin/../../samples/email/src/maildir/blair-l/deleted_items/443.
8.2/5.0	/home/xiang/Desktop/NewResearch/Projects/ZkregPlusAll/ZkregPlus/code/new_zkregplus/data/src_sig/spamassasin/../../samples/email/src/maildir/blair-l/deleted_items/144.
6.8/5.0	/home/xiang/Desktop/NewResearch/Projects/ZkregPlusAll/ZkregPlus/code/new_zkregplus/data/src_sig/spamassasin/../../samples/email/src/maildir/blair-l/deleted_items/630.
7.6/5.0	/home/xiang/Desktop/NewResearch/Projects/ZkregPlusAll/ZkregPlus/code/new_zkregplus/data/src_sig/spamassasin/../../samples/email/src/maildir/blair-l/deleted_items/275.
5.2/5.0	/home/xiang/Desktop/NewResearch/Projects/ZkregPlusAll/ZkregPlus/code/new_zkregplus/data/src_sig/spamassasin/../../samples/email/src/maildir/blair-l/deleted_items/624.
5.1/5.0	/home/xiang/Desktop/NewResearch/Projects/ZkregPlusAll/ZkregPlus/code/new_zkregplus/data/src_sig/spamassasin/../../samples/email/src/maildir/shapiro-r/notre_dame/28.
5.9/5.0	/home/xiang/Desktop/NewResearch/Projects/ZkregPlusAll/ZkregPlus/code/new_zkregplus/data/src_sig/spamassasin/../../samples/email/src/maildir/shapiro-r/discussion_threads/833.
6.0/5.0	/home/xiang/Desktop/NewResearch/Projects/ZkregPlusAll/ZkregPlus/code/new_zkregplus/data/src_sig/spamassasin/../../samples/email/src/maildir/shapiro-r/deleted_items/897.
5.7/5.0	/home/xiang/Desktop/NewResearch/Projects/ZkregPlusAll/ZkregPlus/code/new_zkregplus/data/src_sig/spamassasin/../../samples/email/src/maildir/shapiro-r/deleted_items/667.
7.6/5.0	/home/xiang/Desktop/NewResearch/Projects/ZkregPlusAll/ZkregPlus/code/new_zkregplus/data/src_sig/spamassasin/../../samples/email/src/maildir/shapiro-r/deleted_items/1067.
7.5/5.0	/home/xiang/Desktop/NewResearch/Projects/ZkregPlusAll/ZkregPlus/code/new_zkregplus/data/src_sig/spamassasin/../../samples/email/src/maildir/shapiro-r/deleted_items/78.
6.6/5.0	/home/xiang/Desktop/NewResearch/Projects/ZkregPlusAll/ZkregPlus/code/new_zkregplus/data/src_sig/spamassasin/../../samples/email/src/maildir/shapiro-r/deleted_items/591.
5.7/5.0	/home/xiang/Desktop/NewResearch/Projects/ZkregPlusAll/ZkregPlus/code/new_zkregplus/data/src_sig/spamassasin/../../samples/email/src/maildir/shapiro-r/deleted_items/550.
6.4/5.0	/home/xiang/Desktop/NewResearch/Projects/ZkregPlusAll/ZkregPlus/code/new_zkregplus/data/src_sig/spamassasin/../../samples/email/src/maildir/shapiro-r/deleted_items/686.
5.7/5.0	/home/xiang/Desktop/NewResearch/Projects/ZkregPlusAll/ZkregPlus/code/new_zkregplus/data/src_sig/spamassasin/../../samples/email/src/maildir/shapiro-r/deleted_items/501.
7.6/5.0	/home/xiang/Desktop/NewResearch/Projects/ZkregPlusAll/ZkregPlus/code/new_zkregplus/data/src_sig/spamassasin/../../samples/email/src/maildir/shapiro-r/deleted_items/335.
5.0/5.0	/home/xiang/Desktop/NewResearch/Projects/ZkregPlusAll/ZkregPlus/code/new_zkregplus/data/src_sig/spamassasin/../../samples/email/src/maildir/shapiro-r/deleted_items/33.
7.6/5.0	/home/xiang/Desktop/NewResearch/Projects/ZkregPlusAll/ZkregPlus/code/new_zkregplus/data/src_sig/spamassasin/../../samples/email/src/maildir/shapiro-r/deleted_items/526.
10.9/5.0	/home/xiang/Desktop/NewResearch/Projects/ZkregPlusAll/ZkregPlus/code/new_zkregplus/data/src_sig/spamassasin/../../samples/email/src/maildir/shapiro-r/deleted_items/800.
7.6/5.0	/home/xiang/Desktop/NewResearch/Projects/ZkregPlusAll/ZkregPlus/code/new_zkregplus/data/src_sig/spamassasin/../../samples/email/src/maildir/shapiro-r/deleted_items/1376.
6.0/5.0	/home/xiang/Desktop/NewResearch/Projects/ZkregPlusAll/ZkregPlus/code/new_zkregplus/data/src_sig/spamassasin/../../samples/email/src/maildir/shapiro-r/deleted_items/1048.
5.2/5.0	/home/xiang/Desktop/NewResearch/Projects/ZkregPlusAll/ZkregPlus/code/new_zkregplus/data/src_sig/spamassasin/../../samples/email/src/maildir/shapiro-r/deleted_items/1004.
5.1/5.0	/home/xiang/Desktop/NewResearch/Projects/ZkregPlusAll/ZkregPlus/code/new_zkregplus/data/src_sig/spamassasin/../../samples/email/src/maildir/shapiro-r/deleted_items/549.
7.5/5.0	/home/xiang/Desktop/NewResearch/Projects/ZkregPlusAll/ZkregPlus/code/new_zkregplus/data/src_sig/spamassasin/../../samples/email/src/maildir/shapiro-r/deleted_items/588.
5.9/5.0	/home/xiang/Desktop/NewResearch/Projects/ZkregPlusAll/ZkregPlus/code/new_zkregplus/data/src_sig/spamassasin/../../samples/email/src/maildir/shapiro-r/deleted_items/695.
7.6/5.0	/home/xiang/Desktop/NewResearch/Projects/ZkregPlusAll/ZkregPlus/code/new_zkregplus/data/src_sig/spamassasin/../../samples/email/src/maildir/shapiro-r/deleted_items/1303.
10.6/5.0	/home/xiang/Desktop/NewResearch/Projects/ZkregPlusAll/ZkregPlus/code/new_zkregplus/data/src_sig/spamassasin/../../samples/email/src/maildir/shapiro-r/deleted_items/370.
6.0/5.0	/home/xiang/Desktop/NewResearch/Projects/ZkregPlusAll/ZkregPlus/code/new_zkregplus/data/src_sig/spamassasin/../../samples/email/src/maildir/shapiro-r/deleted_items/718.
6.3/5.0	/home/xiang/Desktop/NewResearch/Projects/ZkregPlusAll/ZkregPlus/code/new_zkregplus/data/src_sig/spamassasin/../../samples/email/src/maildir/shapiro-r/deleted_items/691.
5.3/5.0	/home/xiang/Desktop/NewResearch/Projects/ZkregPlusAll/ZkregPlus/code/new_zkregplus/data/src_sig/spamassasin/../../samples/email/src/maildir/shapiro-r/deleted_items/640.
6.1/5.0	/home/xiang/Desktop/NewResearch/Projects/ZkregPlusAll/ZkregPlus/code/new_zkregplus/data/src_sig/spamassasin/../../samples/email/src/maildir/shapiro-r/deleted_items/427.
9.0/5.0	/home/xiang/Desktop/NewResearch/Projects/ZkregPlusAll/ZkregPlus/code/new_zkregplus/data/src_sig/spamassasin/../../samples/email/src/maildir/shapiro-r/deleted_items/827.
6.7/5.0	/home/xiang/Desktop/NewResearch/Projects/ZkregPlusAll/ZkregPlus/code/new_zkregplus/data/src_sig/spamassasin/../../samples/email/src/maildir/shapiro-r/deleted_items/485.
9.1/5.0	/home/xiang/Desktop/NewResearch/Projects/ZkregPlusAll/ZkregPlus/code/new_zkregplus/data/src_sig/spamassasin/../../samples/email/src/maildir/shapiro-r/deleted_items/511.
6.3/5.0	/home/xiang/Desktop/NewResearch/Projects/ZkregPlusAll/ZkregPlus/code/new_zkregplus/data/src_sig/spamassasin/../../samples/email/src/maildir/shapiro-r/deleted_items/349.
5.1/5.0	/home/xiang/Desktop/NewResearch/Projects/ZkregPlusAll/ZkregPlus/code/new_zkregplus/data/src_sig/spamassasin/../../samples/email/src/maildir/shapiro-r/deleted_items/411.
10.3/5.0	/home/xiang/Desktop/NewResearch/Projects/ZkregPlusAll/ZkregPlus/code/new_zkregplus/data/src_sig/spamassasin/../../samples/email/src/maildir/shapiro-r/deleted_items/1239.
5.7/5.0	/home/xiang/Desktop/NewResearch/Projects/ZkregPlusAll/ZkregPlus/code/new_zkregplus/data/src_sig/spamassasin/../../samples/email/src/maildir/shapiro-r/deleted_items/828.
6.4/5.0	/home/xiang/Desktop/NewResearch/Projects/ZkregPlusAll/ZkregPlus/code/new_zkregplus/data/src_sig/spamassasin/../../samples/email/src/maildir/shapiro-r/deleted_items/642.
7.6/5.0	/home/xiang/Desktop/NewResearch/Projects/ZkregPlusAll/ZkregPlus/code/new_zkregplus/data/src_sig/spamassasin/../../samples/email/src/maildir/shapiro-r/deleted_items/343.
5.0/5.0	/home/xiang/Desktop/NewResearch/Projects/ZkregPlusAll/ZkregPlus/code/new_zkregplus/data/src_sig/spamassasin/../../samples/email/src/maildir/shapiro-r/deleted_items/1249.
5.9/5.0	/home/xiang/Desktop/NewResearch/Projects/ZkregPlusAll/ZkregPlus/code/new_zkregplus/data/src_sig/spamassasin/../../samples/email/src/maildir/shapiro-r/notes_inbox/19.
5.9/5.0	/home/xiang/Desktop/NewResearch/Projects/ZkregPlusAll/ZkregPlus/code/new_zkregplus/data/src_sig/spamassasin/../../samples/email/src/maildir/shapiro-r/all_documents/928.
5.0/5.0	/home/xiang/Desktop/NewResearch/Projects/ZkregPlusAll/ZkregPlus/code/new_zkregplus/data/src_sig/spamassasin/../../samples/email/src/maildir/whitt-m/inbox/383.
7.6/5.0	/home/xiang/Desktop/NewResearch/Projects/ZkregPlusAll/ZkregPlus/code/new_zkregplus/data/src_sig/spamassasin/../../samples/email/src/maildir/williams-w3/sent_items/307.
7.6/5.0	/home/xiang/Desktop/NewResearch/Projects/ZkregPlusAll/ZkregPlus/code/new_zkregplus/data/src_sig/spamassasin/../../samples/email/src/maildir/williams-w3/bill_williams_iii/307.
5.7/5.0	/home/xiang/Desktop/NewResearch/Projects/ZkregPlusAll/ZkregPlus/code/new_zkregplus/data/src_sig/spamassasin/../../samples/email/src/maildir/williams-w3/bill_williams_iii/58.
8.4/5.0	/home/xiang/Desktop/NewResearch/Projects/ZkregPlusAll/ZkregPlus/code/new_zkregplus/data/src_sig/spamassasin/../../samples/email/src/maildir/ybarbo-p/inbox/296.
5.7/5.0	/home/xiang/Desktop/NewResearch/Projects/ZkregPlusAll/ZkregPlus/code/new_zkregplus/data/src_sig/spamassasin/../../samples/email/src/maildir/ybarbo-p/inbox/209.
5.5/5.0	/home/xiang/Desktop/NewResearch/Projects/ZkregPlusAll/ZkregPlus/code/new_zkregplus/data/src_sig/spamassasin/../../samples/email/src/maildir/ybarbo-p/inbox/221.
8.2/5.0	/home/xiang/Desktop/NewResearch/Projects/ZkregPlusAll/ZkregPlus/code/new_zkregplus/data/src_sig/spamassasin/../../samples/email/src/maildir/ybarbo-p/inbox/289.
5.5/5.0	/home/xiang/Desktop/NewResearch/Projects/ZkregPlusAll/ZkregPlus/code/new_zkregplus/data/src_sig/spamassasin/../../samples/email/src/maildir/ybarbo-p/inbox/241.
5.5/5.0	/home/xiang/Desktop/NewResearch/Projects/ZkregPlusAll/ZkregPlus/code/new_zkregplus/data/src_sig/spamassasin/../../samples/email/src/maildir/ybarbo-p/inbox/302.
7.8/5.0	/home/xiang/Desktop/NewResearch/Projects/ZkregPlusAll/ZkregPlus/code/new_zkregplus/data/src_sig/spamassasin/../../samples/email/src/maildir/ybarbo-p/inbox/227.
5.0/5.0	/home/xiang/Desktop/NewResearch/Projects/ZkregPlusAll/ZkregPlus/code/new_zkregplus/data/src_sig/spamassasin/../../samples/email/src/maildir/ybarbo-p/inbox/395.
8.2/5.0	/home/xiang/Desktop/NewResearch/Projects/ZkregPlusAll/ZkregPlus/code/new_zkregplus/data/src_sig/spamassasin/../../samples/email/src/maildir/ybarbo-p/inbox/261.
5.9/5.0	/home/xiang/Desktop/NewResearch/Projects/ZkregPlusAll/ZkregPlus/code/new_zkregplus/data/src_sig/spamassasin/../../samples/email/src/maildir/ybarbo-p/deleted_items/92.
5.1/5.0	/home/xiang/Desktop/NewResearch/Projects/ZkregPlusAll/ZkregPlus/code/new_zkregplus/data/src_sig/spamassasin/../../samples/email/src/maildir/ybarbo-p/deleted_items/131.
5.7/5.0	/home/xiang/Desktop/NewResearch/Projects/ZkregPlusAll/ZkregPlus/code/new_zkregplus/data/src_sig/spamassasin/../../samples/email/src/maildir/ybarbo-p/deleted_items/8.
5.1/5.0	/home/xiang/Desktop/NewResearch/Projects/ZkregPlusAll/ZkregPlus/code/new_zkregplus/data/src_sig/spamassasin/../../samples/email/src/maildir/ybarbo-p/deleted_items/138.
5.5/5.0	/home/xiang/Desktop/NewResearch/Projects/ZkregPlusAll/ZkregPlus/code/new_zkregplus/data/src_sig/spamassasin/../../samples/email/src/maildir/ybarbo-p/deleted_items/114.
5.9/5.0	/home/xiang/Desktop/NewResearch/Projects/ZkregPlusAll/ZkregPlus/code/new_zkregplus/data/src_sig/spamassasin/../../samples/email/src/maildir/symes-k/discussion_threads/2790.
5.9/5.0	/home/xiang/Desktop/NewResearch/Projects/ZkregPlusAll/ZkregPlus/code/new_zkregplus/data/src_sig/spamassasin/../../samples/email/src/maildir/symes-k/discussion_threads/1799.
5.8/5.0	/home/xiang/Desktop/NewResearch/Projects/ZkregPlusAll/ZkregPlus/code/new_zkregplus/data/src_sig/spamassasin/../../samples/email/src/maildir/symes-k/discussion_threads/560.
5.9/5.0	/home/xiang/Desktop/NewResearch/Projects/ZkregPlusAll/ZkregPlus/code/new_zkregplus/data/src_sig/spamassasin/../../samples/email/src/maildir/symes-k/discussion_threads/1300.
5.8/5.0	/home/xiang/Desktop/NewResearch/Projects/ZkregPlusAll/ZkregPlus/code/new_zkregplus/data/src_sig/spamassasin/../../samples/email/src/maildir/symes-k/discussion_threads/3021.
5.8/5.0	/home/xiang/Desktop/NewResearch/Projects/ZkregPlusAll/ZkregPlus/code/new_zkregplus/data/src_sig/spamassasin/../../samples/email/src/maildir/symes-k/discussion_threads/3552.
8.7/5.0	/home/xiang/Desktop/NewResearch/Projects/ZkregPlusAll/ZkregPlus/code/new_zkregplus/data/src_sig/spamassasin/../../samples/email/src/maildir/symes-k/discussion_threads/1456.
5.8/5.0	/home/xiang/Desktop/NewResearch/Projects/ZkregPlusAll/ZkregPlus/code/new_zkregplus/data/src_sig/spamassasin/../../samples/email/src/maildir/symes-k/discussion_threads/1405.
5.8/5.0	/home/xiang/Desktop/NewResearch/Projects/ZkregPlusAll/ZkregPlus/code/new_zkregplus/data/src_sig/spamassasin/../../samples/email/src/maildir/symes-k/discussion_threads/2072.
5.6/5.0	/home/xiang/Desktop/NewResearch/Projects/ZkregPlusAll/ZkregPlus/code/new_zkregplus/data/src_sig/spamassasin/../../samples/email/src/maildir/symes-k/discussion_threads/105.
5.8/5.0	/home/xiang/Desktop/NewResearch/Projects/ZkregPlusAll/ZkregPlus/code/new_zkregplus/data/src_sig/spamassasin/../../samples/email/src/maildir/symes-k/discussion_threads/1587.
5.8/5.0	/home/xiang/Desktop/NewResearch/Projects/ZkregPlusAll/ZkregPlus/code/new_zkregplus/data/src_sig/spamassasin/../../samples/email/src/maildir/symes-k/discussion_threads/973.
5.9/5.0	/home/xiang/Desktop/NewResearch/Projects/ZkregPlusAll/ZkregPlus/code/new_zkregplus/data/src_sig/spamassasin/../../samples/email/src/maildir/symes-k/discussion_threads/539.
8.7/5.0	/home/xiang/Desktop/NewResearch/Projects/ZkregPlusAll/ZkregPlus/code/new_zkregplus/data/src_sig/spamassasin/../../samples/email/src/maildir/symes-k/discussion_threads/3644.
5.9/5.0	/home/xiang/Desktop/NewResearch/Projects/ZkregPlusAll/ZkregPlus/code/new_zkregplus/data/src_sig/spamassasin/../../samples/email/src/maildir/symes-k/discussion_threads/2729.
5.8/5.0	/home/xiang/Desktop/NewResearch/Projects/ZkregPlusAll/ZkregPlus/code/new_zkregplus/data/src_sig/spamassasin/../../samples/email/src/maildir/symes-k/discussion_threads/2917.
5.8/5.0	/home/xiang/Desktop/NewResearch/Projects/ZkregPlusAll/ZkregPlus/code/new_zkregplus/data/src_sig/spamassasin/../../samples/email/src/maildir/symes-k/discussion_threads/2877.
5.8/5.0	/home/xiang/Desktop/NewResearch/Projects/ZkregPlusAll/ZkregPlus/code/new_zkregplus/data/src_sig/spamassasin/../../samples/email/src/maildir/symes-k/discussion_threads/1104.
5.8/5.0	/home/xiang/Desktop/NewResearch/Projects/ZkregPlusAll/ZkregPlus/code/new_zkregplus/data/src_sig/spamassasin/../../samples/email/src/maildir/symes-k/discussion_threads/1960.
5.8/5.0	/home/xiang/Desktop/NewResearch/Projects/ZkregPlusAll/ZkregPlus/code/new_zkregplus/data/src_sig/spamassasin/../../samples/email/src/maildir/symes-k/discussion_threads/840.
5.9/5.0	/home/xiang/Desktop/NewResearch/Projects/ZkregPlusAll/ZkregPlus/code/new_zkregplus/data/src_sig/spamassasin/../../samples/email/src/maildir/symes-k/discussion_threads/1846.
5.8/5.0	/home/xiang/Desktop/NewResearch/Projects/ZkregPlusAll/ZkregPlus/code/new_zkregplus/data/src_sig/spamassasin/../../samples/email/src/maildir/symes-k/discussion_threads/814.
5.8/5.0	/home/xiang/Desktop/NewResearch/Projects/ZkregPlusAll/ZkregPlus/code/new_zkregplus/data/src_sig/spamassasin/../../samples/email/src/maildir/symes-k/discussion_threads/3403.
5.8/5.0	/home/xiang/Desktop/NewResearch/Projects/ZkregPlusAll/ZkregPlus/code/new_zkregplus/data/src_sig/spamassasin/../../samples/email/src/maildir/symes-k/discussion_threads/821.
5.8/5.0	/home/xiang/Desktop/NewResearch/Projects/ZkregPlusAll/ZkregPlus/code/new_zkregplus/data/src_sig/spamassasin/../../samples/email/src/maildir/symes-k/discussion_threads/2600.
8.6/5.0	/home/xiang/Desktop/NewResearch/Projects/ZkregPlusAll/ZkregPlus/code/new_zkregplus/data/src_sig/spamassasin/../../samples/email/src/maildir/symes-k/discussion_threads/2434.
5.8/5.0	/home/xiang/Desktop/NewResearch/Projects/ZkregPlusAll/ZkregPlus/code/new_zkregplus/data/src_sig/spamassasin/../../samples/email/src/maildir/symes-k/discussion_threads/2584.
5.8/5.0	/home/xiang/Desktop/NewResearch/Projects/ZkregPlusAll/ZkregPlus/code/new_zkregplus/data/src_sig/spamassasin/../../samples/email/src/maildir/symes-k/discussion_threads/2276.
5.8/5.0	/home/xiang/Desktop/NewResearch/Projects/ZkregPlusAll/ZkregPlus/code/new_zkregplus/data/src_sig/spamassasin/../../samples/email/src/maildir/symes-k/discussion_threads/1926.
5.8/5.0	/home/xiang/Desktop/NewResearch/Projects/ZkregPlusAll/ZkregPlus/code/new_zkregplus/data/src_sig/spamassasin/../../samples/email/src/maildir/symes-k/discussion_threads/2238.
5.9/5.0	/home/xiang/Desktop/NewResearch/Projects/ZkregPlusAll/ZkregPlus/code/new_zkregplus/data/src_sig/spamassasin/../../samples/email/src/maildir/symes-k/discussion_threads/1160.
5.8/5.0	/home/xiang/Desktop/NewResearch/Projects/ZkregPlusAll/ZkregPlus/code/new_zkregplus/data/src_sig/spamassasin/../../samples/email/src/maildir/symes-k/discussion_threads/2952.
5.9/5.0	/home/xiang/Desktop/NewResearch/Projects/ZkregPlusAll/ZkregPlus/code/new_zkregplus/data/src_sig/spamassasin/../../samples/email/src/maildir/symes-k/discussion_threads/1770.
5.8/5.0	/home/xiang/Desktop/NewResearch/Projects/ZkregPlusAll/ZkregPlus/code/new_zkregplus/data/src_sig/spamassasin/../../samples/email/src/maildir/symes-k/discussion_threads/2223.
5.8/5.0	/home/xiang/Desktop/NewResearch/Projects/ZkregPlusAll/ZkregPlus/code/new_zkregplus/data/src_sig/spamassasin/../../samples/email/src/maildir/symes-k/discussion_threads/2536.
5.8/5.0	/home/xiang/Desktop/NewResearch/Projects/ZkregPlusAll/ZkregPlus/code/new_zkregplus/data/src_sig/spamassasin/../../samples/email/src/maildir/symes-k/discussion_threads/2339.
5.8/5.0	/home/xiang/Desktop/NewResearch/Projects/ZkregPlusAll/ZkregPlus/code/new_zkregplus/data/src_sig/spamassasin/../../samples/email/src/maildir/symes-k/discussion_threads/680.
5.8/5.0	/home/xiang/Desktop/NewResearch/Projects/ZkregPlusAll/ZkregPlus/code/new_zkregplus/data/src_sig/spamassasin/../../samples/email/src/maildir/symes-k/discussion_threads/3139.
5.8/5.0	/home/xiang/Desktop/NewResearch/Projects/ZkregPlusAll/ZkregPlus/code/new_zkregplus/data/src_sig/spamassasin/../../samples/email/src/maildir/symes-k/discussion_threads/1053.
5.9/5.0	/home/xiang/Desktop/NewResearch/Projects/ZkregPlusAll/ZkregPlus/code/new_zkregplus/data/src_sig/spamassasin/../../samples/email/src/maildir/symes-k/discussion_threads/3096.
5.9/5.0	/home/xiang/Desktop/NewResearch/Projects/ZkregPlusAll/ZkregPlus/code/new_zkregplus/data/src_sig/spamassasin/../../samples/email/src/maildir/symes-k/discussion_threads/585.
5.8/5.0	/home/xiang/Desktop/NewResearch/Projects/ZkregPlusAll/ZkregPlus/code/new_zkregplus/data/src_sig/spamassasin/../../samples/email/src/maildir/symes-k/discussion_threads/1420.
5.8/5.0	/home/xiang/Desktop/NewResearch/Projects/ZkregPlusAll/ZkregPlus/code/new_zkregplus/data/src_sig/spamassasin/../../samples/email/src/maildir/symes-k/discussion_threads/3340.
5.8/5.0	/home/xiang/Desktop/NewResearch/Projects/ZkregPlusAll/ZkregPlus/code/new_zkregplus/data/src_sig/spamassasin/../../samples/email/src/maildir/symes-k/discussion_threads/1694.
5.8/5.0	/home/xiang/Desktop/NewResearch/Projects/ZkregPlusAll/ZkregPlus/code/new_zkregplus/data/src_sig/spamassasin/../../samples/email/src/maildir/symes-k/discussion_threads/2643.
5.8/5.0	/home/xiang/Desktop/NewResearch/Projects/ZkregPlusAll/ZkregPlus/code/new_zkregplus/data/src_sig/spamassasin/../../samples/email/src/maildir/symes-k/discussion_threads/2399.
5.8/5.0	/home/xiang/Desktop/NewResearch/Projects/ZkregPlusAll/ZkregPlus/code/new_zkregplus/data/src_sig/spamassasin/../../samples/email/src/maildir/symes-k/discussion_threads/790.
5.8/5.0	/home/xiang/Desktop/NewResearch/Projects/ZkregPlusAll/ZkregPlus/code/new_zkregplus/data/src_sig/spamassasin/../../samples/email/src/maildir/symes-k/discussion_threads/611.
5.8/5.0	/home/xiang/Desktop/NewResearch/Projects/ZkregPlusAll/ZkregPlus/code/new_zkregplus/data/src_sig/spamassasin/../../samples/email/src/maildir/symes-k/discussion_threads/1827.
5.8/5.0	/home/xiang/Desktop/NewResearch/Projects/ZkregPlusAll/ZkregPlus/code/new_zkregplus/data/src_sig/spamassasin/../../samples/email/src/maildir/symes-k/discussion_threads/2682.
5.8/5.0	/home/xiang/Desktop/NewResearch/Projects/ZkregPlusAll/ZkregPlus/code/new_zkregplus/data/src_sig/spamassasin/../../samples/email/src/maildir/symes-k/discussion_threads/3199.
5.9/5.0	/home/xiang/Desktop/NewResearch/Projects/ZkregPlusAll/ZkregPlus/code/new_zkregplus/data/src_sig/spamassasin/../../samples/email/src/maildir/symes-k/discussion_threads/894.
5.8/5.0	/home/xiang/Desktop/NewResearch/Projects/ZkregPlusAll/ZkregPlus/code/new_zkregplus/data/src_sig/spamassasin/../../samples/email/src/maildir/symes-k/discussion_threads/1659.
5.8/5.0	/home/xiang/Desktop/NewResearch/Projects/ZkregPlusAll/ZkregPlus/code/new_zkregplus/data/src_sig/spamassasin/../../samples/email/src/maildir/symes-k/discussion_threads/2147.
7.8/5.0	/home/xiang/Desktop/NewResearch/Projects/ZkregPlusAll/ZkregPlus/code/new_zkregplus/data/src_sig/spamassasin/../../samples/email/src/maildir/symes-k/discussion_threads/3520.
5.9/5.0	/home/xiang/Desktop/NewResearch/Projects/ZkregPlusAll/ZkregPlus/code/new_zkregplus/data/src_sig/spamassasin/../../samples/email/src/maildir/symes-k/discussion_threads/2983.
5.7/5.0	/home/xiang/Desktop/NewResearch/Projects/ZkregPlusAll/ZkregPlus/code/new_zkregplus/data/src_sig/spamassasin/../../samples/email/src/maildir/symes-k/discussion_threads/847.
5.8/5.0	/home/xiang/Desktop/NewResearch/Projects/ZkregPlusAll/ZkregPlus/code/new_zkregplus/data/src_sig/spamassasin/../../samples/email/src/maildir/symes-k/discussion_threads/2509.
5.8/5.0	/home/xiang/Desktop/NewResearch/Projects/ZkregPlusAll/ZkregPlus/code/new_zkregplus/data/src_sig/spamassasin/../../samples/email/src/maildir/symes-k/discussion_threads/3040.
5.8/5.0	/home/xiang/Desktop/NewResearch/Projects/ZkregPlusAll/ZkregPlus/code/new_zkregplus/data/src_sig/spamassasin/../../samples/email/src/maildir/symes-k/discussion_threads/830.
5.8/5.0	/home/xiang/Desktop/NewResearch/Projects/ZkregPlusAll/ZkregPlus/code/new_zkregplus/data/src_sig/spamassasin/../../samples/email/src/maildir/symes-k/discussion_threads/763.
8.6/5.0	/home/xiang/Desktop/NewResearch/Projects/ZkregPlusAll/ZkregPlus/code/new_zkregplus/data/src_sig/spamassasin/../../samples/email/src/maildir/symes-k/discussion_threads/3168.
5.8/5.0	/home/xiang/Desktop/NewResearch/Projects/ZkregPlusAll/ZkregPlus/code/new_zkregplus/data/src_sig/spamassasin/../../samples/email/src/maildir/symes-k/discussion_threads/2118.
5.8/5.0	/home/xiang/Desktop/NewResearch/Projects/ZkregPlusAll/ZkregPlus/code/new_zkregplus/data/src_sig/spamassasin/../../samples/email/src/maildir/symes-k/discussion_threads/1383.
5.9/5.0	/home/xiang/Desktop/NewResearch/Projects/ZkregPlusAll/ZkregPlus/code/new_zkregplus/data/src_sig/spamassasin/../../samples/email/src/maildir/symes-k/discussion_threads/1076.
5.8/5.0	/home/xiang/Desktop/NewResearch/Projects/ZkregPlusAll/ZkregPlus/code/new_zkregplus/data/src_sig/spamassasin/../../samples/email/src/maildir/symes-k/discussion_threads/1186.
5.8/5.0	/home/xiang/Desktop/NewResearch/Projects/ZkregPlusAll/ZkregPlus/code/new_zkregplus/data/src_sig/spamassasin/../../samples/email/src/maildir/symes-k/discussion_threads/1618.
5.8/5.0	/home/xiang/Desktop/NewResearch/Projects/ZkregPlusAll/ZkregPlus/code/new_zkregplus/data/src_sig/spamassasin/../../samples/email/src/maildir/symes-k/discussion_threads/1525.
5.8/5.0	/home/xiang/Desktop/NewResearch/Projects/ZkregPlusAll/ZkregPlus/code/new_zkregplus/data/src_sig/spamassasin/../../samples/email/src/maildir/symes-k/discussion_threads/1334.
5.8/5.0	/home/xiang/Desktop/NewResearch/Projects/ZkregPlusAll/ZkregPlus/code/new_zkregplus/data/src_sig/spamassasin/../../samples/email/src/maildir/symes-k/discussion_threads/1052.
5.8/5.0	/home/xiang/Desktop/NewResearch/Projects/ZkregPlusAll/ZkregPlus/code/new_zkregplus/data/src_sig/spamassasin/../../samples/email/src/maildir/symes-k/discussion_threads/908.
5.8/5.0	/home/xiang/Desktop/NewResearch/Projects/ZkregPlusAll/ZkregPlus/code/new_zkregplus/data/src_sig/spamassasin/../../samples/email/src/maildir/symes-k/discussion_threads/3315.
5.8/5.0	/home/xiang/Desktop/NewResearch/Projects/ZkregPlusAll/ZkregPlus/code/new_zkregplus/data/src_sig/spamassasin/../../samples/email/src/maildir/symes-k/discussion_threads/1003.
5.8/5.0	/home/xiang/Desktop/NewResearch/Projects/ZkregPlusAll/ZkregPlus/code/new_zkregplus/data/src_sig/spamassasin/../../samples/email/src/maildir/symes-k/discussion_threads/658.
5.8/5.0	/home/xiang/Desktop/NewResearch/Projects/ZkregPlusAll/ZkregPlus/code/new_zkregplus/data/src_sig/spamassasin/../../samples/email/src/maildir/symes-k/discussion_threads/954.
7.8/5.0	/home/xiang/Desktop/NewResearch/Projects/ZkregPlusAll/ZkregPlus/code/new_zkregplus/data/src_sig/spamassasin/../../samples/email/src/maildir/symes-k/discussion_threads/706.
5.8/5.0	/home/xiang/Desktop/NewResearch/Projects/ZkregPlusAll/ZkregPlus/code/new_zkregplus/data/src_sig/spamassasin/../../samples/email/src/maildir/symes-k/discussion_threads/2756.
5.8/5.0	/home/xiang/Desktop/NewResearch/Projects/ZkregPlusAll/ZkregPlus/code/new_zkregplus/data/src_sig/spamassasin/../../samples/email/src/maildir/symes-k/discussion_threads/1031.
5.8/5.0	/home/xiang/Desktop/NewResearch/Projects/ZkregPlusAll/ZkregPlus/code/new_zkregplus/data/src_sig/spamassasin/../../samples/email/src/maildir/symes-k/discussion_threads/1235.
5.8/5.0	/home/xiang/Desktop/NewResearch/Projects/ZkregPlusAll/ZkregPlus/code/new_zkregplus/data/src_sig/spamassasin/../../samples/email/src/maildir/symes-k/discussion_threads/2841.
5.8/5.0	/home/xiang/Desktop/NewResearch/Projects/ZkregPlusAll/ZkregPlus/code/new_zkregplus/data/src_sig/spamassasin/../../samples/email/src/maildir/symes-k/discussion_threads/1883.
5.8/5.0	/home/xiang/Desktop/NewResearch/Projects/ZkregPlusAll/ZkregPlus/code/new_zkregplus/data/src_sig/spamassasin/../../samples/email/src/maildir/symes-k/discussion_threads/2012.
5.8/5.0	/home/xiang/Desktop/NewResearch/Projects/ZkregPlusAll/ZkregPlus/code/new_zkregplus/data/src_sig/spamassasin/../../samples/email/src/maildir/symes-k/discussion_threads/937.
5.8/5.0	/home/xiang/Desktop/NewResearch/Projects/ZkregPlusAll/ZkregPlus/code/new_zkregplus/data/src_sig/spamassasin/../../samples/email/src/maildir/symes-k/discussion_threads/1558.
5.8/5.0	/home/xiang/Desktop/NewResearch/Projects/ZkregPlusAll/ZkregPlus/code/new_zkregplus/data/src_sig/spamassasin/../../samples/email/src/maildir/symes-k/discussion_threads/3373.
5.8/5.0	/home/xiang/Desktop/NewResearch/Projects/ZkregPlusAll/ZkregPlus/code/new_zkregplus/data/src_sig/spamassasin/../../samples/email/src/maildir/symes-k/discussion_threads/734.
5.8/5.0	/home/xiang/Desktop/NewResearch/Projects/ZkregPlusAll/ZkregPlus/code/new_zkregplus/data/src_sig/spamassasin/../../samples/email/src/maildir/symes-k/discussion_threads/2184.
5.9/5.0	/home/xiang/Desktop/NewResearch/Projects/ZkregPlusAll/ZkregPlus/code/new_zkregplus/data/src_sig/spamassasin/../../samples/email/src/maildir/symes-k/discussion_threads/1269.
5.8/5.0	/home/xiang/Desktop/NewResearch/Projects/ZkregPlusAll/ZkregPlus/code/new_zkregplus/data/src_sig/spamassasin/../../samples/email/src/maildir/symes-k/discussion_threads/2307.
5.9/5.0	/home/xiang/Desktop/NewResearch/Projects/ZkregPlusAll/ZkregPlus/code/new_zkregplus/data/src_sig/spamassasin/../../samples/email/src/maildir/symes-k/discussion_threads/1483.
5.8/5.0	/home/xiang/Desktop/NewResearch/Projects/ZkregPlusAll/ZkregPlus/code/new_zkregplus/data/src_sig/spamassasin/../../samples/email/src/maildir/symes-k/discussion_threads/1150.
5.9/5.0	/home/xiang/Desktop/NewResearch/Projects/ZkregPlusAll/ZkregPlus/code/new_zkregplus/data/src_sig/spamassasin/../../samples/email/src/maildir/symes-k/discussion_threads/2472.
5.8/5.0	/home/xiang/Desktop/NewResearch/Projects/ZkregPlusAll/ZkregPlus/code/new_zkregplus/data/src_sig/spamassasin/../../samples/email/src/maildir/symes-k/discussion_threads/635.
5.8/5.0	/home/xiang/Desktop/NewResearch/Projects/ZkregPlusAll/ZkregPlus/code/new_zkregplus/data/src_sig/spamassasin/../../samples/email/src/maildir/symes-k/discussion_threads/3484.
5.8/5.0	/home/xiang/Desktop/NewResearch/Projects/ZkregPlusAll/ZkregPlus/code/new_zkregplus/data/src_sig/spamassasin/../../samples/email/src/maildir/symes-k/discussion_threads/1728.
5.8/5.0	/home/xiang/Desktop/NewResearch/Projects/ZkregPlusAll/ZkregPlus/code/new_zkregplus/data/src_sig/spamassasin/../../samples/email/src/maildir/symes-k/discussion_threads/1209.
8.7/5.0	/home/xiang/Desktop/NewResearch/Projects/ZkregPlusAll/ZkregPlus/code/new_zkregplus/data/src_sig/spamassasin/../../samples/email/src/maildir/symes-k/notes_inbox/14.
5.8/5.0	/home/xiang/Desktop/NewResearch/Projects/ZkregPlusAll/ZkregPlus/code/new_zkregplus/data/src_sig/spamassasin/../../samples/email/src/maildir/symes-k/all_documents/1105.
5.8/5.0	/home/xiang/Desktop/NewResearch/Projects/ZkregPlusAll/ZkregPlus/code/new_zkregplus/data/src_sig/spamassasin/../../samples/email/src/maildir/symes-k/all_documents/3629.
5.8/5.0	/home/xiang/Desktop/NewResearch/Projects/ZkregPlusAll/ZkregPlus/code/new_zkregplus/data/src_sig/spamassasin/../../samples/email/src/maildir/symes-k/all_documents/862.
5.9/5.0	/home/xiang/Desktop/NewResearch/Projects/ZkregPlusAll/ZkregPlus/code/new_zkregplus/data/src_sig/spamassasin/../../samples/email/src/maildir/symes-k/all_documents/1866.
5.8/5.0	/home/xiang/Desktop/NewResearch/Projects/ZkregPlusAll/ZkregPlus/code/new_zkregplus/data/src_sig/spamassasin/../../samples/email/src/maildir/symes-k/all_documents/3001.
5.8/5.0	/home/xiang/Desktop/NewResearch/Projects/ZkregPlusAll/ZkregPlus/code/new_zkregplus/data/src_sig/spamassasin/../../samples/email/src/maildir/symes-k/all_documents/2234.
5.8/5.0	/home/xiang/Desktop/NewResearch/Projects/ZkregPlusAll/ZkregPlus/code/new_zkregplus/data/src_sig/spamassasin/../../samples/email/src/maildir/symes-k/all_documents/2036.
5.8/5.0	/home/xiang/Desktop/NewResearch/Projects/ZkregPlusAll/ZkregPlus/code/new_zkregplus/data/src_sig/spamassasin/../../samples/email/src/maildir/symes-k/all_documents/1793.
5.8/5.0	/home/xiang/Desktop/NewResearch/Projects/ZkregPlusAll/ZkregPlus/code/new_zkregplus/data/src_sig/spamassasin/../../samples/email/src/maildir/symes-k/all_documents/2000.
5.8/5.0	/home/xiang/Desktop/NewResearch/Projects/ZkregPlusAll/ZkregPlus/code/new_zkregplus/data/src_sig/spamassasin/../../samples/email/src/maildir/symes-k/all_documents/1391.
5.9/5.0	/home/xiang/Desktop/NewResearch/Projects/ZkregPlusAll/ZkregPlus/code/new_zkregplus/data/src_sig/spamassasin/../../samples/email/src/maildir/symes-k/all_documents/2852.
5.8/5.0	/home/xiang/Desktop/NewResearch/Projects/ZkregPlusAll/ZkregPlus/code/new_zkregplus/data/src_sig/spamassasin/../../samples/email/src/maildir/symes-k/all_documents/2151.
7.8/5.0	/home/xiang/Desktop/NewResearch/Projects/ZkregPlusAll/ZkregPlus/code/new_zkregplus/data/src_sig/spamassasin/../../samples/email/src/maildir/symes-k/all_documents/749.
5.8/5.0	/home/xiang/Desktop/NewResearch/Projects/ZkregPlusAll/ZkregPlus/code/new_zkregplus/data/src_sig/spamassasin/../../samples/email/src/maildir/symes-k/all_documents/2693.
5.8/5.0	/home/xiang/Desktop/NewResearch/Projects/ZkregPlusAll/ZkregPlus/code/new_zkregplus/data/src_sig/spamassasin/../../samples/email/src/maildir/symes-k/all_documents/2644.
5.8/5.0	/home/xiang/Desktop/NewResearch/Projects/ZkregPlusAll/ZkregPlus/code/new_zkregplus/data/src_sig/spamassasin/../../samples/email/src/maildir/symes-k/all_documents/3079.
5.8/5.0	/home/xiang/Desktop/NewResearch/Projects/ZkregPlusAll/ZkregPlus/code/new_zkregplus/data/src_sig/spamassasin/../../samples/email/src/maildir/symes-k/all_documents/2331.
5.8/5.0	/home/xiang/Desktop/NewResearch/Projects/ZkregPlusAll/ZkregPlus/code/new_zkregplus/data/src_sig/spamassasin/../../samples/email/src/maildir/symes-k/all_documents/3479.
5.8/5.0	/home/xiang/Desktop/NewResearch/Projects/ZkregPlusAll/ZkregPlus/code/new_zkregplus/data/src_sig/spamassasin/../../samples/email/src/maildir/symes-k/all_documents/676.
5.8/5.0	/home/xiang/Desktop/NewResearch/Projects/ZkregPlusAll/ZkregPlus/code/new_zkregplus/data/src_sig/spamassasin/../../samples/email/src/maildir/symes-k/all_documents/3043.
5.8/5.0	/home/xiang/Desktop/NewResearch/Projects/ZkregPlusAll/ZkregPlus/code/new_zkregplus/data/src_sig/spamassasin/../../samples/email/src/maildir/symes-k/all_documents/1201.
8.7/5.0	/home/xiang/Desktop/NewResearch/Projects/ZkregPlusAll/ZkregPlus/code/new_zkregplus/data/src_sig/spamassasin/../../samples/email/src/maildir/symes-k/all_documents/1512.
5.9/5.0	/home/xiang/Desktop/NewResearch/Projects/ZkregPlusAll/ZkregPlus/code/new_zkregplus/data/src_sig/spamassasin/../../samples/email/src/maildir/symes-k/all_documents/1920.
5.8/5.0	/home/xiang/Desktop/NewResearch/Projects/ZkregPlusAll/ZkregPlus/code/new_zkregplus/data/src_sig/spamassasin/../../samples/email/src/maildir/symes-k/all_documents/1685.
5.8/5.0	/home/xiang/Desktop/NewResearch/Projects/ZkregPlusAll/ZkregPlus/code/new_zkregplus/data/src_sig/spamassasin/../../samples/email/src/maildir/symes-k/all_documents/1440.
8.6/5.0	/home/xiang/Desktop/NewResearch/Projects/ZkregPlusAll/ZkregPlus/code/new_zkregplus/data/src_sig/spamassasin/../../samples/email/src/maildir/symes-k/all_documents/3291.
5.8/5.0	/home/xiang/Desktop/NewResearch/Projects/ZkregPlusAll/ZkregPlus/code/new_zkregplus/data/src_sig/spamassasin/../../samples/email/src/maildir/symes-k/all_documents/2808.
7.8/5.0	/home/xiang/Desktop/NewResearch/Projects/ZkregPlusAll/ZkregPlus/code/new_zkregplus/data/src_sig/spamassasin/../../samples/email/src/maildir/symes-k/all_documents/3670.
5.9/5.0	/home/xiang/Desktop/NewResearch/Projects/ZkregPlusAll/ZkregPlus/code/new_zkregplus/data/src_sig/spamassasin/../../samples/email/src/maildir/symes-k/all_documents/3217.
5.8/5.0	/home/xiang/Desktop/NewResearch/Projects/ZkregPlusAll/ZkregPlus/code/new_zkregplus/data/src_sig/spamassasin/../../samples/email/src/maildir/symes-k/all_documents/1897.
5.8/5.0	/home/xiang/Desktop/NewResearch/Projects/ZkregPlusAll/ZkregPlus/code/new_zkregplus/data/src_sig/spamassasin/../../samples/email/src/maildir/symes-k/all_documents/1053.
5.9/5.0	/home/xiang/Desktop/NewResearch/Projects/ZkregPlusAll/ZkregPlus/code/new_zkregplus/data/src_sig/spamassasin/../../samples/email/src/maildir/symes-k/all_documents/1357.
5.9/5.0	/home/xiang/Desktop/NewResearch/Projects/ZkregPlusAll/ZkregPlus/code/new_zkregplus/data/src_sig/spamassasin/../../samples/email/src/maildir/symes-k/all_documents/1211.
5.9/5.0	/home/xiang/Desktop/NewResearch/Projects/ZkregPlusAll/ZkregPlus/code/new_zkregplus/data/src_sig/spamassasin/../../samples/email/src/maildir/symes-k/all_documents/1324.
5.8/5.0	/home/xiang/Desktop/NewResearch/Projects/ZkregPlusAll/ZkregPlus/code/new_zkregplus/data/src_sig/spamassasin/../../samples/email/src/maildir/symes-k/all_documents/980.
8.7/5.0	/home/xiang/Desktop/NewResearch/Projects/ZkregPlusAll/ZkregPlus/code/new_zkregplus/data/src_sig/spamassasin/../../samples/email/src/maildir/symes-k/all_documents/3797.
5.8/5.0	/home/xiang/Desktop/NewResearch/Projects/ZkregPlusAll/ZkregPlus/code/new_zkregplus/data/src_sig/spamassasin/../../samples/email/src/maildir/symes-k/all_documents/855.
5.8/5.0	/home/xiang/Desktop/NewResearch/Projects/ZkregPlusAll/ZkregPlus/code/new_zkregplus/data/src_sig/spamassasin/../../samples/email/src/maildir/symes-k/all_documents/1760.
8.6/5.0	/home/xiang/Desktop/NewResearch/Projects/ZkregPlusAll/ZkregPlus/code/new_zkregplus/data/src_sig/spamassasin/../../samples/email/src/maildir/symes-k/all_documents/2532.
5.8/5.0	/home/xiang/Desktop/NewResearch/Projects/ZkregPlusAll/ZkregPlus/code/new_zkregplus/data/src_sig/spamassasin/../../samples/email/src/maildir/symes-k/all_documents/1106.
5.9/5.0	/home/xiang/Desktop/NewResearch/Projects/ZkregPlusAll/ZkregPlus/code/new_zkregplus/data/src_sig/spamassasin/../../samples/email/src/maildir/symes-k/all_documents/1824.
5.8/5.0	/home/xiang/Desktop/NewResearch/Projects/ZkregPlusAll/ZkregPlus/code/new_zkregplus/data/src_sig/spamassasin/../../samples/email/src/maildir/symes-k/all_documents/2405.
5.8/5.0	/home/xiang/Desktop/NewResearch/Projects/ZkregPlusAll/ZkregPlus/code/new_zkregplus/data/src_sig/spamassasin/../../samples/email/src/maildir/symes-k/all_documents/3170.
5.8/5.0	/home/xiang/Desktop/NewResearch/Projects/ZkregPlusAll/ZkregPlus/code/new_zkregplus/data/src_sig/spamassasin/../../samples/email/src/maildir/symes-k/all_documents/848.
5.8/5.0	/home/xiang/Desktop/NewResearch/Projects/ZkregPlusAll/ZkregPlus/code/new_zkregplus/data/src_sig/spamassasin/../../samples/email/src/maildir/symes-k/all_documents/723.
5.8/5.0	/home/xiang/Desktop/NewResearch/Projects/ZkregPlusAll/ZkregPlus/code/new_zkregplus/data/src_sig/spamassasin/../../samples/email/src/maildir/symes-k/all_documents/1480.
5.8/5.0	/home/xiang/Desktop/NewResearch/Projects/ZkregPlusAll/ZkregPlus/code/new_zkregplus/data/src_sig/spamassasin/../../samples/email/src/maildir/symes-k/all_documents/1017.
5.8/5.0	/home/xiang/Desktop/NewResearch/Projects/ZkregPlusAll/ZkregPlus/code/new_zkregplus/data/src_sig/spamassasin/../../samples/email/src/maildir/symes-k/all_documents/653.
5.8/5.0	/home/xiang/Desktop/NewResearch/Projects/ZkregPlusAll/ZkregPlus/code/new_zkregplus/data/src_sig/spamassasin/../../samples/email/src/maildir/symes-k/all_documents/1238.
5.9/5.0	/home/xiang/Desktop/NewResearch/Projects/ZkregPlusAll/ZkregPlus/code/new_zkregplus/data/src_sig/spamassasin/../../samples/email/src/maildir/symes-k/all_documents/2915.
5.8/5.0	/home/xiang/Desktop/NewResearch/Projects/ZkregPlusAll/ZkregPlus/code/new_zkregplus/data/src_sig/spamassasin/../../samples/email/src/maildir/symes-k/all_documents/777.
5.8/5.0	/home/xiang/Desktop/NewResearch/Projects/ZkregPlusAll/ZkregPlus/code/new_zkregplus/data/src_sig/spamassasin/../../samples/email/src/maildir/symes-k/all_documents/1000.
5.8/5.0	/home/xiang/Desktop/NewResearch/Projects/ZkregPlusAll/ZkregPlus/code/new_zkregplus/data/src_sig/spamassasin/../../samples/email/src/maildir/symes-k/all_documents/2085.
5.9/5.0	/home/xiang/Desktop/NewResearch/Projects/ZkregPlusAll/ZkregPlus/code/new_zkregplus/data/src_sig/spamassasin/../../samples/email/src/maildir/symes-k/all_documents/1129.
5.8/5.0	/home/xiang/Desktop/NewResearch/Projects/ZkregPlusAll/ZkregPlus/code/new_zkregplus/data/src_sig/spamassasin/../../samples/email/src/maildir/symes-k/all_documents/2370.
5.8/5.0	/home/xiang/Desktop/NewResearch/Projects/ZkregPlusAll/ZkregPlus/code/new_zkregplus/data/src_sig/spamassasin/../../samples/email/src/maildir/symes-k/all_documents/601.
5.8/5.0	/home/xiang/Desktop/NewResearch/Projects/ZkregPlusAll/ZkregPlus/code/new_zkregplus/data/src_sig/spamassasin/../../samples/email/src/maildir/symes-k/all_documents/833.
5.8/5.0	/home/xiang/Desktop/NewResearch/Projects/ZkregPlusAll/ZkregPlus/code/new_zkregplus/data/src_sig/spamassasin/../../samples/email/src/maildir/symes-k/all_documents/3149.
5.8/5.0	/home/xiang/Desktop/NewResearch/Projects/ZkregPlusAll/ZkregPlus/code/new_zkregplus/data/src_sig/spamassasin/../../samples/email/src/maildir/symes-k/all_documents/2309.
5.8/5.0	/home/xiang/Desktop/NewResearch/Projects/ZkregPlusAll/ZkregPlus/code/new_zkregplus/data/src_sig/spamassasin/../../samples/email/src/maildir/symes-k/all_documents/2617.
5.9/5.0	/home/xiang/Desktop/NewResearch/Projects/ZkregPlusAll/ZkregPlus/code/new_zkregplus/data/src_sig/spamassasin/../../samples/email/src/maildir/symes-k/all_documents/1544.
5.7/5.0	/home/xiang/Desktop/NewResearch/Projects/ZkregPlusAll/ZkregPlus/code/new_zkregplus/data/src_sig/spamassasin/../../samples/email/src/maildir/symes-k/all_documents/879.
5.8/5.0	/home/xiang/Desktop/NewResearch/Projects/ZkregPlusAll/ZkregPlus/code/new_zkregplus/data/src_sig/spamassasin/../../samples/email/src/maildir/symes-k/all_documents/1726.
5.9/5.0	/home/xiang/Desktop/NewResearch/Projects/ZkregPlusAll/ZkregPlus/code/new_zkregplus/data/src_sig/spamassasin/../../samples/email/src/maildir/symes-k/all_documents/934.
5.9/5.0	/home/xiang/Desktop/NewResearch/Projects/ZkregPlusAll/ZkregPlus/code/new_zkregplus/data/src_sig/spamassasin/../../samples/email/src/maildir/symes-k/all_documents/572.
5.8/5.0	/home/xiang/Desktop/NewResearch/Projects/ZkregPlusAll/ZkregPlus/code/new_zkregplus/data/src_sig/spamassasin/../../samples/email/src/maildir/symes-k/all_documents/872.
5.8/5.0	/home/xiang/Desktop/NewResearch/Projects/ZkregPlusAll/ZkregPlus/code/new_zkregplus/data/src_sig/spamassasin/../../samples/email/src/maildir/symes-k/all_documents/1082.
5.8/5.0	/home/xiang/Desktop/NewResearch/Projects/ZkregPlusAll/ZkregPlus/code/new_zkregplus/data/src_sig/spamassasin/../../samples/email/src/maildir/symes-k/all_documents/2433.
5.8/5.0	/home/xiang/Desktop/NewResearch/Projects/ZkregPlusAll/ZkregPlus/code/new_zkregplus/data/src_sig/spamassasin/../../samples/email/src/maildir/symes-k/all_documents/805.
5.8/5.0	/home/xiang/Desktop/NewResearch/Projects/ZkregPlusAll/ZkregPlus/code/new_zkregplus/data/src_sig/spamassasin/../../samples/email/src/maildir/symes-k/all_documents/950.
5.8/5.0	/home/xiang/Desktop/NewResearch/Projects/ZkregPlusAll/ZkregPlus/code/new_zkregplus/data/src_sig/spamassasin/../../samples/email/src/maildir/symes-k/all_documents/701.
5.8/5.0	/home/xiang/Desktop/NewResearch/Projects/ZkregPlusAll/ZkregPlus/code/new_zkregplus/data/src_sig/spamassasin/../../samples/email/src/maildir/symes-k/all_documents/2964.
5.8/5.0	/home/xiang/Desktop/NewResearch/Projects/ZkregPlusAll/ZkregPlus/code/new_zkregplus/data/src_sig/spamassasin/../../samples/email/src/maildir/symes-k/all_documents/1158.
5.8/5.0	/home/xiang/Desktop/NewResearch/Projects/ZkregPlusAll/ZkregPlus/code/new_zkregplus/data/src_sig/spamassasin/../../samples/email/src/maildir/symes-k/all_documents/2762.
5.8/5.0	/home/xiang/Desktop/NewResearch/Projects/ZkregPlusAll/ZkregPlus/code/new_zkregplus/data/src_sig/spamassasin/../../samples/email/src/maildir/symes-k/all_documents/2878.
5.8/5.0	/home/xiang/Desktop/NewResearch/Projects/ZkregPlusAll/ZkregPlus/code/new_zkregplus/data/src_sig/spamassasin/../../samples/email/src/maildir/symes-k/all_documents/3333.
5.9/5.0	/home/xiang/Desktop/NewResearch/Projects/ZkregPlusAll/ZkregPlus/code/new_zkregplus/data/src_sig/spamassasin/../../samples/email/src/maildir/symes-k/all_documents/2576.
5.6/5.0	/home/xiang/Desktop/NewResearch/Projects/ZkregPlusAll/ZkregPlus/code/new_zkregplus/data/src_sig/spamassasin/../../samples/email/src/maildir/symes-k/all_documents/113.
5.8/5.0	/home/xiang/Desktop/NewResearch/Projects/ZkregPlusAll/ZkregPlus/code/new_zkregplus/data/src_sig/spamassasin/../../samples/email/src/maildir/symes-k/all_documents/1956.
5.9/5.0	/home/xiang/Desktop/NewResearch/Projects/ZkregPlusAll/ZkregPlus/code/new_zkregplus/data/src_sig/spamassasin/../../samples/email/src/maildir/symes-k/all_documents/624.
5.8/5.0	/home/xiang/Desktop/NewResearch/Projects/ZkregPlusAll/ZkregPlus/code/new_zkregplus/data/src_sig/spamassasin/../../samples/email/src/maildir/symes-k/all_documents/3701.
5.8/5.0	/home/xiang/Desktop/NewResearch/Projects/ZkregPlusAll/ZkregPlus/code/new_zkregplus/data/src_sig/spamassasin/../../samples/email/src/maildir/symes-k/all_documents/2497.
5.8/5.0	/home/xiang/Desktop/NewResearch/Projects/ZkregPlusAll/ZkregPlus/code/new_zkregplus/data/src_sig/spamassasin/../../samples/email/src/maildir/symes-k/all_documents/1264.
5.8/5.0	/home/xiang/Desktop/NewResearch/Projects/ZkregPlusAll/ZkregPlus/code/new_zkregplus/data/src_sig/spamassasin/../../samples/email/src/maildir/symes-k/all_documents/3511.
5.8/5.0	/home/xiang/Desktop/NewResearch/Projects/ZkregPlusAll/ZkregPlus/code/new_zkregplus/data/src_sig/spamassasin/../../samples/email/src/maildir/symes-k/all_documents/1651.
5.8/5.0	/home/xiang/Desktop/NewResearch/Projects/ZkregPlusAll/ZkregPlus/code/new_zkregplus/data/src_sig/spamassasin/../../samples/email/src/maildir/symes-k/all_documents/1621.
5.8/5.0	/home/xiang/Desktop/NewResearch/Projects/ZkregPlusAll/ZkregPlus/code/new_zkregplus/data/src_sig/spamassasin/../../samples/email/src/maildir/symes-k/all_documents/1583.
5.8/5.0	/home/xiang/Desktop/NewResearch/Projects/ZkregPlusAll/ZkregPlus/code/new_zkregplus/data/src_sig/spamassasin/../../samples/email/src/maildir/symes-k/all_documents/1464.
5.8/5.0	/home/xiang/Desktop/NewResearch/Projects/ZkregPlusAll/ZkregPlus/code/new_zkregplus/data/src_sig/spamassasin/../../samples/email/src/maildir/symes-k/all_documents/2275.
5.8/5.0	/home/xiang/Desktop/NewResearch/Projects/ZkregPlusAll/ZkregPlus/code/new_zkregplus/data/src_sig/spamassasin/../../samples/email/src/maildir/symes-k/all_documents/3254.
5.8/5.0	/home/xiang/Desktop/NewResearch/Projects/ZkregPlusAll/ZkregPlus/code/new_zkregplus/data/src_sig/spamassasin/../../samples/email/src/maildir/symes-k/all_documents/2203.
5.8/5.0	/home/xiang/Desktop/NewResearch/Projects/ZkregPlusAll/ZkregPlus/code/new_zkregplus/data/src_sig/spamassasin/../../samples/email/src/maildir/symes-k/all_documents/3441.
5.8/5.0	/home/xiang/Desktop/NewResearch/Projects/ZkregPlusAll/ZkregPlus/code/new_zkregplus/data/src_sig/spamassasin/../../samples/email/src/maildir/symes-k/all_documents/1289.
5.8/5.0	/home/xiang/Desktop/NewResearch/Projects/ZkregPlusAll/ZkregPlus/code/new_zkregplus/data/src_sig/spamassasin/../../samples/email/src/maildir/symes-k/all_documents/3540.
5.8/5.0	/home/xiang/Desktop/NewResearch/Projects/ZkregPlusAll/ZkregPlus/code/new_zkregplus/data/src_sig/spamassasin/../../samples/email/src/maildir/symes-k/all_documents/2715.
5.9/5.0	/home/xiang/Desktop/NewResearch/Projects/ZkregPlusAll/ZkregPlus/code/new_zkregplus/data/src_sig/spamassasin/../../samples/email/src/maildir/symes-k/all_documents/3109.
5.6/5.0	/home/xiang/Desktop/NewResearch/Projects/ZkregPlusAll/ZkregPlus/code/new_zkregplus/data/src_sig/spamassasin/../../samples/email/src/maildir/symes-k/corporate_comm/6.
5.8/5.0	/home/xiang/Desktop/NewResearch/Projects/ZkregPlusAll/ZkregPlus/code/new_zkregplus/data/src_sig/spamassasin/../../samples/email/src/maildir/symes-k/power_marketer/122.
5.8/5.0	/home/xiang/Desktop/NewResearch/Projects/ZkregPlusAll/ZkregPlus/code/new_zkregplus/data/src_sig/spamassasin/../../samples/email/src/maildir/symes-k/power_marketer/85.
5.8/5.0	/home/xiang/Desktop/NewResearch/Projects/ZkregPlusAll/ZkregPlus/code/new_zkregplus/data/src_sig/spamassasin/../../samples/email/src/maildir/symes-k/power_marketer/52.
5.9/5.0	/home/xiang/Desktop/NewResearch/Projects/ZkregPlusAll/ZkregPlus/code/new_zkregplus/data/src_sig/spamassasin/../../samples/email/src/maildir/symes-k/power_marketer/112.
5.8/5.0	/home/xiang/Desktop/NewResearch/Projects/ZkregPlusAll/ZkregPlus/code/new_zkregplus/data/src_sig/spamassasin/../../samples/email/src/maildir/symes-k/power_marketer/69.
5.8/5.0	/home/xiang/Desktop/NewResearch/Projects/ZkregPlusAll/ZkregPlus/code/new_zkregplus/data/src_sig/spamassasin/../../samples/email/src/maildir/symes-k/power_marketer/35.
5.8/5.0	/home/xiang/Desktop/NewResearch/Projects/ZkregPlusAll/ZkregPlus/code/new_zkregplus/data/src_sig/spamassasin/../../samples/email/src/maildir/symes-k/power_marketer/73.
5.8/5.0	/home/xiang/Desktop/NewResearch/Projects/ZkregPlusAll/ZkregPlus/code/new_zkregplus/data/src_sig/spamassasin/../../samples/email/src/maildir/symes-k/power_marketer/43.
5.8/5.0	/home/xiang/Desktop/NewResearch/Projects/ZkregPlusAll/ZkregPlus/code/new_zkregplus/data/src_sig/spamassasin/../../samples/email/src/maildir/symes-k/power_marketer/14.
5.8/5.0	/home/xiang/Desktop/NewResearch/Projects/ZkregPlusAll/ZkregPlus/code/new_zkregplus/data/src_sig/spamassasin/../../samples/email/src/maildir/symes-k/power_marketer/4.
5.8/5.0	/home/xiang/Desktop/NewResearch/Projects/ZkregPlusAll/ZkregPlus/code/new_zkregplus/data/src_sig/spamassasin/../../samples/email/src/maildir/symes-k/power_marketer/77.
5.8/5.0	/home/xiang/Desktop/NewResearch/Projects/ZkregPlusAll/ZkregPlus/code/new_zkregplus/data/src_sig/spamassasin/../../samples/email/src/maildir/symes-k/power_marketer/64.
5.9/5.0	/home/xiang/Desktop/NewResearch/Projects/ZkregPlusAll/ZkregPlus/code/new_zkregplus/data/src_sig/spamassasin/../../samples/email/src/maildir/symes-k/power_marketer/19.
5.8/5.0	/home/xiang/Desktop/NewResearch/Projects/ZkregPlusAll/ZkregPlus/code/new_zkregplus/data/src_sig/spamassasin/../../samples/email/src/maildir/symes-k/power_marketer/79.
5.8/5.0	/home/xiang/Desktop/NewResearch/Projects/ZkregPlusAll/ZkregPlus/code/new_zkregplus/data/src_sig/spamassasin/../../samples/email/src/maildir/symes-k/power_marketer/11.
5.8/5.0	/home/xiang/Desktop/NewResearch/Projects/ZkregPlusAll/ZkregPlus/code/new_zkregplus/data/src_sig/spamassasin/../../samples/email/src/maildir/symes-k/power_marketer/78.
5.8/5.0	/home/xiang/Desktop/NewResearch/Projects/ZkregPlusAll/ZkregPlus/code/new_zkregplus/data/src_sig/spamassasin/../../samples/email/src/maildir/symes-k/power_marketer/71.
5.8/5.0	/home/xiang/Desktop/NewResearch/Projects/ZkregPlusAll/ZkregPlus/code/new_zkregplus/data/src_sig/spamassasin/../../samples/email/src/maildir/symes-k/power_marketer/104.
5.9/5.0	/home/xiang/Desktop/NewResearch/Projects/ZkregPlusAll/ZkregPlus/code/new_zkregplus/data/src_sig/spamassasin/../../samples/email/src/maildir/symes-k/power_marketer/93.
5.8/5.0	/home/xiang/Desktop/NewResearch/Projects/ZkregPlusAll/ZkregPlus/code/new_zkregplus/data/src_sig/spamassasin/../../samples/email/src/maildir/symes-k/power_marketer/16.
5.8/5.0	/home/xiang/Desktop/NewResearch/Projects/ZkregPlusAll/ZkregPlus/code/new_zkregplus/data/src_sig/spamassasin/../../samples/email/src/maildir/symes-k/power_marketer/86.
5.8/5.0	/home/xiang/Desktop/NewResearch/Projects/ZkregPlusAll/ZkregPlus/code/new_zkregplus/data/src_sig/spamassasin/../../samples/email/src/maildir/symes-k/power_marketer/36.
5.8/5.0	/home/xiang/Desktop/NewResearch/Projects/ZkregPlusAll/ZkregPlus/code/new_zkregplus/data/src_sig/spamassasin/../../samples/email/src/maildir/symes-k/power_marketer/6.
5.8/5.0	/home/xiang/Desktop/NewResearch/Projects/ZkregPlusAll/ZkregPlus/code/new_zkregplus/data/src_sig/spamassasin/../../samples/email/src/maildir/symes-k/power_marketer/30.
5.8/5.0	/home/xiang/Desktop/NewResearch/Projects/ZkregPlusAll/ZkregPlus/code/new_zkregplus/data/src_sig/spamassasin/../../samples/email/src/maildir/symes-k/power_marketer/125.
5.8/5.0	/home/xiang/Desktop/NewResearch/Projects/ZkregPlusAll/ZkregPlus/code/new_zkregplus/data/src_sig/spamassasin/../../samples/email/src/maildir/symes-k/power_marketer/54.
5.8/5.0	/home/xiang/Desktop/NewResearch/Projects/ZkregPlusAll/ZkregPlus/code/new_zkregplus/data/src_sig/spamassasin/../../samples/email/src/maildir/symes-k/power_marketer/5.
5.8/5.0	/home/xiang/Desktop/NewResearch/Projects/ZkregPlusAll/ZkregPlus/code/new_zkregplus/data/src_sig/spamassasin/../../samples/email/src/maildir/symes-k/power_marketer/84.
5.8/5.0	/home/xiang/Desktop/NewResearch/Projects/ZkregPlusAll/ZkregPlus/code/new_zkregplus/data/src_sig/spamassasin/../../samples/email/src/maildir/symes-k/power_marketer/131.
5.7/5.0	/home/xiang/Desktop/NewResearch/Projects/ZkregPlusAll/ZkregPlus/code/new_zkregplus/data/src_sig/spamassasin/../../samples/email/src/maildir/symes-k/power_marketer/17.
5.8/5.0	/home/xiang/Desktop/NewResearch/Projects/ZkregPlusAll/ZkregPlus/code/new_zkregplus/data/src_sig/spamassasin/../../samples/email/src/maildir/symes-k/power_marketer/115.
5.9/5.0	/home/xiang/Desktop/NewResearch/Projects/ZkregPlusAll/ZkregPlus/code/new_zkregplus/data/src_sig/spamassasin/../../samples/email/src/maildir/symes-k/power_marketer/29.
5.9/5.0	/home/xiang/Desktop/NewResearch/Projects/ZkregPlusAll/ZkregPlus/code/new_zkregplus/data/src_sig/spamassasin/../../samples/email/src/maildir/symes-k/power_marketer/46.
5.9/5.0	/home/xiang/Desktop/NewResearch/Projects/ZkregPlusAll/ZkregPlus/code/new_zkregplus/data/src_sig/spamassasin/../../samples/email/src/maildir/symes-k/power_marketer/98.
5.8/5.0	/home/xiang/Desktop/NewResearch/Projects/ZkregPlusAll/ZkregPlus/code/new_zkregplus/data/src_sig/spamassasin/../../samples/email/src/maildir/symes-k/power_marketer/33.
5.8/5.0	/home/xiang/Desktop/NewResearch/Projects/ZkregPlusAll/ZkregPlus/code/new_zkregplus/data/src_sig/spamassasin/../../samples/email/src/maildir/symes-k/power_marketer/40.
5.9/5.0	/home/xiang/Desktop/NewResearch/Projects/ZkregPlusAll/ZkregPlus/code/new_zkregplus/data/src_sig/spamassasin/../../samples/email/src/maildir/symes-k/power_marketer/59.
5.8/5.0	/home/xiang/Desktop/NewResearch/Projects/ZkregPlusAll/ZkregPlus/code/new_zkregplus/data/src_sig/spamassasin/../../samples/email/src/maildir/symes-k/power_marketer/22.
5.8/5.0	/home/xiang/Desktop/NewResearch/Projects/ZkregPlusAll/ZkregPlus/code/new_zkregplus/data/src_sig/spamassasin/../../samples/email/src/maildir/symes-k/power_marketer/2.
5.9/5.0	/home/xiang/Desktop/NewResearch/Projects/ZkregPlusAll/ZkregPlus/code/new_zkregplus/data/src_sig/spamassasin/../../samples/email/src/maildir/symes-k/power_marketer/63.
8.7/5.0	/home/xiang/Desktop/NewResearch/Projects/ZkregPlusAll/ZkregPlus/code/new_zkregplus/data/src_sig/spamassasin/../../samples/email/src/maildir/symes-k/power_marketer/44.
7.8/5.0	/home/xiang/Desktop/NewResearch/Projects/ZkregPlusAll/ZkregPlus/code/new_zkregplus/data/src_sig/spamassasin/../../samples/email/src/maildir/symes-k/power_marketer/8.
5.8/5.0	/home/xiang/Desktop/NewResearch/Projects/ZkregPlusAll/ZkregPlus/code/new_zkregplus/data/src_sig/spamassasin/../../samples/email/src/maildir/symes-k/power_marketer/67.
8.6/5.0	/home/xiang/Desktop/NewResearch/Projects/ZkregPlusAll/ZkregPlus/code/new_zkregplus/data/src_sig/spamassasin/../../samples/email/src/maildir/symes-k/power_marketer/82.
5.8/5.0	/home/xiang/Desktop/NewResearch/Projects/ZkregPlusAll/ZkregPlus/code/new_zkregplus/data/src_sig/spamassasin/../../samples/email/src/maildir/symes-k/power_marketer/10.
5.8/5.0	/home/xiang/Desktop/NewResearch/Projects/ZkregPlusAll/ZkregPlus/code/new_zkregplus/data/src_sig/spamassasin/../../samples/email/src/maildir/symes-k/power_marketer/120.
5.8/5.0	/home/xiang/Desktop/NewResearch/Projects/ZkregPlusAll/ZkregPlus/code/new_zkregplus/data/src_sig/spamassasin/../../samples/email/src/maildir/symes-k/power_marketer/20.
5.9/5.0	/home/xiang/Desktop/NewResearch/Projects/ZkregPlusAll/ZkregPlus/code/new_zkregplus/data/src_sig/spamassasin/../../samples/email/src/maildir/symes-k/power_marketer/107.
5.8/5.0	/home/xiang/Desktop/NewResearch/Projects/ZkregPlusAll/ZkregPlus/code/new_zkregplus/data/src_sig/spamassasin/../../samples/email/src/maildir/symes-k/power_marketer/91.
5.8/5.0	/home/xiang/Desktop/NewResearch/Projects/ZkregPlusAll/ZkregPlus/code/new_zkregplus/data/src_sig/spamassasin/../../samples/email/src/maildir/symes-k/power_marketer/95.
5.9/5.0	/home/xiang/Desktop/NewResearch/Projects/ZkregPlusAll/ZkregPlus/code/new_zkregplus/data/src_sig/spamassasin/../../samples/email/src/maildir/symes-k/power_marketer/83.
5.8/5.0	/home/xiang/Desktop/NewResearch/Projects/ZkregPlusAll/ZkregPlus/code/new_zkregplus/data/src_sig/spamassasin/../../samples/email/src/maildir/symes-k/power_marketer/100.
5.8/5.0	/home/xiang/Desktop/NewResearch/Projects/ZkregPlusAll/ZkregPlus/code/new_zkregplus/data/src_sig/spamassasin/../../samples/email/src/maildir/symes-k/power_marketer/28.
5.8/5.0	/home/xiang/Desktop/NewResearch/Projects/ZkregPlusAll/ZkregPlus/code/new_zkregplus/data/src_sig/spamassasin/../../samples/email/src/maildir/symes-k/power_marketer/74.
5.8/5.0	/home/xiang/Desktop/NewResearch/Projects/ZkregPlusAll/ZkregPlus/code/new_zkregplus/data/src_sig/spamassasin/../../samples/email/src/maildir/symes-k/power_marketer/49.
5.8/5.0	/home/xiang/Desktop/NewResearch/Projects/ZkregPlusAll/ZkregPlus/code/new_zkregplus/data/src_sig/spamassasin/../../samples/email/src/maildir/symes-k/power_marketer/15.
5.8/5.0	/home/xiang/Desktop/NewResearch/Projects/ZkregPlusAll/ZkregPlus/code/new_zkregplus/data/src_sig/spamassasin/../../samples/email/src/maildir/symes-k/power_marketer/7.
5.8/5.0	/home/xiang/Desktop/NewResearch/Projects/ZkregPlusAll/ZkregPlus/code/new_zkregplus/data/src_sig/spamassasin/../../samples/email/src/maildir/symes-k/power_marketer/72.
5.8/5.0	/home/xiang/Desktop/NewResearch/Projects/ZkregPlusAll/ZkregPlus/code/new_zkregplus/data/src_sig/spamassasin/../../samples/email/src/maildir/symes-k/power_marketer/110.
5.8/5.0	/home/xiang/Desktop/NewResearch/Projects/ZkregPlusAll/ZkregPlus/code/new_zkregplus/data/src_sig/spamassasin/../../samples/email/src/maildir/symes-k/power_marketer/103.
5.8/5.0	/home/xiang/Desktop/NewResearch/Projects/ZkregPlusAll/ZkregPlus/code/new_zkregplus/data/src_sig/spamassasin/../../samples/email/src/maildir/symes-k/power_marketer/68.
5.9/5.0	/home/xiang/Desktop/NewResearch/Projects/ZkregPlusAll/ZkregPlus/code/new_zkregplus/data/src_sig/spamassasin/../../samples/email/src/maildir/symes-k/power_marketer/39.
5.8/5.0	/home/xiang/Desktop/NewResearch/Projects/ZkregPlusAll/ZkregPlus/code/new_zkregplus/data/src_sig/spamassasin/../../samples/email/src/maildir/symes-k/power_marketer/106.
5.8/5.0	/home/xiang/Desktop/NewResearch/Projects/ZkregPlusAll/ZkregPlus/code/new_zkregplus/data/src_sig/spamassasin/../../samples/email/src/maildir/symes-k/power_marketer/87.
5.8/5.0	/home/xiang/Desktop/NewResearch/Projects/ZkregPlusAll/ZkregPlus/code/new_zkregplus/data/src_sig/spamassasin/../../samples/email/src/maildir/symes-k/power_marketer/80.
5.8/5.0	/home/xiang/Desktop/NewResearch/Projects/ZkregPlusAll/ZkregPlus/code/new_zkregplus/data/src_sig/spamassasin/../../samples/email/src/maildir/symes-k/power_marketer/25.
5.9/5.0	/home/xiang/Desktop/NewResearch/Projects/ZkregPlusAll/ZkregPlus/code/new_zkregplus/data/src_sig/spamassasin/../../samples/email/src/maildir/symes-k/power_marketer/32.
5.8/5.0	/home/xiang/Desktop/NewResearch/Projects/ZkregPlusAll/ZkregPlus/code/new_zkregplus/data/src_sig/spamassasin/../../samples/email/src/maildir/symes-k/power_marketer/61.
8.6/5.0	/home/xiang/Desktop/NewResearch/Projects/ZkregPlusAll/ZkregPlus/code/new_zkregplus/data/src_sig/spamassasin/../../samples/email/src/maildir/symes-k/power_marketer/114.
5.8/5.0	/home/xiang/Desktop/NewResearch/Projects/ZkregPlusAll/ZkregPlus/code/new_zkregplus/data/src_sig/spamassasin/../../samples/email/src/maildir/symes-k/power_marketer/21.
5.8/5.0	/home/xiang/Desktop/NewResearch/Projects/ZkregPlusAll/ZkregPlus/code/new_zkregplus/data/src_sig/spamassasin/../../samples/email/src/maildir/symes-k/power_marketer/31.
5.8/5.0	/home/xiang/Desktop/NewResearch/Projects/ZkregPlusAll/ZkregPlus/code/new_zkregplus/data/src_sig/spamassasin/../../samples/email/src/maildir/symes-k/power_marketer/113.
5.8/5.0	/home/xiang/Desktop/NewResearch/Projects/ZkregPlusAll/ZkregPlus/code/new_zkregplus/data/src_sig/spamassasin/../../samples/email/src/maildir/symes-k/power_marketer/56.
5.8/5.0	/home/xiang/Desktop/NewResearch/Projects/ZkregPlusAll/ZkregPlus/code/new_zkregplus/data/src_sig/spamassasin/../../samples/email/src/maildir/symes-k/power_marketer/26.
5.8/5.0	/home/xiang/Desktop/NewResearch/Projects/ZkregPlusAll/ZkregPlus/code/new_zkregplus/data/src_sig/spamassasin/../../samples/email/src/maildir/symes-k/power_marketer/9.
5.8/5.0	/home/xiang/Desktop/NewResearch/Projects/ZkregPlusAll/ZkregPlus/code/new_zkregplus/data/src_sig/spamassasin/../../samples/email/src/maildir/symes-k/power_marketer/41.
5.8/5.0	/home/xiang/Desktop/NewResearch/Projects/ZkregPlusAll/ZkregPlus/code/new_zkregplus/data/src_sig/spamassasin/../../samples/email/src/maildir/symes-k/power_marketer/47.
5.9/5.0	/home/xiang/Desktop/NewResearch/Projects/ZkregPlusAll/ZkregPlus/code/new_zkregplus/data/src_sig/spamassasin/../../samples/email/src/maildir/symes-k/power_marketer/1.
5.8/5.0	/home/xiang/Desktop/NewResearch/Projects/ZkregPlusAll/ZkregPlus/code/new_zkregplus/data/src_sig/spamassasin/../../samples/email/src/maildir/symes-k/power_marketer/27.
5.8/5.0	/home/xiang/Desktop/NewResearch/Projects/ZkregPlusAll/ZkregPlus/code/new_zkregplus/data/src_sig/spamassasin/../../samples/email/src/maildir/symes-k/power_marketer/76.
5.8/5.0	/home/xiang/Desktop/NewResearch/Projects/ZkregPlusAll/ZkregPlus/code/new_zkregplus/data/src_sig/spamassasin/../../samples/email/src/maildir/symes-k/power_marketer/66.
5.8/5.0	/home/xiang/Desktop/NewResearch/Projects/ZkregPlusAll/ZkregPlus/code/new_zkregplus/data/src_sig/spamassasin/../../samples/email/src/maildir/symes-k/power_marketer/119.
5.8/5.0	/home/xiang/Desktop/NewResearch/Projects/ZkregPlusAll/ZkregPlus/code/new_zkregplus/data/src_sig/spamassasin/../../samples/email/src/maildir/symes-k/power_marketer/134.
5.8/5.0	/home/xiang/Desktop/NewResearch/Projects/ZkregPlusAll/ZkregPlus/code/new_zkregplus/data/src_sig/spamassasin/../../samples/email/src/maildir/symes-k/power_marketer/50.
5.9/5.0	/home/xiang/Desktop/NewResearch/Projects/ZkregPlusAll/ZkregPlus/code/new_zkregplus/data/src_sig/spamassasin/../../samples/email/src/maildir/symes-k/power_marketer/3.
5.9/5.0	/home/xiang/Desktop/NewResearch/Projects/ZkregPlusAll/ZkregPlus/code/new_zkregplus/data/src_sig/spamassasin/../../samples/email/src/maildir/symes-k/power_marketer/58.
5.8/5.0	/home/xiang/Desktop/NewResearch/Projects/ZkregPlusAll/ZkregPlus/code/new_zkregplus/data/src_sig/spamassasin/../../samples/email/src/maildir/symes-k/power_marketer/42.
5.8/5.0	/home/xiang/Desktop/NewResearch/Projects/ZkregPlusAll/ZkregPlus/code/new_zkregplus/data/src_sig/spamassasin/../../samples/email/src/maildir/symes-k/power_marketer/13.
5.8/5.0	/home/xiang/Desktop/NewResearch/Projects/ZkregPlusAll/ZkregPlus/code/new_zkregplus/data/src_sig/spamassasin/../../samples/email/src/maildir/symes-k/power_marketer/89.
5.8/5.0	/home/xiang/Desktop/NewResearch/Projects/ZkregPlusAll/ZkregPlus/code/new_zkregplus/data/src_sig/spamassasin/../../samples/email/src/maildir/symes-k/power_marketer/24.
5.8/5.0	/home/xiang/Desktop/NewResearch/Projects/ZkregPlusAll/ZkregPlus/code/new_zkregplus/data/src_sig/spamassasin/../../samples/email/src/maildir/symes-k/power_marketer/111.
5.9/5.0	/home/xiang/Desktop/NewResearch/Projects/ZkregPlusAll/ZkregPlus/code/new_zkregplus/data/src_sig/spamassasin/../../samples/email/src/maildir/symes-k/power_marketer/37.
5.8/5.0	/home/xiang/Desktop/NewResearch/Projects/ZkregPlusAll/ZkregPlus/code/new_zkregplus/data/src_sig/spamassasin/../../samples/email/src/maildir/symes-k/power_marketer/53.
5.7/5.0	/home/xiang/Desktop/NewResearch/Projects/ZkregPlusAll/ZkregPlus/code/new_zkregplus/data/src_sig/spamassasin/../../samples/email/src/maildir/weldon-c/deleted_items/144.
5.1/5.0	/home/xiang/Desktop/NewResearch/Projects/ZkregPlusAll/ZkregPlus/code/new_zkregplus/data/src_sig/spamassasin/../../samples/email/src/maildir/scott-s/discussion_threads/669.
5.0/5.0	/home/xiang/Desktop/NewResearch/Projects/ZkregPlusAll/ZkregPlus/code/new_zkregplus/data/src_sig/spamassasin/../../samples/email/src/maildir/scott-s/inbox/201.
5.1/5.0	/home/xiang/Desktop/NewResearch/Projects/ZkregPlusAll/ZkregPlus/code/new_zkregplus/data/src_sig/spamassasin/../../samples/email/src/maildir/scott-s/notes_inbox/114.
5.1/5.0	/home/xiang/Desktop/NewResearch/Projects/ZkregPlusAll/ZkregPlus/code/new_zkregplus/data/src_sig/spamassasin/../../samples/email/src/maildir/scott-s/all_documents/814.
5.0/5.0	/home/xiang/Desktop/NewResearch/Projects/ZkregPlusAll/ZkregPlus/code/new_zkregplus/data/src_sig/spamassasin/../../samples/email/src/maildir/donohoe-t/inbox/279.
5.7/5.0	/home/xiang/Desktop/NewResearch/Projects/ZkregPlusAll/ZkregPlus/code/new_zkregplus/data/src_sig/spamassasin/../../samples/email/src/maildir/donohoe-t/inbox/186.
5.5/5.0	/home/xiang/Desktop/NewResearch/Projects/ZkregPlusAll/ZkregPlus/code/new_zkregplus/data/src_sig/spamassasin/../../samples/email/src/maildir/donohoe-t/inbox/353.
7.4/5.0	/home/xiang/Desktop/NewResearch/Projects/ZkregPlusAll/ZkregPlus/code/new_zkregplus/data/src_sig/spamassasin/../../samples/email/src/maildir/donohoe-t/inbox/356.
5.5/5.0	/home/xiang/Desktop/NewResearch/Projects/ZkregPlusAll/ZkregPlus/code/new_zkregplus/data/src_sig/spamassasin/../../samples/email/src/maildir/donohoe-t/inbox/338.
5.7/5.0	/home/xiang/Desktop/NewResearch/Projects/ZkregPlusAll/ZkregPlus/code/new_zkregplus/data/src_sig/spamassasin/../../samples/email/src/maildir/donohoe-t/inbox/135.
5.5/5.0	/home/xiang/Desktop/NewResearch/Projects/ZkregPlusAll/ZkregPlus/code/new_zkregplus/data/src_sig/spamassasin/../../samples/email/src/maildir/donohoe-t/inbox/373.
5.5/5.0	/home/xiang/Desktop/NewResearch/Projects/ZkregPlusAll/ZkregPlus/code/new_zkregplus/data/src_sig/spamassasin/../../samples/email/src/maildir/donohoe-t/inbox/345.
5.1/5.0	/home/xiang/Desktop/NewResearch/Projects/ZkregPlusAll/ZkregPlus/code/new_zkregplus/data/src_sig/spamassasin/../../samples/email/src/maildir/whalley-g/discussion_threads/146.
6.3/5.0	/home/xiang/Desktop/NewResearch/Projects/ZkregPlusAll/ZkregPlus/code/new_zkregplus/data/src_sig/spamassasin/../../samples/email/src/maildir/whalley-g/inbox/78.
10.3/5.0	/home/xiang/Desktop/NewResearch/Projects/ZkregPlusAll/ZkregPlus/code/new_zkregplus/data/src_sig/spamassasin/../../samples/email/src/maildir/whalley-g/inbox/479.
10.9/5.0	/home/xiang/Desktop/NewResearch/Projects/ZkregPlusAll/ZkregPlus/code/new_zkregplus/data/src_sig/spamassasin/../../samples/email/src/maildir/whalley-g/inbox/5.
9.0/5.0	/home/xiang/Desktop/NewResearch/Projects/ZkregPlusAll/ZkregPlus/code/new_zkregplus/data/src_sig/spamassasin/../../samples/email/src/maildir/whalley-g/inbox/402.
6.0/5.0	/home/xiang/Desktop/NewResearch/Projects/ZkregPlusAll/ZkregPlus/code/new_zkregplus/data/src_sig/spamassasin/../../samples/email/src/maildir/whalley-g/inbox/454.
5.4/5.0	/home/xiang/Desktop/NewResearch/Projects/ZkregPlusAll/ZkregPlus/code/new_zkregplus/data/src_sig/spamassasin/../../samples/email/src/maildir/whalley-g/inbox/518.
5.7/5.0	/home/xiang/Desktop/NewResearch/Projects/ZkregPlusAll/ZkregPlus/code/new_zkregplus/data/src_sig/spamassasin/../../samples/email/src/maildir/whalley-g/inbox/20.
5.7/5.0	/home/xiang/Desktop/NewResearch/Projects/ZkregPlusAll/ZkregPlus/code/new_zkregplus/data/src_sig/spamassasin/../../samples/email/src/maildir/whalley-g/inbox/401.
6.0/5.0	/home/xiang/Desktop/NewResearch/Projects/ZkregPlusAll/ZkregPlus/code/new_zkregplus/data/src_sig/spamassasin/../../samples/email/src/maildir/whalley-g/inbox/421.
7.4/5.0	/home/xiang/Desktop/NewResearch/Projects/ZkregPlusAll/ZkregPlus/code/new_zkregplus/data/src_sig/spamassasin/../../samples/email/src/maildir/whalley-g/inbox/430.
6.4/5.0	/home/xiang/Desktop/NewResearch/Projects/ZkregPlusAll/ZkregPlus/code/new_zkregplus/data/src_sig/spamassasin/../../samples/email/src/maildir/whalley-g/inbox/24.
6.1/5.0	/home/xiang/Desktop/NewResearch/Projects/ZkregPlusAll/ZkregPlus/code/new_zkregplus/data/src_sig/spamassasin/../../samples/email/src/maildir/whalley-g/inbox/53.
5.0/5.0	/home/xiang/Desktop/NewResearch/Projects/ZkregPlusAll/ZkregPlus/code/new_zkregplus/data/src_sig/spamassasin/../../samples/email/src/maildir/whalley-g/inbox/483.
5.7/5.0	/home/xiang/Desktop/NewResearch/Projects/ZkregPlusAll/ZkregPlus/code/new_zkregplus/data/src_sig/spamassasin/../../samples/email/src/maildir/whalley-g/deleted_items/11.
5.0/5.0	/home/xiang/Desktop/NewResearch/Projects/ZkregPlusAll/ZkregPlus/code/new_zkregplus/data/src_sig/spamassasin/../../samples/email/src/maildir/whalley-g/deleted_items/48.
6.4/5.0	/home/xiang/Desktop/NewResearch/Projects/ZkregPlusAll/ZkregPlus/code/new_zkregplus/data/src_sig/spamassasin/../../samples/email/src/maildir/whalley-g/deleted_items/4.
5.7/5.0	/home/xiang/Desktop/NewResearch/Projects/ZkregPlusAll/ZkregPlus/code/new_zkregplus/data/src_sig/spamassasin/../../samples/email/src/maildir/whalley-g/deleted_items/14.
5.0/5.0	/home/xiang/Desktop/NewResearch/Projects/ZkregPlusAll/ZkregPlus/code/new_zkregplus/data/src_sig/spamassasin/../../samples/email/src/maildir/whalley-g/deleted_items/47.
5.7/5.0	/home/xiang/Desktop/NewResearch/Projects/ZkregPlusAll/ZkregPlus/code/new_zkregplus/data/src_sig/spamassasin/../../samples/email/src/maildir/whalley-g/deleted_items/53.
7.5/5.0	/home/xiang/Desktop/NewResearch/Projects/ZkregPlusAll/ZkregPlus/code/new_zkregplus/data/src_sig/spamassasin/../../samples/email/src/maildir/whalley-g/deleted_items/19.
5.1/5.0	/home/xiang/Desktop/NewResearch/Projects/ZkregPlusAll/ZkregPlus/code/new_zkregplus/data/src_sig/spamassasin/../../samples/email/src/maildir/whalley-g/deleted_items/31.
5.1/5.0	/home/xiang/Desktop/NewResearch/Projects/ZkregPlusAll/ZkregPlus/code/new_zkregplus/data/src_sig/spamassasin/../../samples/email/src/maildir/whalley-g/all_documents/153.
5.1/5.0	/home/xiang/Desktop/NewResearch/Projects/ZkregPlusAll/ZkregPlus/code/new_zkregplus/data/src_sig/spamassasin/../../samples/email/src/maildir/whalley-g/connect_deletes/80.
8.2/5.0	/home/xiang/Desktop/NewResearch/Projects/ZkregPlusAll/ZkregPlus/code/new_zkregplus/data/src_sig/spamassasin/../../samples/email/src/maildir/arnold-j/sent_items/163.
5.1/5.0	/home/xiang/Desktop/NewResearch/Projects/ZkregPlusAll/ZkregPlus/code/new_zkregplus/data/src_sig/spamassasin/../../samples/email/src/maildir/arnold-j/discussion_threads/423.
6.4/5.0	/home/xiang/Desktop/NewResearch/Projects/ZkregPlusAll/ZkregPlus/code/new_zkregplus/data/src_sig/spamassasin/../../samples/email/src/maildir/arnold-j/discussion_threads/519.
8.0/5.0	/home/xiang/Desktop/NewResearch/Projects/ZkregPlusAll/ZkregPlus/code/new_zkregplus/data/src_sig/spamassasin/../../samples/email/src/maildir/arnold-j/discussion_threads/428.
5.9/5.0	/home/xiang/Desktop/NewResearch/Projects/ZkregPlusAll/ZkregPlus/code/new_zkregplus/data/src_sig/spamassasin/../../samples/email/src/maildir/arnold-j/discussion_threads/518.
6.4/5.0	/home/xiang/Desktop/NewResearch/Projects/ZkregPlusAll/ZkregPlus/code/new_zkregplus/data/src_sig/spamassasin/../../samples/email/src/maildir/arnold-j/inbox/39.
8.0/5.0	/home/xiang/Desktop/NewResearch/Projects/ZkregPlusAll/ZkregPlus/code/new_zkregplus/data/src_sig/spamassasin/../../samples/email/src/maildir/arnold-j/_sent_mail/608.
5.1/5.0	/home/xiang/Desktop/NewResearch/Projects/ZkregPlusAll/ZkregPlus/code/new_zkregplus/data/src_sig/spamassasin/../../samples/email/src/maildir/arnold-j/_sent_mail/622.
8.0/5.0	/home/xiang/Desktop/NewResearch/Projects/ZkregPlusAll/ZkregPlus/code/new_zkregplus/data/src_sig/spamassasin/../../samples/email/src/maildir/arnold-j/sent/612.
5.1/5.0	/home/xiang/Desktop/NewResearch/Projects/ZkregPlusAll/ZkregPlus/code/new_zkregplus/data/src_sig/spamassasin/../../samples/email/src/maildir/arnold-j/sent/626.
6.0/5.0	/home/xiang/Desktop/NewResearch/Projects/ZkregPlusAll/ZkregPlus/code/new_zkregplus/data/src_sig/spamassasin/../../samples/email/src/maildir/arnold-j/deleted_items/255.
5.7/5.0	/home/xiang/Desktop/NewResearch/Projects/ZkregPlusAll/ZkregPlus/code/new_zkregplus/data/src_sig/spamassasin/../../samples/email/src/maildir/arnold-j/deleted_items/69.
8.3/5.0	/home/xiang/Desktop/NewResearch/Projects/ZkregPlusAll/ZkregPlus/code/new_zkregplus/data/src_sig/spamassasin/../../samples/email/src/maildir/arnold-j/deleted_items/333.
10.3/5.0	/home/xiang/Desktop/NewResearch/Projects/ZkregPlusAll/ZkregPlus/code/new_zkregplus/data/src_sig/spamassasin/../../samples/email/src/maildir/arnold-j/deleted_items/750.
5.1/5.0	/home/xiang/Desktop/NewResearch/Projects/ZkregPlusAll/ZkregPlus/code/new_zkregplus/data/src_sig/spamassasin/../../samples/email/src/maildir/arnold-j/deleted_items/217.
5.0/5.0	/home/xiang/Desktop/NewResearch/Projects/ZkregPlusAll/ZkregPlus/code/new_zkregplus/data/src_sig/spamassasin/../../samples/email/src/maildir/arnold-j/deleted_items/749.
5.0/5.0	/home/xiang/Desktop/NewResearch/Projects/ZkregPlusAll/ZkregPlus/code/new_zkregplus/data/src_sig/spamassasin/../../samples/email/src/maildir/arnold-j/deleted_items/284.
9.1/5.0	/home/xiang/Desktop/NewResearch/Projects/ZkregPlusAll/ZkregPlus/code/new_zkregplus/data/src_sig/spamassasin/../../samples/email/src/maildir/arnold-j/deleted_items/439.
6.0/5.0	/home/xiang/Desktop/NewResearch/Projects/ZkregPlusAll/ZkregPlus/code/new_zkregplus/data/src_sig/spamassasin/../../samples/email/src/maildir/arnold-j/deleted_items/661.
10.9/5.0	/home/xiang/Desktop/NewResearch/Projects/ZkregPlusAll/ZkregPlus/code/new_zkregplus/data/src_sig/spamassasin/../../samples/email/src/maildir/arnold-j/deleted_items/542.
5.1/5.0	/home/xiang/Desktop/NewResearch/Projects/ZkregPlusAll/ZkregPlus/code/new_zkregplus/data/src_sig/spamassasin/../../samples/email/src/maildir/arnold-j/deleted_items/506.
5.7/5.0	/home/xiang/Desktop/NewResearch/Projects/ZkregPlusAll/ZkregPlus/code/new_zkregplus/data/src_sig/spamassasin/../../samples/email/src/maildir/arnold-j/deleted_items/518.
6.0/5.0	/home/xiang/Desktop/NewResearch/Projects/ZkregPlusAll/ZkregPlus/code/new_zkregplus/data/src_sig/spamassasin/../../samples/email/src/maildir/arnold-j/deleted_items/708.
5.7/5.0	/home/xiang/Desktop/NewResearch/Projects/ZkregPlusAll/ZkregPlus/code/new_zkregplus/data/src_sig/spamassasin/../../samples/email/src/maildir/arnold-j/deleted_items/468.
5.7/5.0	/home/xiang/Desktop/NewResearch/Projects/ZkregPlusAll/ZkregPlus/code/new_zkregplus/data/src_sig/spamassasin/../../samples/email/src/maildir/arnold-j/deleted_items/482.
6.1/5.0	/home/xiang/Desktop/NewResearch/Projects/ZkregPlusAll/ZkregPlus/code/new_zkregplus/data/src_sig/spamassasin/../../samples/email/src/maildir/arnold-j/deleted_items/397.
9.0/5.0	/home/xiang/Desktop/NewResearch/Projects/ZkregPlusAll/ZkregPlus/code/new_zkregplus/data/src_sig/spamassasin/../../samples/email/src/maildir/arnold-j/deleted_items/701.
5.0/5.0	/home/xiang/Desktop/NewResearch/Projects/ZkregPlusAll/ZkregPlus/code/new_zkregplus/data/src_sig/spamassasin/../../samples/email/src/maildir/arnold-j/deleted_items/281.
5.3/5.0	/home/xiang/Desktop/NewResearch/Projects/ZkregPlusAll/ZkregPlus/code/new_zkregplus/data/src_sig/spamassasin/../../samples/email/src/maildir/arnold-j/deleted_items/494.
5.1/5.0	/home/xiang/Desktop/NewResearch/Projects/ZkregPlusAll/ZkregPlus/code/new_zkregplus/data/src_sig/spamassasin/../../samples/email/src/maildir/arnold-j/deleted_items/471.
5.7/5.0	/home/xiang/Desktop/NewResearch/Projects/ZkregPlusAll/ZkregPlus/code/new_zkregplus/data/src_sig/spamassasin/../../samples/email/src/maildir/arnold-j/deleted_items/702.
6.4/5.0	/home/xiang/Desktop/NewResearch/Projects/ZkregPlusAll/ZkregPlus/code/new_zkregplus/data/src_sig/spamassasin/../../samples/email/src/maildir/arnold-j/deleted_items/517.
5.7/5.0	/home/xiang/Desktop/NewResearch/Projects/ZkregPlusAll/ZkregPlus/code/new_zkregplus/data/src_sig/spamassasin/../../samples/email/src/maildir/arnold-j/deleted_items/198.
7.5/5.0	/home/xiang/Desktop/NewResearch/Projects/ZkregPlusAll/ZkregPlus/code/new_zkregplus/data/src_sig/spamassasin/../../samples/email/src/maildir/arnold-j/deleted_items/484.
6.4/5.0	/home/xiang/Desktop/NewResearch/Projects/ZkregPlusAll/ZkregPlus/code/new_zkregplus/data/src_sig/spamassasin/../../samples/email/src/maildir/arnold-j/notes_inbox/67.
5.9/5.0	/home/xiang/Desktop/NewResearch/Projects/ZkregPlusAll/ZkregPlus/code/new_zkregplus/data/src_sig/spamassasin/../../samples/email/src/maildir/arnold-j/notes_inbox/68.
5.9/5.0	/home/xiang/Desktop/NewResearch/Projects/ZkregPlusAll/ZkregPlus/code/new_zkregplus/data/src_sig/spamassasin/../../samples/email/src/maildir/arnold-j/all_documents/606.
5.1/5.0	/home/xiang/Desktop/NewResearch/Projects/ZkregPlusAll/ZkregPlus/code/new_zkregplus/data/src_sig/spamassasin/../../samples/email/src/maildir/arnold-j/all_documents/860.
8.0/5.0	/home/xiang/Desktop/NewResearch/Projects/ZkregPlusAll/ZkregPlus/code/new_zkregplus/data/src_sig/spamassasin/../../samples/email/src/maildir/arnold-j/all_documents/846.
6.4/5.0	/home/xiang/Desktop/NewResearch/Projects/ZkregPlusAll/ZkregPlus/code/new_zkregplus/data/src_sig/spamassasin/../../samples/email/src/maildir/arnold-j/all_documents/605.
5.0/5.0	/home/xiang/Desktop/NewResearch/Projects/ZkregPlusAll/ZkregPlus/code/new_zkregplus/data/src_sig/spamassasin/../../samples/email/src/maildir/sanchez-m/inbox/43.
5.7/5.0	/home/xiang/Desktop/NewResearch/Projects/ZkregPlusAll/ZkregPlus/code/new_zkregplus/data/src_sig/spamassasin/../../samples/email/src/maildir/sanchez-m/deleted_items/30.
6.8/5.0	/home/xiang/Desktop/NewResearch/Projects/ZkregPlusAll/ZkregPlus/code/new_zkregplus/data/src_sig/spamassasin/../../samples/email/src/maildir/grigsby-m/discussion_threads/317.
5.4/5.0	/home/xiang/Desktop/NewResearch/Projects/ZkregPlusAll/ZkregPlus/code/new_zkregplus/data/src_sig/spamassasin/../../samples/email/src/maildir/grigsby-m/discussion_threads/222.
8.1/5.0	/home/xiang/Desktop/NewResearch/Projects/ZkregPlusAll/ZkregPlus/code/new_zkregplus/data/src_sig/spamassasin/../../samples/email/src/maildir/grigsby-m/deleted_items/138.
5.4/5.0	/home/xiang/Desktop/NewResearch/Projects/ZkregPlusAll/ZkregPlus/code/new_zkregplus/data/src_sig/spamassasin/../../samples/email/src/maildir/grigsby-m/deleted_items/386.
6.1/5.0	/home/xiang/Desktop/NewResearch/Projects/ZkregPlusAll/ZkregPlus/code/new_zkregplus/data/src_sig/spamassasin/../../samples/email/src/maildir/grigsby-m/deleted_items/189.
5.4/5.0	/home/xiang/Desktop/NewResearch/Projects/ZkregPlusAll/ZkregPlus/code/new_zkregplus/data/src_sig/spamassasin/../../samples/email/src/maildir/grigsby-m/notes_inbox/116.
6.8/5.0	/home/xiang/Desktop/NewResearch/Projects/ZkregPlusAll/ZkregPlus/code/new_zkregplus/data/src_sig/spamassasin/../../samples/email/src/maildir/grigsby-m/notes_inbox/21.
5.4/5.0	/home/xiang/Desktop/NewResearch/Projects/ZkregPlusAll/ZkregPlus/code/new_zkregplus/data/src_sig/spamassasin/../../samples/email/src/maildir/grigsby-m/all_documents/116.
6.8/5.0	/home/xiang/Desktop/NewResearch/Projects/ZkregPlusAll/ZkregPlus/code/new_zkregplus/data/src_sig/spamassasin/../../samples/email/src/maildir/grigsby-m/all_documents/21.
5.0/5.0	/home/xiang/Desktop/NewResearch/Projects/ZkregPlusAll/ZkregPlus/code/new_zkregplus/data/src_sig/spamassasin/../../samples/email/src/maildir/perlingiere-d/deleted_items/159.
5.9/5.0	/home/xiang/Desktop/NewResearch/Projects/ZkregPlusAll/ZkregPlus/code/new_zkregplus/data/src_sig/spamassasin/../../samples/email/src/maildir/dasovich-j/mba__macroeconomics/32.
7.5/5.0	/home/xiang/Desktop/NewResearch/Projects/ZkregPlusAll/ZkregPlus/code/new_zkregplus/data/src_sig/spamassasin/../../samples/email/src/maildir/dasovich-j/inbox/770.
7.0/5.0	/home/xiang/Desktop/NewResearch/Projects/ZkregPlusAll/ZkregPlus/code/new_zkregplus/data/src_sig/spamassasin/../../samples/email/src/maildir/dasovich-j/inbox/859.
5.7/5.0	/home/xiang/Desktop/NewResearch/Projects/ZkregPlusAll/ZkregPlus/code/new_zkregplus/data/src_sig/spamassasin/../../samples/email/src/maildir/dasovich-j/inbox/562.
8.5/5.0	/home/xiang/Desktop/NewResearch/Projects/ZkregPlusAll/ZkregPlus/code/new_zkregplus/data/src_sig/spamassasin/../../samples/email/src/maildir/dasovich-j/inbox/990.
6.0/5.0	/home/xiang/Desktop/NewResearch/Projects/ZkregPlusAll/ZkregPlus/code/new_zkregplus/data/src_sig/spamassasin/../../samples/email/src/maildir/dasovich-j/inbox/188.
6.1/5.0	/home/xiang/Desktop/NewResearch/Projects/ZkregPlusAll/ZkregPlus/code/new_zkregplus/data/src_sig/spamassasin/../../samples/email/src/maildir/dasovich-j/inbox/86.
8.4/5.0	/home/xiang/Desktop/NewResearch/Projects/ZkregPlusAll/ZkregPlus/code/new_zkregplus/data/src_sig/spamassasin/../../samples/email/src/maildir/dasovich-j/inbox/1487.
5.7/5.0	/home/xiang/Desktop/NewResearch/Projects/ZkregPlusAll/ZkregPlus/code/new_zkregplus/data/src_sig/spamassasin/../../samples/email/src/maildir/dasovich-j/inbox/783.
5.7/5.0	/home/xiang/Desktop/NewResearch/Projects/ZkregPlusAll/ZkregPlus/code/new_zkregplus/data/src_sig/spamassasin/../../samples/email/src/maildir/dasovich-j/inbox/504.
5.2/5.0	/home/xiang/Desktop/NewResearch/Projects/ZkregPlusAll/ZkregPlus/code/new_zkregplus/data/src_sig/spamassasin/../../samples/email/src/maildir/dasovich-j/inbox/6.
5.7/5.0	/home/xiang/Desktop/NewResearch/Projects/ZkregPlusAll/ZkregPlus/code/new_zkregplus/data/src_sig/spamassasin/../../samples/email/src/maildir/dasovich-j/inbox/801.
6.4/5.0	/home/xiang/Desktop/NewResearch/Projects/ZkregPlusAll/ZkregPlus/code/new_zkregplus/data/src_sig/spamassasin/../../samples/email/src/maildir/dasovich-j/inbox/794.
5.7/5.0	/home/xiang/Desktop/NewResearch/Projects/ZkregPlusAll/ZkregPlus/code/new_zkregplus/data/src_sig/spamassasin/../../samples/email/src/maildir/dasovich-j/inbox/745.
5.7/5.0	/home/xiang/Desktop/NewResearch/Projects/ZkregPlusAll/ZkregPlus/code/new_zkregplus/data/src_sig/spamassasin/../../samples/email/src/maildir/dasovich-j/inbox/599.
6.0/5.0	/home/xiang/Desktop/NewResearch/Projects/ZkregPlusAll/ZkregPlus/code/new_zkregplus/data/src_sig/spamassasin/../../samples/email/src/maildir/dasovich-j/inbox/1788.
5.1/5.0	/home/xiang/Desktop/NewResearch/Projects/ZkregPlusAll/ZkregPlus/code/new_zkregplus/data/src_sig/spamassasin/../../samples/email/src/maildir/dasovich-j/inbox/716.
6.0/5.0	/home/xiang/Desktop/NewResearch/Projects/ZkregPlusAll/ZkregPlus/code/new_zkregplus/data/src_sig/spamassasin/../../samples/email/src/maildir/dasovich-j/inbox/594.
6.0/5.0	/home/xiang/Desktop/NewResearch/Projects/ZkregPlusAll/ZkregPlus/code/new_zkregplus/data/src_sig/spamassasin/../../samples/email/src/maildir/dasovich-j/inbox/470.
5.8/5.0	/home/xiang/Desktop/NewResearch/Projects/ZkregPlusAll/ZkregPlus/code/new_zkregplus/data/src_sig/spamassasin/../../samples/email/src/maildir/dasovich-j/inbox/1538.
9.0/5.0	/home/xiang/Desktop/NewResearch/Projects/ZkregPlusAll/ZkregPlus/code/new_zkregplus/data/src_sig/spamassasin/../../samples/email/src/maildir/dasovich-j/inbox/1729.
7.0/5.0	/home/xiang/Desktop/NewResearch/Projects/ZkregPlusAll/ZkregPlus/code/new_zkregplus/data/src_sig/spamassasin/../../samples/email/src/maildir/dasovich-j/inbox/1785.
6.1/5.0	/home/xiang/Desktop/NewResearch/Projects/ZkregPlusAll/ZkregPlus/code/new_zkregplus/data/src_sig/spamassasin/../../samples/email/src/maildir/dasovich-j/inbox/708.
5.7/5.0	/home/xiang/Desktop/NewResearch/Projects/ZkregPlusAll/ZkregPlus/code/new_zkregplus/data/src_sig/spamassasin/../../samples/email/src/maildir/dasovich-j/inbox/1534.
10.9/5.0	/home/xiang/Desktop/NewResearch/Projects/ZkregPlusAll/ZkregPlus/code/new_zkregplus/data/src_sig/spamassasin/../../samples/email/src/maildir/dasovich-j/inbox/830.
5.2/5.0	/home/xiang/Desktop/NewResearch/Projects/ZkregPlusAll/ZkregPlus/code/new_zkregplus/data/src_sig/spamassasin/../../samples/email/src/maildir/dasovich-j/inbox/206.
5.7/5.0	/home/xiang/Desktop/NewResearch/Projects/ZkregPlusAll/ZkregPlus/code/new_zkregplus/data/src_sig/spamassasin/../../samples/email/src/maildir/dasovich-j/inbox/380.
5.2/5.0	/home/xiang/Desktop/NewResearch/Projects/ZkregPlusAll/ZkregPlus/code/new_zkregplus/data/src_sig/spamassasin/../../samples/email/src/maildir/dasovich-j/inbox/32.
5.9/5.0	/home/xiang/Desktop/NewResearch/Projects/ZkregPlusAll/ZkregPlus/code/new_zkregplus/data/src_sig/spamassasin/../../samples/email/src/maildir/dasovich-j/inbox/1523.
6.4/5.0	/home/xiang/Desktop/NewResearch/Projects/ZkregPlusAll/ZkregPlus/code/new_zkregplus/data/src_sig/spamassasin/../../samples/email/src/maildir/dasovich-j/inbox/805.
6.4/5.0	/home/xiang/Desktop/NewResearch/Projects/ZkregPlusAll/ZkregPlus/code/new_zkregplus/data/src_sig/spamassasin/../../samples/email/src/maildir/dasovich-j/inbox/1561.
5.0/5.0	/home/xiang/Desktop/NewResearch/Projects/ZkregPlusAll/ZkregPlus/code/new_zkregplus/data/src_sig/spamassasin/../../samples/email/src/maildir/dasovich-j/inbox/1575.
5.1/5.0	/home/xiang/Desktop/NewResearch/Projects/ZkregPlusAll/ZkregPlus/code/new_zkregplus/data/src_sig/spamassasin/../../samples/email/src/maildir/dasovich-j/inbox/869.
5.8/5.0	/home/xiang/Desktop/NewResearch/Projects/ZkregPlusAll/ZkregPlus/code/new_zkregplus/data/src_sig/spamassasin/../../samples/email/src/maildir/dasovich-j/inbox/25.
6.4/5.0	/home/xiang/Desktop/NewResearch/Projects/ZkregPlusAll/ZkregPlus/code/new_zkregplus/data/src_sig/spamassasin/../../samples/email/src/maildir/dasovich-j/inbox/1674.
5.1/5.0	/home/xiang/Desktop/NewResearch/Projects/ZkregPlusAll/ZkregPlus/code/new_zkregplus/data/src_sig/spamassasin/../../samples/email/src/maildir/dasovich-j/inbox/47.
5.0/5.0	/home/xiang/Desktop/NewResearch/Projects/ZkregPlusAll/ZkregPlus/code/new_zkregplus/data/src_sig/spamassasin/../../samples/email/src/maildir/dasovich-j/inbox/113.
9.1/5.0	/home/xiang/Desktop/NewResearch/Projects/ZkregPlusAll/ZkregPlus/code/new_zkregplus/data/src_sig/spamassasin/../../samples/email/src/maildir/dasovich-j/inbox/734.
5.7/5.0	/home/xiang/Desktop/NewResearch/Projects/ZkregPlusAll/ZkregPlus/code/new_zkregplus/data/src_sig/spamassasin/../../samples/email/src/maildir/dasovich-j/inbox/1600.
6.0/5.0	/home/xiang/Desktop/NewResearch/Projects/ZkregPlusAll/ZkregPlus/code/new_zkregplus/data/src_sig/spamassasin/../../samples/email/src/maildir/dasovich-j/inbox/1757.
5.2/5.0	/home/xiang/Desktop/NewResearch/Projects/ZkregPlusAll/ZkregPlus/code/new_zkregplus/data/src_sig/spamassasin/../../samples/email/src/maildir/dasovich-j/inbox/850.
5.7/5.0	/home/xiang/Desktop/NewResearch/Projects/ZkregPlusAll/ZkregPlus/code/new_zkregplus/data/src_sig/spamassasin/../../samples/email/src/maildir/dasovich-j/inbox/1728.
5.0/5.0	/home/xiang/Desktop/NewResearch/Projects/ZkregPlusAll/ZkregPlus/code/new_zkregplus/data/src_sig/spamassasin/../../samples/email/src/maildir/dasovich-j/inbox/622.
6.0/5.0	/home/xiang/Desktop/NewResearch/Projects/ZkregPlusAll/ZkregPlus/code/new_zkregplus/data/src_sig/spamassasin/../../samples/email/src/maildir/dasovich-j/inbox/298.
9.1/5.0	/home/xiang/Desktop/NewResearch/Projects/ZkregPlusAll/ZkregPlus/code/new_zkregplus/data/src_sig/spamassasin/../../samples/email/src/maildir/dasovich-j/inbox/460.
6.4/5.0	/home/xiang/Desktop/NewResearch/Projects/ZkregPlusAll/ZkregPlus/code/new_zkregplus/data/src_sig/spamassasin/../../samples/email/src/maildir/dasovich-j/inbox/1653.
8.0/5.0	/home/xiang/Desktop/NewResearch/Projects/ZkregPlusAll/ZkregPlus/code/new_zkregplus/data/src_sig/spamassasin/../../samples/email/src/maildir/dasovich-j/personal/13.
6.2/5.0	/home/xiang/Desktop/NewResearch/Projects/ZkregPlusAll/ZkregPlus/code/new_zkregplus/data/src_sig/spamassasin/../../samples/email/src/maildir/dasovich-j/sent/12221.
5.6/5.0	/home/xiang/Desktop/NewResearch/Projects/ZkregPlusAll/ZkregPlus/code/new_zkregplus/data/src_sig/spamassasin/../../samples/email/src/maildir/dasovich-j/sent/11737.
6.2/5.0	/home/xiang/Desktop/NewResearch/Projects/ZkregPlusAll/ZkregPlus/code/new_zkregplus/data/src_sig/spamassasin/../../samples/email/src/maildir/dasovich-j/sent/12220.
6.4/5.0	/home/xiang/Desktop/NewResearch/Projects/ZkregPlusAll/ZkregPlus/code/new_zkregplus/data/src_sig/spamassasin/../../samples/email/src/maildir/dasovich-j/deleted_items/1866.
7.6/5.0	/home/xiang/Desktop/NewResearch/Projects/ZkregPlusAll/ZkregPlus/code/new_zkregplus/data/src_sig/spamassasin/../../samples/email/src/maildir/dasovich-j/deleted_items/737.
7.6/5.0	/home/xiang/Desktop/NewResearch/Projects/ZkregPlusAll/ZkregPlus/code/new_zkregplus/data/src_sig/spamassasin/../../samples/email/src/maildir/dasovich-j/deleted_items/816.
5.2/5.0	/home/xiang/Desktop/NewResearch/Projects/ZkregPlusAll/ZkregPlus/code/new_zkregplus/data/src_sig/spamassasin/../../samples/email/src/maildir/dasovich-j/deleted_items/1696.
8.9/5.0	/home/xiang/Desktop/NewResearch/Projects/ZkregPlusAll/ZkregPlus/code/new_zkregplus/data/src_sig/spamassasin/../../samples/email/src/maildir/dasovich-j/deleted_items/248.
8.5/5.0	/home/xiang/Desktop/NewResearch/Projects/ZkregPlusAll/ZkregPlus/code/new_zkregplus/data/src_sig/spamassasin/../../samples/email/src/maildir/dasovich-j/deleted_items/371.
6.6/5.0	/home/xiang/Desktop/NewResearch/Projects/ZkregPlusAll/ZkregPlus/code/new_zkregplus/data/src_sig/spamassasin/../../samples/email/src/maildir/dasovich-j/deleted_items/813.
6.4/5.0	/home/xiang/Desktop/NewResearch/Projects/ZkregPlusAll/ZkregPlus/code/new_zkregplus/data/src_sig/spamassasin/../../samples/email/src/maildir/dasovich-j/deleted_items/1868.
6.7/5.0	/home/xiang/Desktop/NewResearch/Projects/ZkregPlusAll/ZkregPlus/code/new_zkregplus/data/src_sig/spamassasin/../../samples/email/src/maildir/dasovich-j/deleted_items/895.
6.0/5.0	/home/xiang/Desktop/NewResearch/Projects/ZkregPlusAll/ZkregPlus/code/new_zkregplus/data/src_sig/spamassasin/../../samples/email/src/maildir/dasovich-j/deleted_items/354.
8.4/5.0	/home/xiang/Desktop/NewResearch/Projects/ZkregPlusAll/ZkregPlus/code/new_zkregplus/data/src_sig/spamassasin/../../samples/email/src/maildir/dasovich-j/deleted_items/195.
6.1/5.0	/home/xiang/Desktop/NewResearch/Projects/ZkregPlusAll/ZkregPlus/code/new_zkregplus/data/src_sig/spamassasin/../../samples/email/src/maildir/dasovich-j/deleted_items/1783.
5.7/5.0	/home/xiang/Desktop/NewResearch/Projects/ZkregPlusAll/ZkregPlus/code/new_zkregplus/data/src_sig/spamassasin/../../samples/email/src/maildir/dasovich-j/deleted_items/1888.
7.6/5.0	/home/xiang/Desktop/NewResearch/Projects/ZkregPlusAll/ZkregPlus/code/new_zkregplus/data/src_sig/spamassasin/../../samples/email/src/maildir/dasovich-j/deleted_items/849.
6.0/5.0	/home/xiang/Desktop/NewResearch/Projects/ZkregPlusAll/ZkregPlus/code/new_zkregplus/data/src_sig/spamassasin/../../samples/email/src/maildir/dasovich-j/deleted_items/1892.
5.0/5.0	/home/xiang/Desktop/NewResearch/Projects/ZkregPlusAll/ZkregPlus/code/new_zkregplus/data/src_sig/spamassasin/../../samples/email/src/maildir/dasovich-j/deleted_items/1876.
5.1/5.0	/home/xiang/Desktop/NewResearch/Projects/ZkregPlusAll/ZkregPlus/code/new_zkregplus/data/src_sig/spamassasin/../../samples/email/src/maildir/dasovich-j/deleted_items/1873.
7.5/5.0	/home/xiang/Desktop/NewResearch/Projects/ZkregPlusAll/ZkregPlus/code/new_zkregplus/data/src_sig/spamassasin/../../samples/email/src/maildir/dasovich-j/deleted_items/1870.
5.2/5.0	/home/xiang/Desktop/NewResearch/Projects/ZkregPlusAll/ZkregPlus/code/new_zkregplus/data/src_sig/spamassasin/../../samples/email/src/maildir/dasovich-j/deleted_items/1824.
6.0/5.0	/home/xiang/Desktop/NewResearch/Projects/ZkregPlusAll/ZkregPlus/code/new_zkregplus/data/src_sig/spamassasin/../../samples/email/src/maildir/dasovich-j/deleted_items/1634.
5.7/5.0	/home/xiang/Desktop/NewResearch/Projects/ZkregPlusAll/ZkregPlus/code/new_zkregplus/data/src_sig/spamassasin/../../samples/email/src/maildir/dasovich-j/deleted_items/1564.
6.0/5.0	/home/xiang/Desktop/NewResearch/Projects/ZkregPlusAll/ZkregPlus/code/new_zkregplus/data/src_sig/spamassasin/../../samples/email/src/maildir/dasovich-j/deleted_items/1878.
6.5/5.0	/home/xiang/Desktop/NewResearch/Projects/ZkregPlusAll/ZkregPlus/code/new_zkregplus/data/src_sig/spamassasin/../../samples/email/src/maildir/dasovich-j/deleted_items/95.
5.8/5.0	/home/xiang/Desktop/NewResearch/Projects/ZkregPlusAll/ZkregPlus/code/new_zkregplus/data/src_sig/spamassasin/../../samples/email/src/maildir/dasovich-j/deleted_items/1831.
5.5/5.0	/home/xiang/Desktop/NewResearch/Projects/ZkregPlusAll/ZkregPlus/code/new_zkregplus/data/src_sig/spamassasin/../../samples/email/src/maildir/dasovich-j/deleted_items/739.
5.0/5.0	/home/xiang/Desktop/NewResearch/Projects/ZkregPlusAll/ZkregPlus/code/new_zkregplus/data/src_sig/spamassasin/../../samples/email/src/maildir/dasovich-j/deleted_items/1763.
6.6/5.0	/home/xiang/Desktop/NewResearch/Projects/ZkregPlusAll/ZkregPlus/code/new_zkregplus/data/src_sig/spamassasin/../../samples/email/src/maildir/dasovich-j/deleted_items/809.
5.7/5.0	/home/xiang/Desktop/NewResearch/Projects/ZkregPlusAll/ZkregPlus/code/new_zkregplus/data/src_sig/spamassasin/../../samples/email/src/maildir/dasovich-j/deleted_items/1871.
9.1/5.0	/home/xiang/Desktop/NewResearch/Projects/ZkregPlusAll/ZkregPlus/code/new_zkregplus/data/src_sig/spamassasin/../../samples/email/src/maildir/dasovich-j/deleted_items/1893.
5.7/5.0	/home/xiang/Desktop/NewResearch/Projects/ZkregPlusAll/ZkregPlus/code/new_zkregplus/data/src_sig/spamassasin/../../samples/email/src/maildir/dasovich-j/deleted_items/1861.
10.2/5.0	/home/xiang/Desktop/NewResearch/Projects/ZkregPlusAll/ZkregPlus/code/new_zkregplus/data/src_sig/spamassasin/../../samples/email/src/maildir/dasovich-j/deleted_items/337.
6.0/5.0	/home/xiang/Desktop/NewResearch/Projects/ZkregPlusAll/ZkregPlus/code/new_zkregplus/data/src_sig/spamassasin/../../samples/email/src/maildir/dasovich-j/deleted_items/227.
6.0/5.0	/home/xiang/Desktop/NewResearch/Projects/ZkregPlusAll/ZkregPlus/code/new_zkregplus/data/src_sig/spamassasin/../../samples/email/src/maildir/dasovich-j/deleted_items/106.
8.4/5.0	/home/xiang/Desktop/NewResearch/Projects/ZkregPlusAll/ZkregPlus/code/new_zkregplus/data/src_sig/spamassasin/../../samples/email/src/maildir/dasovich-j/deleted_items/182.
5.7/5.0	/home/xiang/Desktop/NewResearch/Projects/ZkregPlusAll/ZkregPlus/code/new_zkregplus/data/src_sig/spamassasin/../../samples/email/src/maildir/dasovich-j/deleted_items/590.
5.7/5.0	/home/xiang/Desktop/NewResearch/Projects/ZkregPlusAll/ZkregPlus/code/new_zkregplus/data/src_sig/spamassasin/../../samples/email/src/maildir/dasovich-j/deleted_items/376.
7.6/5.0	/home/xiang/Desktop/NewResearch/Projects/ZkregPlusAll/ZkregPlus/code/new_zkregplus/data/src_sig/spamassasin/../../samples/email/src/maildir/dasovich-j/deleted_items/735.
5.7/5.0	/home/xiang/Desktop/NewResearch/Projects/ZkregPlusAll/ZkregPlus/code/new_zkregplus/data/src_sig/spamassasin/../../samples/email/src/maildir/dasovich-j/deleted_items/1883.
5.7/5.0	/home/xiang/Desktop/NewResearch/Projects/ZkregPlusAll/ZkregPlus/code/new_zkregplus/data/src_sig/spamassasin/../../samples/email/src/maildir/dasovich-j/deleted_items/436.
5.7/5.0	/home/xiang/Desktop/NewResearch/Projects/ZkregPlusAll/ZkregPlus/code/new_zkregplus/data/src_sig/spamassasin/../../samples/email/src/maildir/dasovich-j/deleted_items/1869.
10.0/5.0	/home/xiang/Desktop/NewResearch/Projects/ZkregPlusAll/ZkregPlus/code/new_zkregplus/data/src_sig/spamassasin/../../samples/email/src/maildir/dasovich-j/deleted_items/275.
7.6/5.0	/home/xiang/Desktop/NewResearch/Projects/ZkregPlusAll/ZkregPlus/code/new_zkregplus/data/src_sig/spamassasin/../../samples/email/src/maildir/dasovich-j/deleted_items/1860.
5.7/5.0	/home/xiang/Desktop/NewResearch/Projects/ZkregPlusAll/ZkregPlus/code/new_zkregplus/data/src_sig/spamassasin/../../samples/email/src/maildir/dasovich-j/deleted_items/1867.
6.0/5.0	/home/xiang/Desktop/NewResearch/Projects/ZkregPlusAll/ZkregPlus/code/new_zkregplus/data/src_sig/spamassasin/../../samples/email/src/maildir/dasovich-j/deleted_items/167.
5.8/5.0	/home/xiang/Desktop/NewResearch/Projects/ZkregPlusAll/ZkregPlus/code/new_zkregplus/data/src_sig/spamassasin/../../samples/email/src/maildir/dasovich-j/notes_inbox/3363.
8.0/5.0	/home/xiang/Desktop/NewResearch/Projects/ZkregPlusAll/ZkregPlus/code/new_zkregplus/data/src_sig/spamassasin/../../samples/email/src/maildir/dasovich-j/notes_inbox/12111.
8.4/5.0	/home/xiang/Desktop/NewResearch/Projects/ZkregPlusAll/ZkregPlus/code/new_zkregplus/data/src_sig/spamassasin/../../samples/email/src/maildir/dasovich-j/notes_inbox/3218.
7.5/5.0	/home/xiang/Desktop/NewResearch/Projects/ZkregPlusAll/ZkregPlus/code/new_zkregplus/data/src_sig/spamassasin/../../samples/email/src/maildir/dasovich-j/notes_inbox/2221.
5.1/5.0	/home/xiang/Desktop/NewResearch/Projects/ZkregPlusAll/ZkregPlus/code/new_zkregplus/data/src_sig/spamassasin/../../samples/email/src/maildir/dasovich-j/notes_inbox/2883.
6.6/5.0	/home/xiang/Desktop/NewResearch/Projects/ZkregPlusAll/ZkregPlus/code/new_zkregplus/data/src_sig/spamassasin/../../samples/email/src/maildir/dasovich-j/notes_inbox/3233.
9.1/5.0	/home/xiang/Desktop/NewResearch/Projects/ZkregPlusAll/ZkregPlus/code/new_zkregplus/data/src_sig/spamassasin/../../samples/email/src/maildir/dasovich-j/notes_inbox/2713.
5.8/5.0	/home/xiang/Desktop/NewResearch/Projects/ZkregPlusAll/ZkregPlus/code/new_zkregplus/data/src_sig/spamassasin/../../samples/email/src/maildir/dasovich-j/notes_inbox/657.
8.5/5.0	/home/xiang/Desktop/NewResearch/Projects/ZkregPlusAll/ZkregPlus/code/new_zkregplus/data/src_sig/spamassasin/../../samples/email/src/maildir/dasovich-j/notes_inbox/4230.
7.6/5.0	/home/xiang/Desktop/NewResearch/Projects/ZkregPlusAll/ZkregPlus/code/new_zkregplus/data/src_sig/spamassasin/../../samples/email/src/maildir/dasovich-j/notes_inbox/223.
5.7/5.0	/home/xiang/Desktop/NewResearch/Projects/ZkregPlusAll/ZkregPlus/code/new_zkregplus/data/src_sig/spamassasin/../../samples/email/src/maildir/dasovich-j/notes_inbox/4177.
7.6/5.0	/home/xiang/Desktop/NewResearch/Projects/ZkregPlusAll/ZkregPlus/code/new_zkregplus/data/src_sig/spamassasin/../../samples/email/src/maildir/dasovich-j/notes_inbox/2043.
6.4/5.0	/home/xiang/Desktop/NewResearch/Projects/ZkregPlusAll/ZkregPlus/code/new_zkregplus/data/src_sig/spamassasin/../../samples/email/src/maildir/dasovich-j/notes_inbox/3502.
8.9/5.0	/home/xiang/Desktop/NewResearch/Projects/ZkregPlusAll/ZkregPlus/code/new_zkregplus/data/src_sig/spamassasin/../../samples/email/src/maildir/dasovich-j/notes_inbox/3209.
5.1/5.0	/home/xiang/Desktop/NewResearch/Projects/ZkregPlusAll/ZkregPlus/code/new_zkregplus/data/src_sig/spamassasin/../../samples/email/src/maildir/dasovich-j/notes_inbox/3143.
5.7/5.0	/home/xiang/Desktop/NewResearch/Projects/ZkregPlusAll/ZkregPlus/code/new_zkregplus/data/src_sig/spamassasin/../../samples/email/src/maildir/dasovich-j/notes_inbox/2681.
7.7/5.0	/home/xiang/Desktop/NewResearch/Projects/ZkregPlusAll/ZkregPlus/code/new_zkregplus/data/src_sig/spamassasin/../../samples/email/src/maildir/dasovich-j/notes_inbox/1054.
8.0/5.0	/home/xiang/Desktop/NewResearch/Projects/ZkregPlusAll/ZkregPlus/code/new_zkregplus/data/src_sig/spamassasin/../../samples/email/src/maildir/dasovich-j/notes_inbox/3017.
7.5/5.0	/home/xiang/Desktop/NewResearch/Projects/ZkregPlusAll/ZkregPlus/code/new_zkregplus/data/src_sig/spamassasin/../../samples/email/src/maildir/dasovich-j/notes_inbox/4670.
5.6/5.0	/home/xiang/Desktop/NewResearch/Projects/ZkregPlusAll/ZkregPlus/code/new_zkregplus/data/src_sig/spamassasin/../../samples/email/src/maildir/dasovich-j/notes_inbox/12464.
5.1/5.0	/home/xiang/Desktop/NewResearch/Projects/ZkregPlusAll/ZkregPlus/code/new_zkregplus/data/src_sig/spamassasin/../../samples/email/src/maildir/dasovich-j/notes_inbox/905.
6.9/5.0	/home/xiang/Desktop/NewResearch/Projects/ZkregPlusAll/ZkregPlus/code/new_zkregplus/data/src_sig/spamassasin/../../samples/email/src/maildir/dasovich-j/notes_inbox/4359.
9.1/5.0	/home/xiang/Desktop/NewResearch/Projects/ZkregPlusAll/ZkregPlus/code/new_zkregplus/data/src_sig/spamassasin/../../samples/email/src/maildir/dasovich-j/notes_inbox/4585.
5.5/5.0	/home/xiang/Desktop/NewResearch/Projects/ZkregPlusAll/ZkregPlus/code/new_zkregplus/data/src_sig/spamassasin/../../samples/email/src/maildir/dasovich-j/notes_inbox/11544.
7.5/5.0	/home/xiang/Desktop/NewResearch/Projects/ZkregPlusAll/ZkregPlus/code/new_zkregplus/data/src_sig/spamassasin/../../samples/email/src/maildir/dasovich-j/notes_inbox/11865.
8.9/5.0	/home/xiang/Desktop/NewResearch/Projects/ZkregPlusAll/ZkregPlus/code/new_zkregplus/data/src_sig/spamassasin/../../samples/email/src/maildir/dasovich-j/notes_inbox/4192.
5.5/5.0	/home/xiang/Desktop/NewResearch/Projects/ZkregPlusAll/ZkregPlus/code/new_zkregplus/data/src_sig/spamassasin/../../samples/email/src/maildir/dasovich-j/notes_inbox/12348.
6.5/5.0	/home/xiang/Desktop/NewResearch/Projects/ZkregPlusAll/ZkregPlus/code/new_zkregplus/data/src_sig/spamassasin/../../samples/email/src/maildir/dasovich-j/notes_inbox/12018.
8.5/5.0	/home/xiang/Desktop/NewResearch/Projects/ZkregPlusAll/ZkregPlus/code/new_zkregplus/data/src_sig/spamassasin/../../samples/email/src/maildir/dasovich-j/notes_inbox/5493.
6.4/5.0	/home/xiang/Desktop/NewResearch/Projects/ZkregPlusAll/ZkregPlus/code/new_zkregplus/data/src_sig/spamassasin/../../samples/email/src/maildir/dasovich-j/notes_inbox/3694.
5.1/5.0	/home/xiang/Desktop/NewResearch/Projects/ZkregPlusAll/ZkregPlus/code/new_zkregplus/data/src_sig/spamassasin/../../samples/email/src/maildir/dasovich-j/notes_inbox/3607.
7.6/5.0	/home/xiang/Desktop/NewResearch/Projects/ZkregPlusAll/ZkregPlus/code/new_zkregplus/data/src_sig/spamassasin/../../samples/email/src/maildir/dasovich-j/notes_inbox/5783.
5.5/5.0	/home/xiang/Desktop/NewResearch/Projects/ZkregPlusAll/ZkregPlus/code/new_zkregplus/data/src_sig/spamassasin/../../samples/email/src/maildir/dasovich-j/notes_inbox/2629.
5.7/5.0	/home/xiang/Desktop/NewResearch/Projects/ZkregPlusAll/ZkregPlus/code/new_zkregplus/data/src_sig/spamassasin/../../samples/email/src/maildir/dasovich-j/notes_inbox/2644.
5.1/5.0	/home/xiang/Desktop/NewResearch/Projects/ZkregPlusAll/ZkregPlus/code/new_zkregplus/data/src_sig/spamassasin/../../samples/email/src/maildir/dasovich-j/notes_inbox/96.
7.6/5.0	/home/xiang/Desktop/NewResearch/Projects/ZkregPlusAll/ZkregPlus/code/new_zkregplus/data/src_sig/spamassasin/../../samples/email/src/maildir/dasovich-j/notes_inbox/5798.
6.0/5.0	/home/xiang/Desktop/NewResearch/Projects/ZkregPlusAll/ZkregPlus/code/new_zkregplus/data/src_sig/spamassasin/../../samples/email/src/maildir/dasovich-j/notes_inbox/4448.
6.0/5.0	/home/xiang/Desktop/NewResearch/Projects/ZkregPlusAll/ZkregPlus/code/new_zkregplus/data/src_sig/spamassasin/../../samples/email/src/maildir/dasovich-j/notes_inbox/4201.
5.1/5.0	/home/xiang/Desktop/NewResearch/Projects/ZkregPlusAll/ZkregPlus/code/new_zkregplus/data/src_sig/spamassasin/../../samples/email/src/maildir/dasovich-j/notes_inbox/2819.
8.3/5.0	/home/xiang/Desktop/NewResearch/Projects/ZkregPlusAll/ZkregPlus/code/new_zkregplus/data/src_sig/spamassasin/../../samples/email/src/maildir/dasovich-j/notes_inbox/2864.
8.0/5.0	/home/xiang/Desktop/NewResearch/Projects/ZkregPlusAll/ZkregPlus/code/new_zkregplus/data/src_sig/spamassasin/../../samples/email/src/maildir/dasovich-j/notes_inbox/12197.
6.0/5.0	/home/xiang/Desktop/NewResearch/Projects/ZkregPlusAll/ZkregPlus/code/new_zkregplus/data/src_sig/spamassasin/../../samples/email/src/maildir/dasovich-j/notes_inbox/5800.
5.7/5.0	/home/xiang/Desktop/NewResearch/Projects/ZkregPlusAll/ZkregPlus/code/new_zkregplus/data/src_sig/spamassasin/../../samples/email/src/maildir/dasovich-j/notes_inbox/11647.
8.4/5.0	/home/xiang/Desktop/NewResearch/Projects/ZkregPlusAll/ZkregPlus/code/new_zkregplus/data/src_sig/spamassasin/../../samples/email/src/maildir/dasovich-j/notes_inbox/1590.
7.6/5.0	/home/xiang/Desktop/NewResearch/Projects/ZkregPlusAll/ZkregPlus/code/new_zkregplus/data/src_sig/spamassasin/../../samples/email/src/maildir/dasovich-j/notes_inbox/1012.
6.0/5.0	/home/xiang/Desktop/NewResearch/Projects/ZkregPlusAll/ZkregPlus/code/new_zkregplus/data/src_sig/spamassasin/../../samples/email/src/maildir/dasovich-j/notes_inbox/3245.
5.8/5.0	/home/xiang/Desktop/NewResearch/Projects/ZkregPlusAll/ZkregPlus/code/new_zkregplus/data/src_sig/spamassasin/../../samples/email/src/maildir/dasovich-j/notes_inbox/481.
5.7/5.0	/home/xiang/Desktop/NewResearch/Projects/ZkregPlusAll/ZkregPlus/code/new_zkregplus/data/src_sig/spamassasin/../../samples/email/src/maildir/dasovich-j/notes_inbox/12042.
5.5/5.0	/home/xiang/Desktop/NewResearch/Projects/ZkregPlusAll/ZkregPlus/code/new_zkregplus/data/src_sig/spamassasin/../../samples/email/src/maildir/dasovich-j/notes_inbox/11728.
6.0/5.0	/home/xiang/Desktop/NewResearch/Projects/ZkregPlusAll/ZkregPlus/code/new_zkregplus/data/src_sig/spamassasin/../../samples/email/src/maildir/dasovich-j/notes_inbox/11731.
5.1/5.0	/home/xiang/Desktop/NewResearch/Projects/ZkregPlusAll/ZkregPlus/code/new_zkregplus/data/src_sig/spamassasin/../../samples/email/src/maildir/dasovich-j/notes_inbox/3221.
5.7/5.0	/home/xiang/Desktop/NewResearch/Projects/ZkregPlusAll/ZkregPlus/code/new_zkregplus/data/src_sig/spamassasin/../../samples/email/src/maildir/dasovich-j/notes_inbox/4545.
5.1/5.0	/home/xiang/Desktop/NewResearch/Projects/ZkregPlusAll/ZkregPlus/code/new_zkregplus/data/src_sig/spamassasin/../../samples/email/src/maildir/dasovich-j/notes_inbox/11604.
7.6/5.0	/home/xiang/Desktop/NewResearch/Projects/ZkregPlusAll/ZkregPlus/code/new_zkregplus/data/src_sig/spamassasin/../../samples/email/src/maildir/dasovich-j/notes_inbox/383.
6.2/5.0	/home/xiang/Desktop/NewResearch/Projects/ZkregPlusAll/ZkregPlus/code/new_zkregplus/data/src_sig/spamassasin/../../samples/email/src/maildir/dasovich-j/notes_inbox/11546.
6.0/5.0	/home/xiang/Desktop/NewResearch/Projects/ZkregPlusAll/ZkregPlus/code/new_zkregplus/data/src_sig/spamassasin/../../samples/email/src/maildir/dasovich-j/notes_inbox/4256.
8.5/5.0	/home/xiang/Desktop/NewResearch/Projects/ZkregPlusAll/ZkregPlus/code/new_zkregplus/data/src_sig/spamassasin/../../samples/email/src/maildir/dasovich-j/notes_inbox/11616.
7.6/5.0	/home/xiang/Desktop/NewResearch/Projects/ZkregPlusAll/ZkregPlus/code/new_zkregplus/data/src_sig/spamassasin/../../samples/email/src/maildir/dasovich-j/notes_inbox/3355.
6.4/5.0	/home/xiang/Desktop/NewResearch/Projects/ZkregPlusAll/ZkregPlus/code/new_zkregplus/data/src_sig/spamassasin/../../samples/email/src/maildir/dasovich-j/notes_inbox/2673.
5.9/5.0	/home/xiang/Desktop/NewResearch/Projects/ZkregPlusAll/ZkregPlus/code/new_zkregplus/data/src_sig/spamassasin/../../samples/email/src/maildir/dasovich-j/notes_inbox/2792.
5.8/5.0	/home/xiang/Desktop/NewResearch/Projects/ZkregPlusAll/ZkregPlus/code/new_zkregplus/data/src_sig/spamassasin/../../samples/email/src/maildir/dasovich-j/notes_inbox/4136.
7.6/5.0	/home/xiang/Desktop/NewResearch/Projects/ZkregPlusAll/ZkregPlus/code/new_zkregplus/data/src_sig/spamassasin/../../samples/email/src/maildir/dasovich-j/notes_inbox/782.
5.6/5.0	/home/xiang/Desktop/NewResearch/Projects/ZkregPlusAll/ZkregPlus/code/new_zkregplus/data/src_sig/spamassasin/../../samples/email/src/maildir/dasovich-j/notes_inbox/11609.
7.6/5.0	/home/xiang/Desktop/NewResearch/Projects/ZkregPlusAll/ZkregPlus/code/new_zkregplus/data/src_sig/spamassasin/../../samples/email/src/maildir/dasovich-j/notes_inbox/1521.
5.7/5.0	/home/xiang/Desktop/NewResearch/Projects/ZkregPlusAll/ZkregPlus/code/new_zkregplus/data/src_sig/spamassasin/../../samples/email/src/maildir/dasovich-j/notes_inbox/2746.
6.4/5.0	/home/xiang/Desktop/NewResearch/Projects/ZkregPlusAll/ZkregPlus/code/new_zkregplus/data/src_sig/spamassasin/../../samples/email/src/maildir/dasovich-j/notes_inbox/3406.
7.0/5.0	/home/xiang/Desktop/NewResearch/Projects/ZkregPlusAll/ZkregPlus/code/new_zkregplus/data/src_sig/spamassasin/../../samples/email/src/maildir/dasovich-j/notes_inbox/4255.
7.6/5.0	/home/xiang/Desktop/NewResearch/Projects/ZkregPlusAll/ZkregPlus/code/new_zkregplus/data/src_sig/spamassasin/../../samples/email/src/maildir/dasovich-j/notes_inbox/1139.
6.0/5.0	/home/xiang/Desktop/NewResearch/Projects/ZkregPlusAll/ZkregPlus/code/new_zkregplus/data/src_sig/spamassasin/../../samples/email/src/maildir/dasovich-j/notes_inbox/4014.
5.1/5.0	/home/xiang/Desktop/NewResearch/Projects/ZkregPlusAll/ZkregPlus/code/new_zkregplus/data/src_sig/spamassasin/../../samples/email/src/maildir/dasovich-j/notes_inbox/3683.
6.2/5.0	/home/xiang/Desktop/NewResearch/Projects/ZkregPlusAll/ZkregPlus/code/new_zkregplus/data/src_sig/spamassasin/../../samples/email/src/maildir/dasovich-j/notes_inbox/2704.
5.8/5.0	/home/xiang/Desktop/NewResearch/Projects/ZkregPlusAll/ZkregPlus/code/new_zkregplus/data/src_sig/spamassasin/../../samples/email/src/maildir/dasovich-j/notes_inbox/643.
8.7/5.0	/home/xiang/Desktop/NewResearch/Projects/ZkregPlusAll/ZkregPlus/code/new_zkregplus/data/src_sig/spamassasin/../../samples/email/src/maildir/dasovich-j/notes_inbox/849.
5.8/5.0	/home/xiang/Desktop/NewResearch/Projects/ZkregPlusAll/ZkregPlus/code/new_zkregplus/data/src_sig/spamassasin/../../samples/email/src/maildir/dasovich-j/notes_inbox/3670.
6.5/5.0	/home/xiang/Desktop/NewResearch/Projects/ZkregPlusAll/ZkregPlus/code/new_zkregplus/data/src_sig/spamassasin/../../samples/email/src/maildir/dasovich-j/notes_inbox/3032.
5.7/5.0	/home/xiang/Desktop/NewResearch/Projects/ZkregPlusAll/ZkregPlus/code/new_zkregplus/data/src_sig/spamassasin/../../samples/email/src/maildir/dasovich-j/notes_inbox/11946.
5.1/5.0	/home/xiang/Desktop/NewResearch/Projects/ZkregPlusAll/ZkregPlus/code/new_zkregplus/data/src_sig/spamassasin/../../samples/email/src/maildir/dasovich-j/notes_inbox/4393.
6.4/5.0	/home/xiang/Desktop/NewResearch/Projects/ZkregPlusAll/ZkregPlus/code/new_zkregplus/data/src_sig/spamassasin/../../samples/email/src/maildir/dasovich-j/notes_inbox/12142.
6.7/5.0	/home/xiang/Desktop/NewResearch/Projects/ZkregPlusAll/ZkregPlus/code/new_zkregplus/data/src_sig/spamassasin/../../samples/email/src/maildir/dasovich-j/notes_inbox/2348.
5.1/5.0	/home/xiang/Desktop/NewResearch/Projects/ZkregPlusAll/ZkregPlus/code/new_zkregplus/data/src_sig/spamassasin/../../samples/email/src/maildir/dasovich-j/notes_inbox/12578.
6.0/5.0	/home/xiang/Desktop/NewResearch/Projects/ZkregPlusAll/ZkregPlus/code/new_zkregplus/data/src_sig/spamassasin/../../samples/email/src/maildir/dasovich-j/notes_inbox/12353.
5.5/5.0	/home/xiang/Desktop/NewResearch/Projects/ZkregPlusAll/ZkregPlus/code/new_zkregplus/data/src_sig/spamassasin/../../samples/email/src/maildir/dasovich-j/notes_inbox/11903.
5.7/5.0	/home/xiang/Desktop/NewResearch/Projects/ZkregPlusAll/ZkregPlus/code/new_zkregplus/data/src_sig/spamassasin/../../samples/email/src/maildir/dasovich-j/notes_inbox/713.
8.1/5.0	/home/xiang/Desktop/NewResearch/Projects/ZkregPlusAll/ZkregPlus/code/new_zkregplus/data/src_sig/spamassasin/../../samples/email/src/maildir/dasovich-j/notes_inbox/4210.
8.5/5.0	/home/xiang/Desktop/NewResearch/Projects/ZkregPlusAll/ZkregPlus/code/new_zkregplus/data/src_sig/spamassasin/../../samples/email/src/maildir/dasovich-j/notes_inbox/4060.
6.2/5.0	/home/xiang/Desktop/NewResearch/Projects/ZkregPlusAll/ZkregPlus/code/new_zkregplus/data/src_sig/spamassasin/../../samples/email/src/maildir/dasovich-j/notes_inbox/12442.
8.9/5.0	/home/xiang/Desktop/NewResearch/Projects/ZkregPlusAll/ZkregPlus/code/new_zkregplus/data/src_sig/spamassasin/../../samples/email/src/maildir/dasovich-j/notes_inbox/3821.
11.6/5.0	/home/xiang/Desktop/NewResearch/Projects/ZkregPlusAll/ZkregPlus/code/new_zkregplus/data/src_sig/spamassasin/../../samples/email/src/maildir/dasovich-j/notes_inbox/2132.
8.5/5.0	/home/xiang/Desktop/NewResearch/Projects/ZkregPlusAll/ZkregPlus/code/new_zkregplus/data/src_sig/spamassasin/../../samples/email/src/maildir/dasovich-j/notes_inbox/5594.
5.6/5.0	/home/xiang/Desktop/NewResearch/Projects/ZkregPlusAll/ZkregPlus/code/new_zkregplus/data/src_sig/spamassasin/../../samples/email/src/maildir/dasovich-j/notes_inbox/12476.
7.6/5.0	/home/xiang/Desktop/NewResearch/Projects/ZkregPlusAll/ZkregPlus/code/new_zkregplus/data/src_sig/spamassasin/../../samples/email/src/maildir/dasovich-j/notes_inbox/1644.
5.5/5.0	/home/xiang/Desktop/NewResearch/Projects/ZkregPlusAll/ZkregPlus/code/new_zkregplus/data/src_sig/spamassasin/../../samples/email/src/maildir/dasovich-j/notes_inbox/2959.
5.1/5.0	/home/xiang/Desktop/NewResearch/Projects/ZkregPlusAll/ZkregPlus/code/new_zkregplus/data/src_sig/spamassasin/../../samples/email/src/maildir/dasovich-j/notes_inbox/2821.
7.6/5.0	/home/xiang/Desktop/NewResearch/Projects/ZkregPlusAll/ZkregPlus/code/new_zkregplus/data/src_sig/spamassasin/../../samples/email/src/maildir/dasovich-j/notes_inbox/159.
5.6/5.0	/home/xiang/Desktop/NewResearch/Projects/ZkregPlusAll/ZkregPlus/code/new_zkregplus/data/src_sig/spamassasin/../../samples/email/src/maildir/dasovich-j/notes_inbox/2171.
5.7/5.0	/home/xiang/Desktop/NewResearch/Projects/ZkregPlusAll/ZkregPlus/code/new_zkregplus/data/src_sig/spamassasin/../../samples/email/src/maildir/dasovich-j/notes_inbox/3616.
5.1/5.0	/home/xiang/Desktop/NewResearch/Projects/ZkregPlusAll/ZkregPlus/code/new_zkregplus/data/src_sig/spamassasin/../../samples/email/src/maildir/dasovich-j/notes_inbox/2674.
9.5/5.0	/home/xiang/Desktop/NewResearch/Projects/ZkregPlusAll/ZkregPlus/code/new_zkregplus/data/src_sig/spamassasin/../../samples/email/src/maildir/dasovich-j/notes_inbox/1399.
5.1/5.0	/home/xiang/Desktop/NewResearch/Projects/ZkregPlusAll/ZkregPlus/code/new_zkregplus/data/src_sig/spamassasin/../../samples/email/src/maildir/dasovich-j/notes_inbox/5401.
5.5/5.0	/home/xiang/Desktop/NewResearch/Projects/ZkregPlusAll/ZkregPlus/code/new_zkregplus/data/src_sig/spamassasin/../../samples/email/src/maildir/dasovich-j/notes_inbox/12223.
8.1/5.0	/home/xiang/Desktop/NewResearch/Projects/ZkregPlusAll/ZkregPlus/code/new_zkregplus/data/src_sig/spamassasin/../../samples/email/src/maildir/dasovich-j/notes_inbox/2688.
6.0/5.0	/home/xiang/Desktop/NewResearch/Projects/ZkregPlusAll/ZkregPlus/code/new_zkregplus/data/src_sig/spamassasin/../../samples/email/src/maildir/dasovich-j/notes_inbox/12316.
5.8/5.0	/home/xiang/Desktop/NewResearch/Projects/ZkregPlusAll/ZkregPlus/code/new_zkregplus/data/src_sig/spamassasin/../../samples/email/src/maildir/dasovich-j/notes_inbox/12612.
7.5/5.0	/home/xiang/Desktop/NewResearch/Projects/ZkregPlusAll/ZkregPlus/code/new_zkregplus/data/src_sig/spamassasin/../../samples/email/src/maildir/dasovich-j/notes_inbox/708.
8.0/5.0	/home/xiang/Desktop/NewResearch/Projects/ZkregPlusAll/ZkregPlus/code/new_zkregplus/data/src_sig/spamassasin/../../samples/email/src/maildir/dasovich-j/notes_inbox/12625.
5.8/5.0	/home/xiang/Desktop/NewResearch/Projects/ZkregPlusAll/ZkregPlus/code/new_zkregplus/data/src_sig/spamassasin/../../samples/email/src/maildir/dasovich-j/notes_inbox/1283.
5.1/5.0	/home/xiang/Desktop/NewResearch/Projects/ZkregPlusAll/ZkregPlus/code/new_zkregplus/data/src_sig/spamassasin/../../samples/email/src/maildir/dasovich-j/notes_inbox/12599.
5.7/5.0	/home/xiang/Desktop/NewResearch/Projects/ZkregPlusAll/ZkregPlus/code/new_zkregplus/data/src_sig/spamassasin/../../samples/email/src/maildir/dasovich-j/notes_inbox/11662.
8.0/5.0	/home/xiang/Desktop/NewResearch/Projects/ZkregPlusAll/ZkregPlus/code/new_zkregplus/data/src_sig/spamassasin/../../samples/email/src/maildir/dasovich-j/notes_inbox/953.
5.7/5.0	/home/xiang/Desktop/NewResearch/Projects/ZkregPlusAll/ZkregPlus/code/new_zkregplus/data/src_sig/spamassasin/../../samples/email/src/maildir/dasovich-j/notes_inbox/11696.
10.3/5.0	/home/xiang/Desktop/NewResearch/Projects/ZkregPlusAll/ZkregPlus/code/new_zkregplus/data/src_sig/spamassasin/../../samples/email/src/maildir/dasovich-j/notes_inbox/12014.
8.0/5.0	/home/xiang/Desktop/NewResearch/Projects/ZkregPlusAll/ZkregPlus/code/new_zkregplus/data/src_sig/spamassasin/../../samples/email/src/maildir/dasovich-j/notes_inbox/2266.
7.6/5.0	/home/xiang/Desktop/NewResearch/Projects/ZkregPlusAll/ZkregPlus/code/new_zkregplus/data/src_sig/spamassasin/../../samples/email/src/maildir/dasovich-j/notes_inbox/4620.
6.0/5.0	/home/xiang/Desktop/NewResearch/Projects/ZkregPlusAll/ZkregPlus/code/new_zkregplus/data/src_sig/spamassasin/../../samples/email/src/maildir/dasovich-j/notes_inbox/3155.
8.0/5.0	/home/xiang/Desktop/NewResearch/Projects/ZkregPlusAll/ZkregPlus/code/new_zkregplus/data/src_sig/spamassasin/../../samples/email/src/maildir/dasovich-j/notes_inbox/826.
5.7/5.0	/home/xiang/Desktop/NewResearch/Projects/ZkregPlusAll/ZkregPlus/code/new_zkregplus/data/src_sig/spamassasin/../../samples/email/src/maildir/dasovich-j/notes_inbox/11912.
7.6/5.0	/home/xiang/Desktop/NewResearch/Projects/ZkregPlusAll/ZkregPlus/code/new_zkregplus/data/src_sig/spamassasin/../../samples/email/src/maildir/dasovich-j/notes_inbox/5753.
5.5/5.0	/home/xiang/Desktop/NewResearch/Projects/ZkregPlusAll/ZkregPlus/code/new_zkregplus/data/src_sig/spamassasin/../../samples/email/src/maildir/dasovich-j/notes_inbox/11860.
5.3/5.0	/home/xiang/Desktop/NewResearch/Projects/ZkregPlusAll/ZkregPlus/code/new_zkregplus/data/src_sig/spamassasin/../../samples/email/src/maildir/dasovich-j/notes_inbox/934.
8.4/5.0	/home/xiang/Desktop/NewResearch/Projects/ZkregPlusAll/ZkregPlus/code/new_zkregplus/data/src_sig/spamassasin/../../samples/email/src/maildir/dasovich-j/notes_inbox/4396.
6.1/5.0	/home/xiang/Desktop/NewResearch/Projects/ZkregPlusAll/ZkregPlus/code/new_zkregplus/data/src_sig/spamassasin/../../samples/email/src/maildir/dasovich-j/notes_inbox/2694.
6.2/5.0	/home/xiang/Desktop/NewResearch/Projects/ZkregPlusAll/ZkregPlus/code/new_zkregplus/data/src_sig/spamassasin/../../samples/email/src/maildir/dasovich-j/notes_inbox/11533.
5.9/5.0	/home/xiang/Desktop/NewResearch/Projects/ZkregPlusAll/ZkregPlus/code/new_zkregplus/data/src_sig/spamassasin/../../samples/email/src/maildir/dasovich-j/notes_inbox/3407.
5.1/5.0	/home/xiang/Desktop/NewResearch/Projects/ZkregPlusAll/ZkregPlus/code/new_zkregplus/data/src_sig/spamassasin/../../samples/email/src/maildir/dasovich-j/notes_inbox/2816.
5.5/5.0	/home/xiang/Desktop/NewResearch/Projects/ZkregPlusAll/ZkregPlus/code/new_zkregplus/data/src_sig/spamassasin/../../samples/email/src/maildir/dasovich-j/notes_inbox/3034.
5.1/5.0	/home/xiang/Desktop/NewResearch/Projects/ZkregPlusAll/ZkregPlus/code/new_zkregplus/data/src_sig/spamassasin/../../samples/email/src/maildir/dasovich-j/notes_inbox/2660.
5.8/5.0	/home/xiang/Desktop/NewResearch/Projects/ZkregPlusAll/ZkregPlus/code/new_zkregplus/data/src_sig/spamassasin/../../samples/email/src/maildir/dasovich-j/notes_inbox/28.
7.6/5.0	/home/xiang/Desktop/NewResearch/Projects/ZkregPlusAll/ZkregPlus/code/new_zkregplus/data/src_sig/spamassasin/../../samples/email/src/maildir/dasovich-j/notes_inbox/366.
8.0/5.0	/home/xiang/Desktop/NewResearch/Projects/ZkregPlusAll/ZkregPlus/code/new_zkregplus/data/src_sig/spamassasin/../../samples/email/src/maildir/dasovich-j/notes_inbox/2705.
5.1/5.0	/home/xiang/Desktop/NewResearch/Projects/ZkregPlusAll/ZkregPlus/code/new_zkregplus/data/src_sig/spamassasin/../../samples/email/src/maildir/dasovich-j/notes_inbox/5441.
7.6/5.0	/home/xiang/Desktop/NewResearch/Projects/ZkregPlusAll/ZkregPlus/code/new_zkregplus/data/src_sig/spamassasin/../../samples/email/src/maildir/dasovich-j/notes_inbox/5789.
5.6/5.0	/home/xiang/Desktop/NewResearch/Projects/ZkregPlusAll/ZkregPlus/code/new_zkregplus/data/src_sig/spamassasin/../../samples/email/src/maildir/dasovich-j/notes_inbox/3108.
5.8/5.0	/home/xiang/Desktop/NewResearch/Projects/ZkregPlusAll/ZkregPlus/code/new_zkregplus/data/src_sig/spamassasin/../../samples/email/src/maildir/dasovich-j/notes_inbox/998.
5.8/5.0	/home/xiang/Desktop/NewResearch/Projects/ZkregPlusAll/ZkregPlus/code/new_zkregplus/data/src_sig/spamassasin/../../samples/email/src/maildir/dasovich-j/notes_inbox/378.
8.5/5.0	/home/xiang/Desktop/NewResearch/Projects/ZkregPlusAll/ZkregPlus/code/new_zkregplus/data/src_sig/spamassasin/../../samples/email/src/maildir/dasovich-j/notes_inbox/1280.
5.5/5.0	/home/xiang/Desktop/NewResearch/Projects/ZkregPlusAll/ZkregPlus/code/new_zkregplus/data/src_sig/spamassasin/../../samples/email/src/maildir/dasovich-j/notes_inbox/12199.
6.4/5.0	/home/xiang/Desktop/NewResearch/Projects/ZkregPlusAll/ZkregPlus/code/new_zkregplus/data/src_sig/spamassasin/../../samples/email/src/maildir/dasovich-j/notes_inbox/2879.
9.1/5.0	/home/xiang/Desktop/NewResearch/Projects/ZkregPlusAll/ZkregPlus/code/new_zkregplus/data/src_sig/spamassasin/../../samples/email/src/maildir/dasovich-j/notes_inbox/12226.
5.1/5.0	/home/xiang/Desktop/NewResearch/Projects/ZkregPlusAll/ZkregPlus/code/new_zkregplus/data/src_sig/spamassasin/../../samples/email/src/maildir/dasovich-j/notes_inbox/2013.
12.6/5.0	/home/xiang/Desktop/NewResearch/Projects/ZkregPlusAll/ZkregPlus/code/new_zkregplus/data/src_sig/spamassasin/../../samples/email/src/maildir/dasovich-j/notes_inbox/1052.
8.4/5.0	/home/xiang/Desktop/NewResearch/Projects/ZkregPlusAll/ZkregPlus/code/new_zkregplus/data/src_sig/spamassasin/../../samples/email/src/maildir/dasovich-j/notes_inbox/3531.
5.3/5.0	/home/xiang/Desktop/NewResearch/Projects/ZkregPlusAll/ZkregPlus/code/new_zkregplus/data/src_sig/spamassasin/../../samples/email/src/maildir/dasovich-j/notes_inbox/1401.
6.4/5.0	/home/xiang/Desktop/NewResearch/Projects/ZkregPlusAll/ZkregPlus/code/new_zkregplus/data/src_sig/spamassasin/../../samples/email/src/maildir/dasovich-j/notes_inbox/11615.
10.1/5.0	/home/xiang/Desktop/NewResearch/Projects/ZkregPlusAll/ZkregPlus/code/new_zkregplus/data/src_sig/spamassasin/../../samples/email/src/maildir/dasovich-j/notes_inbox/950.
5.2/5.0	/home/xiang/Desktop/NewResearch/Projects/ZkregPlusAll/ZkregPlus/code/new_zkregplus/data/src_sig/spamassasin/../../samples/email/src/maildir/dasovich-j/notes_inbox/12000.
8.1/5.0	/home/xiang/Desktop/NewResearch/Projects/ZkregPlusAll/ZkregPlus/code/new_zkregplus/data/src_sig/spamassasin/../../samples/email/src/maildir/dasovich-j/notes_inbox/631.
5.8/5.0	/home/xiang/Desktop/NewResearch/Projects/ZkregPlusAll/ZkregPlus/code/new_zkregplus/data/src_sig/spamassasin/../../samples/email/src/maildir/dasovich-j/notes_inbox/4064.
5.5/5.0	/home/xiang/Desktop/NewResearch/Projects/ZkregPlusAll/ZkregPlus/code/new_zkregplus/data/src_sig/spamassasin/../../samples/email/src/maildir/dasovich-j/notes_inbox/3555.
7.2/5.0	/home/xiang/Desktop/NewResearch/Projects/ZkregPlusAll/ZkregPlus/code/new_zkregplus/data/src_sig/spamassasin/../../samples/email/src/maildir/dasovich-j/notes_inbox/2628.
5.7/5.0	/home/xiang/Desktop/NewResearch/Projects/ZkregPlusAll/ZkregPlus/code/new_zkregplus/data/src_sig/spamassasin/../../samples/email/src/maildir/dasovich-j/notes_inbox/11821.
5.1/5.0	/home/xiang/Desktop/NewResearch/Projects/ZkregPlusAll/ZkregPlus/code/new_zkregplus/data/src_sig/spamassasin/../../samples/email/src/maildir/dasovich-j/notes_inbox/3763.
8.0/5.0	/home/xiang/Desktop/NewResearch/Projects/ZkregPlusAll/ZkregPlus/code/new_zkregplus/data/src_sig/spamassasin/../../samples/email/src/maildir/dasovich-j/notes_inbox/3237.
5.7/5.0	/home/xiang/Desktop/NewResearch/Projects/ZkregPlusAll/ZkregPlus/code/new_zkregplus/data/src_sig/spamassasin/../../samples/email/src/maildir/dasovich-j/notes_inbox/3790.
11.6/5.0	/home/xiang/Desktop/NewResearch/Projects/ZkregPlusAll/ZkregPlus/code/new_zkregplus/data/src_sig/spamassasin/../../samples/email/src/maildir/dasovich-j/notes_inbox/3295.
7.6/5.0	/home/xiang/Desktop/NewResearch/Projects/ZkregPlusAll/ZkregPlus/code/new_zkregplus/data/src_sig/spamassasin/../../samples/email/src/maildir/dasovich-j/notes_inbox/114.
6.3/5.0	/home/xiang/Desktop/NewResearch/Projects/ZkregPlusAll/ZkregPlus/code/new_zkregplus/data/src_sig/spamassasin/../../samples/email/src/maildir/dasovich-j/notes_inbox/2430.
6.4/5.0	/home/xiang/Desktop/NewResearch/Projects/ZkregPlusAll/ZkregPlus/code/new_zkregplus/data/src_sig/spamassasin/../../samples/email/src/maildir/dasovich-j/notes_inbox/11831.
5.1/5.0	/home/xiang/Desktop/NewResearch/Projects/ZkregPlusAll/ZkregPlus/code/new_zkregplus/data/src_sig/spamassasin/../../samples/email/src/maildir/dasovich-j/notes_inbox/3222.
6.3/5.0	/home/xiang/Desktop/NewResearch/Projects/ZkregPlusAll/ZkregPlus/code/new_zkregplus/data/src_sig/spamassasin/../../samples/email/src/maildir/dasovich-j/notes_inbox/4605.
5.6/5.0	/home/xiang/Desktop/NewResearch/Projects/ZkregPlusAll/ZkregPlus/code/new_zkregplus/data/src_sig/spamassasin/../../samples/email/src/maildir/dasovich-j/notes_inbox/12284.
7.6/5.0	/home/xiang/Desktop/NewResearch/Projects/ZkregPlusAll/ZkregPlus/code/new_zkregplus/data/src_sig/spamassasin/../../samples/email/src/maildir/dasovich-j/notes_inbox/5775.
8.0/5.0	/home/xiang/Desktop/NewResearch/Projects/ZkregPlusAll/ZkregPlus/code/new_zkregplus/data/src_sig/spamassasin/../../samples/email/src/maildir/dasovich-j/notes_inbox/12601.
5.7/5.0	/home/xiang/Desktop/NewResearch/Projects/ZkregPlusAll/ZkregPlus/code/new_zkregplus/data/src_sig/spamassasin/../../samples/email/src/maildir/dasovich-j/notes_inbox/675.
7.6/5.0	/home/xiang/Desktop/NewResearch/Projects/ZkregPlusAll/ZkregPlus/code/new_zkregplus/data/src_sig/spamassasin/../../samples/email/src/maildir/dasovich-j/notes_inbox/1470.
10.2/5.0	/home/xiang/Desktop/NewResearch/Projects/ZkregPlusAll/ZkregPlus/code/new_zkregplus/data/src_sig/spamassasin/../../samples/email/src/maildir/dasovich-j/notes_inbox/1212.
5.7/5.0	/home/xiang/Desktop/NewResearch/Projects/ZkregPlusAll/ZkregPlus/code/new_zkregplus/data/src_sig/spamassasin/../../samples/email/src/maildir/dasovich-j/notes_inbox/4557.
5.7/5.0	/home/xiang/Desktop/NewResearch/Projects/ZkregPlusAll/ZkregPlus/code/new_zkregplus/data/src_sig/spamassasin/../../samples/email/src/maildir/dasovich-j/notes_inbox/11637.
8.2/5.0	/home/xiang/Desktop/NewResearch/Projects/ZkregPlusAll/ZkregPlus/code/new_zkregplus/data/src_sig/spamassasin/../../samples/email/src/maildir/dasovich-j/notes_inbox/4712.
5.7/5.0	/home/xiang/Desktop/NewResearch/Projects/ZkregPlusAll/ZkregPlus/code/new_zkregplus/data/src_sig/spamassasin/../../samples/email/src/maildir/dasovich-j/notes_inbox/3123.
5.1/5.0	/home/xiang/Desktop/NewResearch/Projects/ZkregPlusAll/ZkregPlus/code/new_zkregplus/data/src_sig/spamassasin/../../samples/email/src/maildir/dasovich-j/notes_inbox/12237.
6.8/5.0	/home/xiang/Desktop/NewResearch/Projects/ZkregPlusAll/ZkregPlus/code/new_zkregplus/data/src_sig/spamassasin/../../samples/email/src/maildir/dasovich-j/notes_inbox/11536.
7.7/5.0	/home/xiang/Desktop/NewResearch/Projects/ZkregPlusAll/ZkregPlus/code/new_zkregplus/data/src_sig/spamassasin/../../samples/email/src/maildir/dasovich-j/notes_inbox/4812.
8.5/5.0	/home/xiang/Desktop/NewResearch/Projects/ZkregPlusAll/ZkregPlus/code/new_zkregplus/data/src_sig/spamassasin/../../samples/email/src/maildir/dasovich-j/notes_inbox/1756.
5.1/5.0	/home/xiang/Desktop/NewResearch/Projects/ZkregPlusAll/ZkregPlus/code/new_zkregplus/data/src_sig/spamassasin/../../samples/email/src/maildir/dasovich-j/notes_inbox/11819.
5.1/5.0	/home/xiang/Desktop/NewResearch/Projects/ZkregPlusAll/ZkregPlus/code/new_zkregplus/data/src_sig/spamassasin/../../samples/email/src/maildir/dasovich-j/notes_inbox/1969.
6.0/5.0	/home/xiang/Desktop/NewResearch/Projects/ZkregPlusAll/ZkregPlus/code/new_zkregplus/data/src_sig/spamassasin/../../samples/email/src/maildir/dasovich-j/notes_inbox/4098.
6.4/5.0	/home/xiang/Desktop/NewResearch/Projects/ZkregPlusAll/ZkregPlus/code/new_zkregplus/data/src_sig/spamassasin/../../samples/email/src/maildir/dasovich-j/notes_inbox/2957.
5.1/5.0	/home/xiang/Desktop/NewResearch/Projects/ZkregPlusAll/ZkregPlus/code/new_zkregplus/data/src_sig/spamassasin/../../samples/email/src/maildir/dasovich-j/notes_inbox/11678.
5.8/5.0	/home/xiang/Desktop/NewResearch/Projects/ZkregPlusAll/ZkregPlus/code/new_zkregplus/data/src_sig/spamassasin/../../samples/email/src/maildir/dasovich-j/notes_inbox/4223.
8.9/5.0	/home/xiang/Desktop/NewResearch/Projects/ZkregPlusAll/ZkregPlus/code/new_zkregplus/data/src_sig/spamassasin/../../samples/email/src/maildir/dasovich-j/notes_inbox/3156.
5.7/5.0	/home/xiang/Desktop/NewResearch/Projects/ZkregPlusAll/ZkregPlus/code/new_zkregplus/data/src_sig/spamassasin/../../samples/email/src/maildir/dasovich-j/notes_inbox/3470.
5.8/5.0	/home/xiang/Desktop/NewResearch/Projects/ZkregPlusAll/ZkregPlus/code/new_zkregplus/data/src_sig/spamassasin/../../samples/email/src/maildir/dasovich-j/notes_inbox/3778.
5.7/5.0	/home/xiang/Desktop/NewResearch/Projects/ZkregPlusAll/ZkregPlus/code/new_zkregplus/data/src_sig/spamassasin/../../samples/email/src/maildir/dasovich-j/notes_inbox/815.
6.4/5.0	/home/xiang/Desktop/NewResearch/Projects/ZkregPlusAll/ZkregPlus/code/new_zkregplus/data/src_sig/spamassasin/../../samples/email/src/maildir/dasovich-j/notes_inbox/3560.
7.6/5.0	/home/xiang/Desktop/NewResearch/Projects/ZkregPlusAll/ZkregPlus/code/new_zkregplus/data/src_sig/spamassasin/../../samples/email/src/maildir/dasovich-j/notes_inbox/1422.
6.0/5.0	/home/xiang/Desktop/NewResearch/Projects/ZkregPlusAll/ZkregPlus/code/new_zkregplus/data/src_sig/spamassasin/../../samples/email/src/maildir/dasovich-j/notes_inbox/3154.
6.0/5.0	/home/xiang/Desktop/NewResearch/Projects/ZkregPlusAll/ZkregPlus/code/new_zkregplus/data/src_sig/spamassasin/../../samples/email/src/maildir/dasovich-j/notes_inbox/11686.
6.8/5.0	/home/xiang/Desktop/NewResearch/Projects/ZkregPlusAll/ZkregPlus/code/new_zkregplus/data/src_sig/spamassasin/../../samples/email/src/maildir/dasovich-j/notes_inbox/12256.
8.0/5.0	/home/xiang/Desktop/NewResearch/Projects/ZkregPlusAll/ZkregPlus/code/new_zkregplus/data/src_sig/spamassasin/../../samples/email/src/maildir/dasovich-j/notes_inbox/2874.
6.0/5.0	/home/xiang/Desktop/NewResearch/Projects/ZkregPlusAll/ZkregPlus/code/new_zkregplus/data/src_sig/spamassasin/../../samples/email/src/maildir/dasovich-j/notes_inbox/4494.
8.9/5.0	/home/xiang/Desktop/NewResearch/Projects/ZkregPlusAll/ZkregPlus/code/new_zkregplus/data/src_sig/spamassasin/../../samples/email/src/maildir/dasovich-j/notes_inbox/3109.
7.6/5.0	/home/xiang/Desktop/NewResearch/Projects/ZkregPlusAll/ZkregPlus/code/new_zkregplus/data/src_sig/spamassasin/../../samples/email/src/maildir/dasovich-j/natural_gas_strategy/12.
7.7/5.0	/home/xiang/Desktop/NewResearch/Projects/ZkregPlusAll/ZkregPlus/code/new_zkregplus/data/src_sig/spamassasin/../../samples/email/src/maildir/dasovich-j/all_documents/10237.
8.2/5.0	/home/xiang/Desktop/NewResearch/Projects/ZkregPlusAll/ZkregPlus/code/new_zkregplus/data/src_sig/spamassasin/../../samples/email/src/maildir/dasovich-j/all_documents/10422.
7.5/5.0	/home/xiang/Desktop/NewResearch/Projects/ZkregPlusAll/ZkregPlus/code/new_zkregplus/data/src_sig/spamassasin/../../samples/email/src/maildir/dasovich-j/all_documents/10467.
6.3/5.0	/home/xiang/Desktop/NewResearch/Projects/ZkregPlusAll/ZkregPlus/code/new_zkregplus/data/src_sig/spamassasin/../../samples/email/src/maildir/dasovich-j/all_documents/10566.
7.6/5.0	/home/xiang/Desktop/NewResearch/Projects/ZkregPlusAll/ZkregPlus/code/new_zkregplus/data/src_sig/spamassasin/../../samples/email/src/maildir/dasovich-j/all_documents/10540.
9.1/5.0	/home/xiang/Desktop/NewResearch/Projects/ZkregPlusAll/ZkregPlus/code/new_zkregplus/data/src_sig/spamassasin/../../samples/email/src/maildir/dasovich-j/all_documents/10613.
5.7/5.0	/home/xiang/Desktop/NewResearch/Projects/ZkregPlusAll/ZkregPlus/code/new_zkregplus/data/src_sig/spamassasin/../../samples/email/src/maildir/dasovich-j/all_documents/10684.
5.7/5.0	/home/xiang/Desktop/NewResearch/Projects/ZkregPlusAll/ZkregPlus/code/new_zkregplus/data/src_sig/spamassasin/../../samples/email/src/maildir/dasovich-j/all_documents/10661.
6.0/5.0	/home/xiang/Desktop/NewResearch/Projects/ZkregPlusAll/ZkregPlus/code/new_zkregplus/data/src_sig/spamassasin/../../samples/email/src/maildir/dasovich-j/all_documents/10779.
6.0/5.0	/home/xiang/Desktop/NewResearch/Projects/ZkregPlusAll/ZkregPlus/code/new_zkregplus/data/src_sig/spamassasin/../../samples/email/src/maildir/dasovich-j/all_documents/10853.
8.4/5.0	/home/xiang/Desktop/NewResearch/Projects/ZkregPlusAll/ZkregPlus/code/new_zkregplus/data/src_sig/spamassasin/../../samples/email/src/maildir/dasovich-j/all_documents/10942.
5.1/5.0	/home/xiang/Desktop/NewResearch/Projects/ZkregPlusAll/ZkregPlus/code/new_zkregplus/data/src_sig/spamassasin/../../samples/email/src/maildir/dasovich-j/all_documents/10945.
6.9/5.0	/home/xiang/Desktop/NewResearch/Projects/ZkregPlusAll/ZkregPlus/code/new_zkregplus/data/src_sig/spamassasin/../../samples/email/src/maildir/dasovich-j/all_documents/11001.
7.6/5.0	/home/xiang/Desktop/NewResearch/Projects/ZkregPlusAll/ZkregPlus/code/new_zkregplus/data/src_sig/spamassasin/../../samples/email/src/maildir/dasovich-j/all_documents/1109.
6.0/5.0	/home/xiang/Desktop/NewResearch/Projects/ZkregPlusAll/ZkregPlus/code/new_zkregplus/data/src_sig/spamassasin/../../samples/email/src/maildir/dasovich-j/all_documents/11135.
7.0/5.0	/home/xiang/Desktop/NewResearch/Projects/ZkregPlusAll/ZkregPlus/code/new_zkregplus/data/src_sig/spamassasin/../../samples/email/src/maildir/dasovich-j/all_documents/11136.
8.5/5.0	/home/xiang/Desktop/NewResearch/Projects/ZkregPlusAll/ZkregPlus/code/new_zkregplus/data/src_sig/spamassasin/../../samples/email/src/maildir/dasovich-j/all_documents/11168.
5.8/5.0	/home/xiang/Desktop/NewResearch/Projects/ZkregPlusAll/ZkregPlus/code/new_zkregplus/data/src_sig/spamassasin/../../samples/email/src/maildir/dasovich-j/all_documents/11179.
6.0/5.0	/home/xiang/Desktop/NewResearch/Projects/ZkregPlusAll/ZkregPlus/code/new_zkregplus/data/src_sig/spamassasin/../../samples/email/src/maildir/dasovich-j/all_documents/11215.
8.1/5.0	/home/xiang/Desktop/NewResearch/Projects/ZkregPlusAll/ZkregPlus/code/new_zkregplus/data/src_sig/spamassasin/../../samples/email/src/maildir/dasovich-j/all_documents/11197.
5.7/5.0	/home/xiang/Desktop/NewResearch/Projects/ZkregPlusAll/ZkregPlus/code/new_zkregplus/data/src_sig/spamassasin/../../samples/email/src/maildir/dasovich-j/all_documents/11254.
8.9/5.0	/home/xiang/Desktop/NewResearch/Projects/ZkregPlusAll/ZkregPlus/code/new_zkregplus/data/src_sig/spamassasin/../../samples/email/src/maildir/dasovich-j/all_documents/11229.
5.8/5.0	/home/xiang/Desktop/NewResearch/Projects/ZkregPlusAll/ZkregPlus/code/new_zkregplus/data/src_sig/spamassasin/../../samples/email/src/maildir/dasovich-j/all_documents/11318.
6.0/5.0	/home/xiang/Desktop/NewResearch/Projects/ZkregPlusAll/ZkregPlus/code/new_zkregplus/data/src_sig/spamassasin/../../samples/email/src/maildir/dasovich-j/all_documents/11384.
5.8/5.0	/home/xiang/Desktop/NewResearch/Projects/ZkregPlusAll/ZkregPlus/code/new_zkregplus/data/src_sig/spamassasin/../../samples/email/src/maildir/dasovich-j/all_documents/11448.
8.5/5.0	/home/xiang/Desktop/NewResearch/Projects/ZkregPlusAll/ZkregPlus/code/new_zkregplus/data/src_sig/spamassasin/../../samples/email/src/maildir/dasovich-j/all_documents/11452.
6.0/5.0	/home/xiang/Desktop/NewResearch/Projects/ZkregPlusAll/ZkregPlus/code/new_zkregplus/data/src_sig/spamassasin/../../samples/email/src/maildir/dasovich-j/all_documents/11531.
5.8/5.0	/home/xiang/Desktop/NewResearch/Projects/ZkregPlusAll/ZkregPlus/code/new_zkregplus/data/src_sig/spamassasin/../../samples/email/src/maildir/dasovich-j/all_documents/11890.
8.9/5.0	/home/xiang/Desktop/NewResearch/Projects/ZkregPlusAll/ZkregPlus/code/new_zkregplus/data/src_sig/spamassasin/../../samples/email/src/maildir/dasovich-j/all_documents/11839.
5.1/5.0	/home/xiang/Desktop/NewResearch/Projects/ZkregPlusAll/ZkregPlus/code/new_zkregplus/data/src_sig/spamassasin/../../samples/email/src/maildir/dasovich-j/all_documents/11906.
5.7/5.0	/home/xiang/Desktop/NewResearch/Projects/ZkregPlusAll/ZkregPlus/code/new_zkregplus/data/src_sig/spamassasin/../../samples/email/src/maildir/dasovich-j/all_documents/11874.
5.1/5.0	/home/xiang/Desktop/NewResearch/Projects/ZkregPlusAll/ZkregPlus/code/new_zkregplus/data/src_sig/spamassasin/../../samples/email/src/maildir/dasovich-j/all_documents/12003.
6.4/5.0	/home/xiang/Desktop/NewResearch/Projects/ZkregPlusAll/ZkregPlus/code/new_zkregplus/data/src_sig/spamassasin/../../samples/email/src/maildir/dasovich-j/all_documents/11992.
5.8/5.0	/home/xiang/Desktop/NewResearch/Projects/ZkregPlusAll/ZkregPlus/code/new_zkregplus/data/src_sig/spamassasin/../../samples/email/src/maildir/dasovich-j/all_documents/12016.
5.7/5.0	/home/xiang/Desktop/NewResearch/Projects/ZkregPlusAll/ZkregPlus/code/new_zkregplus/data/src_sig/spamassasin/../../samples/email/src/maildir/dasovich-j/all_documents/12089.
5.1/5.0	/home/xiang/Desktop/NewResearch/Projects/ZkregPlusAll/ZkregPlus/code/new_zkregplus/data/src_sig/spamassasin/../../samples/email/src/maildir/dasovich-j/all_documents/12100.
6.4/5.0	/home/xiang/Desktop/NewResearch/Projects/ZkregPlusAll/ZkregPlus/code/new_zkregplus/data/src_sig/spamassasin/../../samples/email/src/maildir/dasovich-j/all_documents/12151.
8.4/5.0	/home/xiang/Desktop/NewResearch/Projects/ZkregPlusAll/ZkregPlus/code/new_zkregplus/data/src_sig/spamassasin/../../samples/email/src/maildir/dasovich-j/all_documents/12189.
5.5/5.0	/home/xiang/Desktop/NewResearch/Projects/ZkregPlusAll/ZkregPlus/code/new_zkregplus/data/src_sig/spamassasin/../../samples/email/src/maildir/dasovich-j/all_documents/12156.
6.4/5.0	/home/xiang/Desktop/NewResearch/Projects/ZkregPlusAll/ZkregPlus/code/new_zkregplus/data/src_sig/spamassasin/../../samples/email/src/maildir/dasovich-j/all_documents/12241.
5.7/5.0	/home/xiang/Desktop/NewResearch/Projects/ZkregPlusAll/ZkregPlus/code/new_zkregplus/data/src_sig/spamassasin/../../samples/email/src/maildir/dasovich-j/all_documents/12308.
6.4/5.0	/home/xiang/Desktop/NewResearch/Projects/ZkregPlusAll/ZkregPlus/code/new_zkregplus/data/src_sig/spamassasin/../../samples/email/src/maildir/dasovich-j/all_documents/12406.
5.9/5.0	/home/xiang/Desktop/NewResearch/Projects/ZkregPlusAll/ZkregPlus/code/new_zkregplus/data/src_sig/spamassasin/../../samples/email/src/maildir/dasovich-j/all_documents/12405.
5.8/5.0	/home/xiang/Desktop/NewResearch/Projects/ZkregPlusAll/ZkregPlus/code/new_zkregplus/data/src_sig/spamassasin/../../samples/email/src/maildir/dasovich-j/all_documents/12485.
7.6/5.0	/home/xiang/Desktop/NewResearch/Projects/ZkregPlusAll/ZkregPlus/code/new_zkregplus/data/src_sig/spamassasin/../../samples/email/src/maildir/dasovich-j/all_documents/12495.
11.6/5.0	/home/xiang/Desktop/NewResearch/Projects/ZkregPlusAll/ZkregPlus/code/new_zkregplus/data/src_sig/spamassasin/../../samples/email/src/maildir/dasovich-j/all_documents/12593.
6.6/5.0	/home/xiang/Desktop/NewResearch/Projects/ZkregPlusAll/ZkregPlus/code/new_zkregplus/data/src_sig/spamassasin/../../samples/email/src/maildir/dasovich-j/all_documents/12677.
5.1/5.0	/home/xiang/Desktop/NewResearch/Projects/ZkregPlusAll/ZkregPlus/code/new_zkregplus/data/src_sig/spamassasin/../../samples/email/src/maildir/dasovich-j/all_documents/12689.
5.1/5.0	/home/xiang/Desktop/NewResearch/Projects/ZkregPlusAll/ZkregPlus/code/new_zkregplus/data/src_sig/spamassasin/../../samples/email/src/maildir/dasovich-j/all_documents/12688.
6.0/5.0	/home/xiang/Desktop/NewResearch/Projects/ZkregPlusAll/ZkregPlus/code/new_zkregplus/data/src_sig/spamassasin/../../samples/email/src/maildir/dasovich-j/all_documents/12665.
8.4/5.0	/home/xiang/Desktop/NewResearch/Projects/ZkregPlusAll/ZkregPlus/code/new_zkregplus/data/src_sig/spamassasin/../../samples/email/src/maildir/dasovich-j/all_documents/12692.
8.9/5.0	/home/xiang/Desktop/NewResearch/Projects/ZkregPlusAll/ZkregPlus/code/new_zkregplus/data/src_sig/spamassasin/../../samples/email/src/maildir/dasovich-j/all_documents/12701.
8.0/5.0	/home/xiang/Desktop/NewResearch/Projects/ZkregPlusAll/ZkregPlus/code/new_zkregplus/data/src_sig/spamassasin/../../samples/email/src/maildir/dasovich-j/all_documents/12673.
6.0/5.0	/home/xiang/Desktop/NewResearch/Projects/ZkregPlusAll/ZkregPlus/code/new_zkregplus/data/src_sig/spamassasin/../../samples/email/src/maildir/dasovich-j/all_documents/12780.
6.0/5.0	/home/xiang/Desktop/NewResearch/Projects/ZkregPlusAll/ZkregPlus/code/new_zkregplus/data/src_sig/spamassasin/../../samples/email/src/maildir/dasovich-j/all_documents/12779.
5.1/5.0	/home/xiang/Desktop/NewResearch/Projects/ZkregPlusAll/ZkregPlus/code/new_zkregplus/data/src_sig/spamassasin/../../samples/email/src/maildir/dasovich-j/all_documents/12800.
8.9/5.0	/home/xiang/Desktop/NewResearch/Projects/ZkregPlusAll/ZkregPlus/code/new_zkregplus/data/src_sig/spamassasin/../../samples/email/src/maildir/dasovich-j/all_documents/12778.
5.7/5.0	/home/xiang/Desktop/NewResearch/Projects/ZkregPlusAll/ZkregPlus/code/new_zkregplus/data/src_sig/spamassasin/../../samples/email/src/maildir/dasovich-j/all_documents/12827.
8.9/5.0	/home/xiang/Desktop/NewResearch/Projects/ZkregPlusAll/ZkregPlus/code/new_zkregplus/data/src_sig/spamassasin/../../samples/email/src/maildir/dasovich-j/all_documents/12845.
5.6/5.0	/home/xiang/Desktop/NewResearch/Projects/ZkregPlusAll/ZkregPlus/code/new_zkregplus/data/src_sig/spamassasin/../../samples/email/src/maildir/dasovich-j/all_documents/12846.
5.5/5.0	/home/xiang/Desktop/NewResearch/Projects/ZkregPlusAll/ZkregPlus/code/new_zkregplus/data/src_sig/spamassasin/../../samples/email/src/maildir/dasovich-j/all_documents/12940.
8.0/5.0	/home/xiang/Desktop/NewResearch/Projects/ZkregPlusAll/ZkregPlus/code/new_zkregplus/data/src_sig/spamassasin/../../samples/email/src/maildir/dasovich-j/all_documents/12957.
6.5/5.0	/home/xiang/Desktop/NewResearch/Projects/ZkregPlusAll/ZkregPlus/code/new_zkregplus/data/src_sig/spamassasin/../../samples/email/src/maildir/dasovich-j/all_documents/12942.
5.5/5.0	/home/xiang/Desktop/NewResearch/Projects/ZkregPlusAll/ZkregPlus/code/new_zkregplus/data/src_sig/spamassasin/../../samples/email/src/maildir/dasovich-j/all_documents/13033.
6.4/5.0	/home/xiang/Desktop/NewResearch/Projects/ZkregPlusAll/ZkregPlus/code/new_zkregplus/data/src_sig/spamassasin/../../samples/email/src/maildir/dasovich-j/all_documents/13035.
5.1/5.0	/home/xiang/Desktop/NewResearch/Projects/ZkregPlusAll/ZkregPlus/code/new_zkregplus/data/src_sig/spamassasin/../../samples/email/src/maildir/dasovich-j/all_documents/13109.
8.3/5.0	/home/xiang/Desktop/NewResearch/Projects/ZkregPlusAll/ZkregPlus/code/new_zkregplus/data/src_sig/spamassasin/../../samples/email/src/maildir/dasovich-j/all_documents/13134.
6.4/5.0	/home/xiang/Desktop/NewResearch/Projects/ZkregPlusAll/ZkregPlus/code/new_zkregplus/data/src_sig/spamassasin/../../samples/email/src/maildir/dasovich-j/all_documents/13113.
8.0/5.0	/home/xiang/Desktop/NewResearch/Projects/ZkregPlusAll/ZkregPlus/code/new_zkregplus/data/src_sig/spamassasin/../../samples/email/src/maildir/dasovich-j/all_documents/13119.
5.1/5.0	/home/xiang/Desktop/NewResearch/Projects/ZkregPlusAll/ZkregPlus/code/new_zkregplus/data/src_sig/spamassasin/../../samples/email/src/maildir/dasovich-j/all_documents/13203.
5.1/5.0	/home/xiang/Desktop/NewResearch/Projects/ZkregPlusAll/ZkregPlus/code/new_zkregplus/data/src_sig/spamassasin/../../samples/email/src/maildir/dasovich-j/all_documents/13206.
5.1/5.0	/home/xiang/Desktop/NewResearch/Projects/ZkregPlusAll/ZkregPlus/code/new_zkregplus/data/src_sig/spamassasin/../../samples/email/src/maildir/dasovich-j/all_documents/13200.
5.9/5.0	/home/xiang/Desktop/NewResearch/Projects/ZkregPlusAll/ZkregPlus/code/new_zkregplus/data/src_sig/spamassasin/../../samples/email/src/maildir/dasovich-j/all_documents/13237.
7.6/5.0	/home/xiang/Desktop/NewResearch/Projects/ZkregPlusAll/ZkregPlus/code/new_zkregplus/data/src_sig/spamassasin/../../samples/email/src/maildir/dasovich-j/all_documents/1326.
5.7/5.0	/home/xiang/Desktop/NewResearch/Projects/ZkregPlusAll/ZkregPlus/code/new_zkregplus/data/src_sig/spamassasin/../../samples/email/src/maildir/dasovich-j/all_documents/13300.
6.1/5.0	/home/xiang/Desktop/NewResearch/Projects/ZkregPlusAll/ZkregPlus/code/new_zkregplus/data/src_sig/spamassasin/../../samples/email/src/maildir/dasovich-j/all_documents/13369.
8.0/5.0	/home/xiang/Desktop/NewResearch/Projects/ZkregPlusAll/ZkregPlus/code/new_zkregplus/data/src_sig/spamassasin/../../samples/email/src/maildir/dasovich-j/all_documents/13357.
8.1/5.0	/home/xiang/Desktop/NewResearch/Projects/ZkregPlusAll/ZkregPlus/code/new_zkregplus/data/src_sig/spamassasin/../../samples/email/src/maildir/dasovich-j/all_documents/13375.
5.8/5.0	/home/xiang/Desktop/NewResearch/Projects/ZkregPlusAll/ZkregPlus/code/new_zkregplus/data/src_sig/spamassasin/../../samples/email/src/maildir/dasovich-j/all_documents/1340.
6.4/5.0	/home/xiang/Desktop/NewResearch/Projects/ZkregPlusAll/ZkregPlus/code/new_zkregplus/data/src_sig/spamassasin/../../samples/email/src/maildir/dasovich-j/all_documents/13390.
6.2/5.0	/home/xiang/Desktop/NewResearch/Projects/ZkregPlusAll/ZkregPlus/code/new_zkregplus/data/src_sig/spamassasin/../../samples/email/src/maildir/dasovich-j/all_documents/13359.
5.7/5.0	/home/xiang/Desktop/NewResearch/Projects/ZkregPlusAll/ZkregPlus/code/new_zkregplus/data/src_sig/spamassasin/../../samples/email/src/maildir/dasovich-j/all_documents/13435.
9.1/5.0	/home/xiang/Desktop/NewResearch/Projects/ZkregPlusAll/ZkregPlus/code/new_zkregplus/data/src_sig/spamassasin/../../samples/email/src/maildir/dasovich-j/all_documents/13349.
5.7/5.0	/home/xiang/Desktop/NewResearch/Projects/ZkregPlusAll/ZkregPlus/code/new_zkregplus/data/src_sig/spamassasin/../../samples/email/src/maildir/dasovich-j/all_documents/13382.
5.1/5.0	/home/xiang/Desktop/NewResearch/Projects/ZkregPlusAll/ZkregPlus/code/new_zkregplus/data/src_sig/spamassasin/../../samples/email/src/maildir/dasovich-j/all_documents/13389.
7.6/5.0	/home/xiang/Desktop/NewResearch/Projects/ZkregPlusAll/ZkregPlus/code/new_zkregplus/data/src_sig/spamassasin/../../samples/email/src/maildir/dasovich-j/all_documents/1345.
5.1/5.0	/home/xiang/Desktop/NewResearch/Projects/ZkregPlusAll/ZkregPlus/code/new_zkregplus/data/src_sig/spamassasin/../../samples/email/src/maildir/dasovich-j/all_documents/13419.
5.5/5.0	/home/xiang/Desktop/NewResearch/Projects/ZkregPlusAll/ZkregPlus/code/new_zkregplus/data/src_sig/spamassasin/../../samples/email/src/maildir/dasovich-j/all_documents/13450.
7.2/5.0	/home/xiang/Desktop/NewResearch/Projects/ZkregPlusAll/ZkregPlus/code/new_zkregplus/data/src_sig/spamassasin/../../samples/email/src/maildir/dasovich-j/all_documents/13451.
5.8/5.0	/home/xiang/Desktop/NewResearch/Projects/ZkregPlusAll/ZkregPlus/code/new_zkregplus/data/src_sig/spamassasin/../../samples/email/src/maildir/dasovich-j/all_documents/1524.
5.8/5.0	/home/xiang/Desktop/NewResearch/Projects/ZkregPlusAll/ZkregPlus/code/new_zkregplus/data/src_sig/spamassasin/../../samples/email/src/maildir/dasovich-j/all_documents/1771.
8.1/5.0	/home/xiang/Desktop/NewResearch/Projects/ZkregPlusAll/ZkregPlus/code/new_zkregplus/data/src_sig/spamassasin/../../samples/email/src/maildir/dasovich-j/all_documents/1745.
5.7/5.0	/home/xiang/Desktop/NewResearch/Projects/ZkregPlusAll/ZkregPlus/code/new_zkregplus/data/src_sig/spamassasin/../../samples/email/src/maildir/dasovich-j/all_documents/1823.
5.8/5.0	/home/xiang/Desktop/NewResearch/Projects/ZkregPlusAll/ZkregPlus/code/new_zkregplus/data/src_sig/spamassasin/../../samples/email/src/maildir/dasovich-j/all_documents/1797.
5.9/5.0	/home/xiang/Desktop/NewResearch/Projects/ZkregPlusAll/ZkregPlus/code/new_zkregplus/data/src_sig/spamassasin/../../samples/email/src/maildir/dasovich-j/all_documents/178.
5.7/5.0	/home/xiang/Desktop/NewResearch/Projects/ZkregPlusAll/ZkregPlus/code/new_zkregplus/data/src_sig/spamassasin/../../samples/email/src/maildir/dasovich-j/all_documents/1906.
7.5/5.0	/home/xiang/Desktop/NewResearch/Projects/ZkregPlusAll/ZkregPlus/code/new_zkregplus/data/src_sig/spamassasin/../../samples/email/src/maildir/dasovich-j/all_documents/1890.
5.7/5.0	/home/xiang/Desktop/NewResearch/Projects/ZkregPlusAll/ZkregPlus/code/new_zkregplus/data/src_sig/spamassasin/../../samples/email/src/maildir/dasovich-j/all_documents/2062.
7.6/5.0	/home/xiang/Desktop/NewResearch/Projects/ZkregPlusAll/ZkregPlus/code/new_zkregplus/data/src_sig/spamassasin/../../samples/email/src/maildir/dasovich-j/all_documents/2021.
8.0/5.0	/home/xiang/Desktop/NewResearch/Projects/ZkregPlusAll/ZkregPlus/code/new_zkregplus/data/src_sig/spamassasin/../../samples/email/src/maildir/dasovich-j/all_documents/2078.
8.7/5.0	/home/xiang/Desktop/NewResearch/Projects/ZkregPlusAll/ZkregPlus/code/new_zkregplus/data/src_sig/spamassasin/../../samples/email/src/maildir/dasovich-j/all_documents/2113.
5.1/5.0	/home/xiang/Desktop/NewResearch/Projects/ZkregPlusAll/ZkregPlus/code/new_zkregplus/data/src_sig/spamassasin/../../samples/email/src/maildir/dasovich-j/all_documents/2234.
5.3/5.0	/home/xiang/Desktop/NewResearch/Projects/ZkregPlusAll/ZkregPlus/code/new_zkregplus/data/src_sig/spamassasin/../../samples/email/src/maildir/dasovich-j/all_documents/2310.
8.0/5.0	/home/xiang/Desktop/NewResearch/Projects/ZkregPlusAll/ZkregPlus/code/new_zkregplus/data/src_sig/spamassasin/../../samples/email/src/maildir/dasovich-j/all_documents/2360.
10.1/5.0	/home/xiang/Desktop/NewResearch/Projects/ZkregPlusAll/ZkregPlus/code/new_zkregplus/data/src_sig/spamassasin/../../samples/email/src/maildir/dasovich-j/all_documents/2357.
5.8/5.0	/home/xiang/Desktop/NewResearch/Projects/ZkregPlusAll/ZkregPlus/code/new_zkregplus/data/src_sig/spamassasin/../../samples/email/src/maildir/dasovich-j/all_documents/2437.
7.6/5.0	/home/xiang/Desktop/NewResearch/Projects/ZkregPlusAll/ZkregPlus/code/new_zkregplus/data/src_sig/spamassasin/../../samples/email/src/maildir/dasovich-j/all_documents/2454.
7.7/5.0	/home/xiang/Desktop/NewResearch/Projects/ZkregPlusAll/ZkregPlus/code/new_zkregplus/data/src_sig/spamassasin/../../samples/email/src/maildir/dasovich-j/all_documents/2530.
12.6/5.0	/home/xiang/Desktop/NewResearch/Projects/ZkregPlusAll/ZkregPlus/code/new_zkregplus/data/src_sig/spamassasin/../../samples/email/src/maildir/dasovich-j/all_documents/2528.
7.6/5.0	/home/xiang/Desktop/NewResearch/Projects/ZkregPlusAll/ZkregPlus/code/new_zkregplus/data/src_sig/spamassasin/../../samples/email/src/maildir/dasovich-j/all_documents/2674.
10.2/5.0	/home/xiang/Desktop/NewResearch/Projects/ZkregPlusAll/ZkregPlus/code/new_zkregplus/data/src_sig/spamassasin/../../samples/email/src/maildir/dasovich-j/all_documents/2770.
5.8/5.0	/home/xiang/Desktop/NewResearch/Projects/ZkregPlusAll/ZkregPlus/code/new_zkregplus/data/src_sig/spamassasin/../../samples/email/src/maildir/dasovich-j/all_documents/27764.
5.1/5.0	/home/xiang/Desktop/NewResearch/Projects/ZkregPlusAll/ZkregPlus/code/new_zkregplus/data/src_sig/spamassasin/../../samples/email/src/maildir/dasovich-j/all_documents/27778.
8.0/5.0	/home/xiang/Desktop/NewResearch/Projects/ZkregPlusAll/ZkregPlus/code/new_zkregplus/data/src_sig/spamassasin/../../samples/email/src/maildir/dasovich-j/all_documents/27751.
8.0/5.0	/home/xiang/Desktop/NewResearch/Projects/ZkregPlusAll/ZkregPlus/code/new_zkregplus/data/src_sig/spamassasin/../../samples/email/src/maildir/dasovich-j/all_documents/27776.
5.6/5.0	/home/xiang/Desktop/NewResearch/Projects/ZkregPlusAll/ZkregPlus/code/new_zkregplus/data/src_sig/spamassasin/../../samples/email/src/maildir/dasovich-j/all_documents/27907.
5.6/5.0	/home/xiang/Desktop/NewResearch/Projects/ZkregPlusAll/ZkregPlus/code/new_zkregplus/data/src_sig/spamassasin/../../samples/email/src/maildir/dasovich-j/all_documents/27912.
5.1/5.0	/home/xiang/Desktop/NewResearch/Projects/ZkregPlusAll/ZkregPlus/code/new_zkregplus/data/src_sig/spamassasin/../../samples/email/src/maildir/dasovich-j/all_documents/27799.
5.6/5.0	/home/xiang/Desktop/NewResearch/Projects/ZkregPlusAll/ZkregPlus/code/new_zkregplus/data/src_sig/spamassasin/../../samples/email/src/maildir/dasovich-j/all_documents/27929.
6.2/5.0	/home/xiang/Desktop/NewResearch/Projects/ZkregPlusAll/ZkregPlus/code/new_zkregplus/data/src_sig/spamassasin/../../samples/email/src/maildir/dasovich-j/all_documents/27970.
6.0/5.0	/home/xiang/Desktop/NewResearch/Projects/ZkregPlusAll/ZkregPlus/code/new_zkregplus/data/src_sig/spamassasin/../../samples/email/src/maildir/dasovich-j/all_documents/28086.
6.0/5.0	/home/xiang/Desktop/NewResearch/Projects/ZkregPlusAll/ZkregPlus/code/new_zkregplus/data/src_sig/spamassasin/../../samples/email/src/maildir/dasovich-j/all_documents/28128.
5.5/5.0	/home/xiang/Desktop/NewResearch/Projects/ZkregPlusAll/ZkregPlus/code/new_zkregplus/data/src_sig/spamassasin/../../samples/email/src/maildir/dasovich-j/all_documents/28091.
5.6/5.0	/home/xiang/Desktop/NewResearch/Projects/ZkregPlusAll/ZkregPlus/code/new_zkregplus/data/src_sig/spamassasin/../../samples/email/src/maildir/dasovich-j/all_documents/28176.
6.8/5.0	/home/xiang/Desktop/NewResearch/Projects/ZkregPlusAll/ZkregPlus/code/new_zkregplus/data/src_sig/spamassasin/../../samples/email/src/maildir/dasovich-j/all_documents/28212.
5.1/5.0	/home/xiang/Desktop/NewResearch/Projects/ZkregPlusAll/ZkregPlus/code/new_zkregplus/data/src_sig/spamassasin/../../samples/email/src/maildir/dasovich-j/all_documents/28243.
9.1/5.0	/home/xiang/Desktop/NewResearch/Projects/ZkregPlusAll/ZkregPlus/code/new_zkregplus/data/src_sig/spamassasin/../../samples/email/src/maildir/dasovich-j/all_documents/28259.
5.5/5.0	/home/xiang/Desktop/NewResearch/Projects/ZkregPlusAll/ZkregPlus/code/new_zkregplus/data/src_sig/spamassasin/../../samples/email/src/maildir/dasovich-j/all_documents/28262.
8.0/5.0	/home/xiang/Desktop/NewResearch/Projects/ZkregPlusAll/ZkregPlus/code/new_zkregplus/data/src_sig/spamassasin/../../samples/email/src/maildir/dasovich-j/all_documents/28292.
6.4/5.0	/home/xiang/Desktop/NewResearch/Projects/ZkregPlusAll/ZkregPlus/code/new_zkregplus/data/src_sig/spamassasin/../../samples/email/src/maildir/dasovich-j/all_documents/28381.
5.5/5.0	/home/xiang/Desktop/NewResearch/Projects/ZkregPlusAll/ZkregPlus/code/new_zkregplus/data/src_sig/spamassasin/../../samples/email/src/maildir/dasovich-j/all_documents/28290.
8.5/5.0	/home/xiang/Desktop/NewResearch/Projects/ZkregPlusAll/ZkregPlus/code/new_zkregplus/data/src_sig/spamassasin/../../samples/email/src/maildir/dasovich-j/all_documents/2846.
8.0/5.0	/home/xiang/Desktop/NewResearch/Projects/ZkregPlusAll/ZkregPlus/code/new_zkregplus/data/src_sig/spamassasin/../../samples/email/src/maildir/dasovich-j/all_documents/28430.
5.8/5.0	/home/xiang/Desktop/NewResearch/Projects/ZkregPlusAll/ZkregPlus/code/new_zkregplus/data/src_sig/spamassasin/../../samples/email/src/maildir/dasovich-j/all_documents/2849.
5.7/5.0	/home/xiang/Desktop/NewResearch/Projects/ZkregPlusAll/ZkregPlus/code/new_zkregplus/data/src_sig/spamassasin/../../samples/email/src/maildir/dasovich-j/all_documents/28555.
5.2/5.0	/home/xiang/Desktop/NewResearch/Projects/ZkregPlusAll/ZkregPlus/code/new_zkregplus/data/src_sig/spamassasin/../../samples/email/src/maildir/dasovich-j/all_documents/28628.
6.5/5.0	/home/xiang/Desktop/NewResearch/Projects/ZkregPlusAll/ZkregPlus/code/new_zkregplus/data/src_sig/spamassasin/../../samples/email/src/maildir/dasovich-j/all_documents/28595.
10.3/5.0	/home/xiang/Desktop/NewResearch/Projects/ZkregPlusAll/ZkregPlus/code/new_zkregplus/data/src_sig/spamassasin/../../samples/email/src/maildir/dasovich-j/all_documents/28600.
5.7/5.0	/home/xiang/Desktop/NewResearch/Projects/ZkregPlusAll/ZkregPlus/code/new_zkregplus/data/src_sig/spamassasin/../../samples/email/src/maildir/dasovich-j/all_documents/28708.
5.7/5.0	/home/xiang/Desktop/NewResearch/Projects/ZkregPlusAll/ZkregPlus/code/new_zkregplus/data/src_sig/spamassasin/../../samples/email/src/maildir/dasovich-j/all_documents/28749.
7.5/5.0	/home/xiang/Desktop/NewResearch/Projects/ZkregPlusAll/ZkregPlus/code/new_zkregplus/data/src_sig/spamassasin/../../samples/email/src/maildir/dasovich-j/all_documents/28806.
5.5/5.0	/home/xiang/Desktop/NewResearch/Projects/ZkregPlusAll/ZkregPlus/code/new_zkregplus/data/src_sig/spamassasin/../../samples/email/src/maildir/dasovich-j/all_documents/28758.
6.4/5.0	/home/xiang/Desktop/NewResearch/Projects/ZkregPlusAll/ZkregPlus/code/new_zkregplus/data/src_sig/spamassasin/../../samples/email/src/maildir/dasovich-j/all_documents/28857.
5.5/5.0	/home/xiang/Desktop/NewResearch/Projects/ZkregPlusAll/ZkregPlus/code/new_zkregplus/data/src_sig/spamassasin/../../samples/email/src/maildir/dasovich-j/all_documents/28811.
5.7/5.0	/home/xiang/Desktop/NewResearch/Projects/ZkregPlusAll/ZkregPlus/code/new_zkregplus/data/src_sig/spamassasin/../../samples/email/src/maildir/dasovich-j/all_documents/28870.
5.1/5.0	/home/xiang/Desktop/NewResearch/Projects/ZkregPlusAll/ZkregPlus/code/new_zkregplus/data/src_sig/spamassasin/../../samples/email/src/maildir/dasovich-j/all_documents/28872.
6.0/5.0	/home/xiang/Desktop/NewResearch/Projects/ZkregPlusAll/ZkregPlus/code/new_zkregplus/data/src_sig/spamassasin/../../samples/email/src/maildir/dasovich-j/all_documents/29037.
5.5/5.0	/home/xiang/Desktop/NewResearch/Projects/ZkregPlusAll/ZkregPlus/code/new_zkregplus/data/src_sig/spamassasin/../../samples/email/src/maildir/dasovich-j/all_documents/29040.
5.7/5.0	/home/xiang/Desktop/NewResearch/Projects/ZkregPlusAll/ZkregPlus/code/new_zkregplus/data/src_sig/spamassasin/../../samples/email/src/maildir/dasovich-j/all_documents/29086.
6.0/5.0	/home/xiang/Desktop/NewResearch/Projects/ZkregPlusAll/ZkregPlus/code/new_zkregplus/data/src_sig/spamassasin/../../samples/email/src/maildir/dasovich-j/all_documents/29100.
5.7/5.0	/home/xiang/Desktop/NewResearch/Projects/ZkregPlusAll/ZkregPlus/code/new_zkregplus/data/src_sig/spamassasin/../../samples/email/src/maildir/dasovich-j/all_documents/29129.
5.7/5.0	/home/xiang/Desktop/NewResearch/Projects/ZkregPlusAll/ZkregPlus/code/new_zkregplus/data/src_sig/spamassasin/../../samples/email/src/maildir/dasovich-j/all_documents/29174.
5.1/5.0	/home/xiang/Desktop/NewResearch/Projects/ZkregPlusAll/ZkregPlus/code/new_zkregplus/data/src_sig/spamassasin/../../samples/email/src/maildir/dasovich-j/all_documents/29108.
5.7/5.0	/home/xiang/Desktop/NewResearch/Projects/ZkregPlusAll/ZkregPlus/code/new_zkregplus/data/src_sig/spamassasin/../../samples/email/src/maildir/dasovich-j/all_documents/29155.
8.5/5.0	/home/xiang/Desktop/NewResearch/Projects/ZkregPlusAll/ZkregPlus/code/new_zkregplus/data/src_sig/spamassasin/../../samples/email/src/maildir/dasovich-j/all_documents/29195.
5.1/5.0	/home/xiang/Desktop/NewResearch/Projects/ZkregPlusAll/ZkregPlus/code/new_zkregplus/data/src_sig/spamassasin/../../samples/email/src/maildir/dasovich-j/all_documents/29220.
6.4/5.0	/home/xiang/Desktop/NewResearch/Projects/ZkregPlusAll/ZkregPlus/code/new_zkregplus/data/src_sig/spamassasin/../../samples/email/src/maildir/dasovich-j/all_documents/29196.
5.6/5.0	/home/xiang/Desktop/NewResearch/Projects/ZkregPlusAll/ZkregPlus/code/new_zkregplus/data/src_sig/spamassasin/../../samples/email/src/maildir/dasovich-j/all_documents/29212.
6.8/5.0	/home/xiang/Desktop/NewResearch/Projects/ZkregPlusAll/ZkregPlus/code/new_zkregplus/data/src_sig/spamassasin/../../samples/email/src/maildir/dasovich-j/all_documents/29335.
6.2/5.0	/home/xiang/Desktop/NewResearch/Projects/ZkregPlusAll/ZkregPlus/code/new_zkregplus/data/src_sig/spamassasin/../../samples/email/src/maildir/dasovich-j/all_documents/29314.
5.5/5.0	/home/xiang/Desktop/NewResearch/Projects/ZkregPlusAll/ZkregPlus/code/new_zkregplus/data/src_sig/spamassasin/../../samples/email/src/maildir/dasovich-j/all_documents/29319.
6.2/5.0	/home/xiang/Desktop/NewResearch/Projects/ZkregPlusAll/ZkregPlus/code/new_zkregplus/data/src_sig/spamassasin/../../samples/email/src/maildir/dasovich-j/all_documents/29338.
6.2/5.0	/home/xiang/Desktop/NewResearch/Projects/ZkregPlusAll/ZkregPlus/code/new_zkregplus/data/src_sig/spamassasin/../../samples/email/src/maildir/dasovich-j/all_documents/29334.
5.3/5.0	/home/xiang/Desktop/NewResearch/Projects/ZkregPlusAll/ZkregPlus/code/new_zkregplus/data/src_sig/spamassasin/../../samples/email/src/maildir/dasovich-j/all_documents/2994.
9.5/5.0	/home/xiang/Desktop/NewResearch/Projects/ZkregPlusAll/ZkregPlus/code/new_zkregplus/data/src_sig/spamassasin/../../samples/email/src/maildir/dasovich-j/all_documents/2992.
7.6/5.0	/home/xiang/Desktop/NewResearch/Projects/ZkregPlusAll/ZkregPlus/code/new_zkregplus/data/src_sig/spamassasin/../../samples/email/src/maildir/dasovich-j/all_documents/3040.
7.6/5.0	/home/xiang/Desktop/NewResearch/Projects/ZkregPlusAll/ZkregPlus/code/new_zkregplus/data/src_sig/spamassasin/../../samples/email/src/maildir/dasovich-j/all_documents/3113.
7.6/5.0	/home/xiang/Desktop/NewResearch/Projects/ZkregPlusAll/ZkregPlus/code/new_zkregplus/data/src_sig/spamassasin/../../samples/email/src/maildir/dasovich-j/all_documents/3196.
8.4/5.0	/home/xiang/Desktop/NewResearch/Projects/ZkregPlusAll/ZkregPlus/code/new_zkregplus/data/src_sig/spamassasin/../../samples/email/src/maildir/dasovich-j/all_documents/3324.
7.6/5.0	/home/xiang/Desktop/NewResearch/Projects/ZkregPlusAll/ZkregPlus/code/new_zkregplus/data/src_sig/spamassasin/../../samples/email/src/maildir/dasovich-j/all_documents/3413.
8.5/5.0	/home/xiang/Desktop/NewResearch/Projects/ZkregPlusAll/ZkregPlus/code/new_zkregplus/data/src_sig/spamassasin/../../samples/email/src/maildir/dasovich-j/all_documents/3588.
5.1/5.0	/home/xiang/Desktop/NewResearch/Projects/ZkregPlusAll/ZkregPlus/code/new_zkregplus/data/src_sig/spamassasin/../../samples/email/src/maildir/dasovich-j/all_documents/3900.
5.1/5.0	/home/xiang/Desktop/NewResearch/Projects/ZkregPlusAll/ZkregPlus/code/new_zkregplus/data/src_sig/spamassasin/../../samples/email/src/maildir/dasovich-j/all_documents/3961.
7.6/5.0	/home/xiang/Desktop/NewResearch/Projects/ZkregPlusAll/ZkregPlus/code/new_zkregplus/data/src_sig/spamassasin/../../samples/email/src/maildir/dasovich-j/all_documents/3996.
5.6/5.0	/home/xiang/Desktop/NewResearch/Projects/ZkregPlusAll/ZkregPlus/code/new_zkregplus/data/src_sig/spamassasin/../../samples/email/src/maildir/dasovich-j/all_documents/4193.
11.6/5.0	/home/xiang/Desktop/NewResearch/Projects/ZkregPlusAll/ZkregPlus/code/new_zkregplus/data/src_sig/spamassasin/../../samples/email/src/maildir/dasovich-j/all_documents/4141.
7.5/5.0	/home/xiang/Desktop/NewResearch/Projects/ZkregPlusAll/ZkregPlus/code/new_zkregplus/data/src_sig/spamassasin/../../samples/email/src/maildir/dasovich-j/all_documents/4269.
8.0/5.0	/home/xiang/Desktop/NewResearch/Projects/ZkregPlusAll/ZkregPlus/code/new_zkregplus/data/src_sig/spamassasin/../../samples/email/src/maildir/dasovich-j/all_documents/4318.
6.7/5.0	/home/xiang/Desktop/NewResearch/Projects/ZkregPlusAll/ZkregPlus/code/new_zkregplus/data/src_sig/spamassasin/../../samples/email/src/maildir/dasovich-j/all_documents/4419.
6.3/5.0	/home/xiang/Desktop/NewResearch/Projects/ZkregPlusAll/ZkregPlus/code/new_zkregplus/data/src_sig/spamassasin/../../samples/email/src/maildir/dasovich-j/all_documents/4527.
7.6/5.0	/home/xiang/Desktop/NewResearch/Projects/ZkregPlusAll/ZkregPlus/code/new_zkregplus/data/src_sig/spamassasin/../../samples/email/src/maildir/dasovich-j/all_documents/569.
8.0/5.0	/home/xiang/Desktop/NewResearch/Projects/ZkregPlusAll/ZkregPlus/code/new_zkregplus/data/src_sig/spamassasin/../../samples/email/src/maildir/dasovich-j/all_documents/575.
5.8/5.0	/home/xiang/Desktop/NewResearch/Projects/ZkregPlusAll/ZkregPlus/code/new_zkregplus/data/src_sig/spamassasin/../../samples/email/src/maildir/dasovich-j/all_documents/706.
5.1/5.0	/home/xiang/Desktop/NewResearch/Projects/ZkregPlusAll/ZkregPlus/code/new_zkregplus/data/src_sig/spamassasin/../../samples/email/src/maildir/dasovich-j/all_documents/822.
6.0/5.0	/home/xiang/Desktop/NewResearch/Projects/ZkregPlusAll/ZkregPlus/code/new_zkregplus/data/src_sig/spamassasin/../../samples/email/src/maildir/dasovich-j/all_documents/8325.
7.6/5.0	/home/xiang/Desktop/NewResearch/Projects/ZkregPlusAll/ZkregPlus/code/new_zkregplus/data/src_sig/spamassasin/../../samples/email/src/maildir/dasovich-j/all_documents/8327.
7.6/5.0	/home/xiang/Desktop/NewResearch/Projects/ZkregPlusAll/ZkregPlus/code/new_zkregplus/data/src_sig/spamassasin/../../samples/email/src/maildir/dasovich-j/all_documents/8354.
7.6/5.0	/home/xiang/Desktop/NewResearch/Projects/ZkregPlusAll/ZkregPlus/code/new_zkregplus/data/src_sig/spamassasin/../../samples/email/src/maildir/dasovich-j/all_documents/8344.
7.6/5.0	/home/xiang/Desktop/NewResearch/Projects/ZkregPlusAll/ZkregPlus/code/new_zkregplus/data/src_sig/spamassasin/../../samples/email/src/maildir/dasovich-j/all_documents/8366.
7.6/5.0	/home/xiang/Desktop/NewResearch/Projects/ZkregPlusAll/ZkregPlus/code/new_zkregplus/data/src_sig/spamassasin/../../samples/email/src/maildir/dasovich-j/all_documents/8406.
8.5/5.0	/home/xiang/Desktop/NewResearch/Projects/ZkregPlusAll/ZkregPlus/code/new_zkregplus/data/src_sig/spamassasin/../../samples/email/src/maildir/dasovich-j/all_documents/8681.
7.6/5.0	/home/xiang/Desktop/NewResearch/Projects/ZkregPlusAll/ZkregPlus/code/new_zkregplus/data/src_sig/spamassasin/../../samples/email/src/maildir/dasovich-j/all_documents/876.
8.5/5.0	/home/xiang/Desktop/NewResearch/Projects/ZkregPlusAll/ZkregPlus/code/new_zkregplus/data/src_sig/spamassasin/../../samples/email/src/maildir/dasovich-j/all_documents/8817.
5.1/5.0	/home/xiang/Desktop/NewResearch/Projects/ZkregPlusAll/ZkregPlus/code/new_zkregplus/data/src_sig/spamassasin/../../samples/email/src/maildir/dasovich-j/all_documents/8902.
5.1/5.0	/home/xiang/Desktop/NewResearch/Projects/ZkregPlusAll/ZkregPlus/code/new_zkregplus/data/src_sig/spamassasin/../../samples/email/src/maildir/dasovich-j/all_documents/8963.
7.6/5.0	/home/xiang/Desktop/NewResearch/Projects/ZkregPlusAll/ZkregPlus/code/new_zkregplus/data/src_sig/spamassasin/../../samples/email/src/maildir/dasovich-j/all_documents/985.
13.3/5.0	/home/xiang/Desktop/NewResearch/Projects/ZkregPlusAll/ZkregPlus/code/new_zkregplus/data/src_sig/spamassasin/../../samples/email/src/maildir/davis-d/deleted_items/354.
5.0/5.0	/home/xiang/Desktop/NewResearch/Projects/ZkregPlusAll/ZkregPlus/code/new_zkregplus/data/src_sig/spamassasin/../../samples/email/src/maildir/davis-d/deleted_items/123.
15.0/5.0	/home/xiang/Desktop/NewResearch/Projects/ZkregPlusAll/ZkregPlus/code/new_zkregplus/data/src_sig/spamassasin/../../samples/email/src/maildir/king-j/deleted_items/64.
5.0/5.0	/home/xiang/Desktop/NewResearch/Projects/ZkregPlusAll/ZkregPlus/code/new_zkregplus/data/src_sig/spamassasin/../../samples/email/src/maildir/king-j/deleted_items/289.
6.0/5.0	/home/xiang/Desktop/NewResearch/Projects/ZkregPlusAll/ZkregPlus/code/new_zkregplus/data/src_sig/spamassasin/../../samples/email/src/maildir/king-j/deleted_items/49.
6.0/5.0	/home/xiang/Desktop/NewResearch/Projects/ZkregPlusAll/ZkregPlus/code/new_zkregplus/data/src_sig/spamassasin/../../samples/email/src/maildir/king-j/deleted_items/232.
6.0/5.0	/home/xiang/Desktop/NewResearch/Projects/ZkregPlusAll/ZkregPlus/code/new_zkregplus/data/src_sig/spamassasin/../../samples/email/src/maildir/king-j/deleted_items/182.
5.5/5.0	/home/xiang/Desktop/NewResearch/Projects/ZkregPlusAll/ZkregPlus/code/new_zkregplus/data/src_sig/spamassasin/../../samples/email/src/maildir/king-j/deleted_items/76.
6.0/5.0	/home/xiang/Desktop/NewResearch/Projects/ZkregPlusAll/ZkregPlus/code/new_zkregplus/data/src_sig/spamassasin/../../samples/email/src/maildir/king-j/deleted_items/58.
6.0/5.0	/home/xiang/Desktop/NewResearch/Projects/ZkregPlusAll/ZkregPlus/code/new_zkregplus/data/src_sig/spamassasin/../../samples/email/src/maildir/king-j/deleted_items/280.
5.0/5.0	/home/xiang/Desktop/NewResearch/Projects/ZkregPlusAll/ZkregPlus/code/new_zkregplus/data/src_sig/spamassasin/../../samples/email/src/maildir/reitmeyer-j/inbox/60.
5.5/5.0	/home/xiang/Desktop/NewResearch/Projects/ZkregPlusAll/ZkregPlus/code/new_zkregplus/data/src_sig/spamassasin/../../samples/email/src/maildir/love-p/sent_items/239.
5.0/5.0	/home/xiang/Desktop/NewResearch/Projects/ZkregPlusAll/ZkregPlus/code/new_zkregplus/data/src_sig/spamassasin/../../samples/email/src/maildir/tholt-j/deleted_items/10.
8.1/5.0	/home/xiang/Desktop/NewResearch/Projects/ZkregPlusAll/ZkregPlus/code/new_zkregplus/data/src_sig/spamassasin/../../samples/email/src/maildir/tholt-j/deleted_items/21.
8.7/5.0	/home/xiang/Desktop/NewResearch/Projects/ZkregPlusAll/ZkregPlus/code/new_zkregplus/data/src_sig/spamassasin/../../samples/email/src/maildir/bass-e/discussion_threads/1021.
6.9/5.0	/home/xiang/Desktop/NewResearch/Projects/ZkregPlusAll/ZkregPlus/code/new_zkregplus/data/src_sig/spamassasin/../../samples/email/src/maildir/bass-e/discussion_threads/746.
5.5/5.0	/home/xiang/Desktop/NewResearch/Projects/ZkregPlusAll/ZkregPlus/code/new_zkregplus/data/src_sig/spamassasin/../../samples/email/src/maildir/bass-e/discussion_threads/1252.
5.7/5.0	/home/xiang/Desktop/NewResearch/Projects/ZkregPlusAll/ZkregPlus/code/new_zkregplus/data/src_sig/spamassasin/../../samples/email/src/maildir/bass-e/inbox/227.
5.7/5.0	/home/xiang/Desktop/NewResearch/Projects/ZkregPlusAll/ZkregPlus/code/new_zkregplus/data/src_sig/spamassasin/../../samples/email/src/maildir/bass-e/inbox/108.
5.7/5.0	/home/xiang/Desktop/NewResearch/Projects/ZkregPlusAll/ZkregPlus/code/new_zkregplus/data/src_sig/spamassasin/../../samples/email/src/maildir/bass-e/deleted_items/140.
5.7/5.0	/home/xiang/Desktop/NewResearch/Projects/ZkregPlusAll/ZkregPlus/code/new_zkregplus/data/src_sig/spamassasin/../../samples/email/src/maildir/bass-e/deleted_items/23.
5.7/5.0	/home/xiang/Desktop/NewResearch/Projects/ZkregPlusAll/ZkregPlus/code/new_zkregplus/data/src_sig/spamassasin/../../samples/email/src/maildir/bass-e/deleted_items/56.
5.7/5.0	/home/xiang/Desktop/NewResearch/Projects/ZkregPlusAll/ZkregPlus/code/new_zkregplus/data/src_sig/spamassasin/../../samples/email/src/maildir/bass-e/deleted_items/113.
6.9/5.0	/home/xiang/Desktop/NewResearch/Projects/ZkregPlusAll/ZkregPlus/code/new_zkregplus/data/src_sig/spamassasin/../../samples/email/src/maildir/bass-e/notes_inbox/445.
5.5/5.0	/home/xiang/Desktop/NewResearch/Projects/ZkregPlusAll/ZkregPlus/code/new_zkregplus/data/src_sig/spamassasin/../../samples/email/src/maildir/bass-e/notes_inbox/6.
8.7/5.0	/home/xiang/Desktop/NewResearch/Projects/ZkregPlusAll/ZkregPlus/code/new_zkregplus/data/src_sig/spamassasin/../../samples/email/src/maildir/bass-e/notes_inbox/207.
5.5/5.0	/home/xiang/Desktop/NewResearch/Projects/ZkregPlusAll/ZkregPlus/code/new_zkregplus/data/src_sig/spamassasin/../../samples/email/src/maildir/bass-e/all_documents/16.
6.9/5.0	/home/xiang/Desktop/NewResearch/Projects/ZkregPlusAll/ZkregPlus/code/new_zkregplus/data/src_sig/spamassasin/../../samples/email/src/maildir/bass-e/all_documents/531.
8.7/5.0	/home/xiang/Desktop/NewResearch/Projects/ZkregPlusAll/ZkregPlus/code/new_zkregplus/data/src_sig/spamassasin/../../samples/email/src/maildir/bass-e/all_documents/251.
5.1/5.0	/home/xiang/Desktop/NewResearch/Projects/ZkregPlusAll/ZkregPlus/code/new_zkregplus/data/src_sig/spamassasin/../../samples/email/src/maildir/germany-c/sent_items/458.
5.0/5.0	/home/xiang/Desktop/NewResearch/Projects/ZkregPlusAll/ZkregPlus/code/new_zkregplus/data/src_sig/spamassasin/../../samples/email/src/maildir/germany-c/inbox/221.
5.7/5.0	/home/xiang/Desktop/NewResearch/Projects/ZkregPlusAll/ZkregPlus/code/new_zkregplus/data/src_sig/spamassasin/../../samples/email/src/maildir/germany-c/deleted_items/70.
8.0/5.0	/home/xiang/Desktop/NewResearch/Projects/ZkregPlusAll/ZkregPlus/code/new_zkregplus/data/src_sig/spamassasin/../../samples/email/src/maildir/germany-c/bankrupt/7.
5.1/5.0	/home/xiang/Desktop/NewResearch/Projects/ZkregPlusAll/ZkregPlus/code/new_zkregplus/data/src_sig/spamassasin/../../samples/email/src/maildir/germany-c/bankrupt/32.
5.0/5.0	/home/xiang/Desktop/NewResearch/Projects/ZkregPlusAll/ZkregPlus/code/new_zkregplus/data/src_sig/spamassasin/../../samples/email/src/maildir/carson-m/inbox/73.
6.5/5.0	/home/xiang/Desktop/NewResearch/Projects/ZkregPlusAll/ZkregPlus/code/new_zkregplus/data/src_sig/spamassasin/../../samples/email/src/maildir/carson-m/inbox/60.
5.5/5.0	/home/xiang/Desktop/NewResearch/Projects/ZkregPlusAll/ZkregPlus/code/new_zkregplus/data/src_sig/spamassasin/../../samples/email/src/maildir/carson-m/deleted_items/239.
5.6/5.0	/home/xiang/Desktop/NewResearch/Projects/ZkregPlusAll/ZkregPlus/code/new_zkregplus/data/src_sig/spamassasin/../../samples/email/src/maildir/carson-m/deleted_items/213.
5.1/5.0	/home/xiang/Desktop/NewResearch/Projects/ZkregPlusAll/ZkregPlus/code/new_zkregplus/data/src_sig/spamassasin/../../samples/email/src/maildir/carson-m/deleted_items/17.
5.1/5.0	/home/xiang/Desktop/NewResearch/Projects/ZkregPlusAll/ZkregPlus/code/new_zkregplus/data/src_sig/spamassasin/../../samples/email/src/maildir/carson-m/deleted_items/300.
5.2/5.0	/home/xiang/Desktop/NewResearch/Projects/ZkregPlusAll/ZkregPlus/code/new_zkregplus/data/src_sig/spamassasin/../../samples/email/src/maildir/carson-m/deleted_items/8.
5.3/5.0	/home/xiang/Desktop/NewResearch/Projects/ZkregPlusAll/ZkregPlus/code/new_zkregplus/data/src_sig/spamassasin/../../samples/email/src/maildir/carson-m/deleted_items/107.
15.0/5.0	/home/xiang/Desktop/NewResearch/Projects/ZkregPlusAll/ZkregPlus/code/new_zkregplus/data/src_sig/spamassasin/../../samples/email/src/maildir/carson-m/deleted_items/62.
5.5/5.0	/home/xiang/Desktop/NewResearch/Projects/ZkregPlusAll/ZkregPlus/code/new_zkregplus/data/src_sig/spamassasin/../../samples/email/src/maildir/carson-m/deleted_items/201.
7.8/5.0	/home/xiang/Desktop/NewResearch/Projects/ZkregPlusAll/ZkregPlus/code/new_zkregplus/data/src_sig/spamassasin/../../samples/email/src/maildir/carson-m/deleted_items/68.
5.3/5.0	/home/xiang/Desktop/NewResearch/Projects/ZkregPlusAll/ZkregPlus/code/new_zkregplus/data/src_sig/spamassasin/../../samples/email/src/maildir/carson-m/deleted_items/76.
5.1/5.0	/home/xiang/Desktop/NewResearch/Projects/ZkregPlusAll/ZkregPlus/code/new_zkregplus/data/src_sig/spamassasin/../../samples/email/src/maildir/carson-m/deleted_items/224.
5.0/5.0	/home/xiang/Desktop/NewResearch/Projects/ZkregPlusAll/ZkregPlus/code/new_zkregplus/data/src_sig/spamassasin/../../samples/email/src/maildir/staab-t/deleted_items/256.
8.2/5.0	/home/xiang/Desktop/NewResearch/Projects/ZkregPlusAll/ZkregPlus/code/new_zkregplus/data/src_sig/spamassasin/../../samples/email/src/maildir/corman-s/sent_items/38.
8.4/5.0	/home/xiang/Desktop/NewResearch/Projects/ZkregPlusAll/ZkregPlus/code/new_zkregplus/data/src_sig/spamassasin/../../samples/email/src/maildir/corman-s/inbox/archives/69.
6.6/5.0	/home/xiang/Desktop/NewResearch/Projects/ZkregPlusAll/ZkregPlus/code/new_zkregplus/data/src_sig/spamassasin/../../samples/email/src/maildir/corman-s/inbox/archives/104.
6.6/5.0	/home/xiang/Desktop/NewResearch/Projects/ZkregPlusAll/ZkregPlus/code/new_zkregplus/data/src_sig/spamassasin/../../samples/email/src/maildir/corman-s/inbox/archives/154.
6.6/5.0	/home/xiang/Desktop/NewResearch/Projects/ZkregPlusAll/ZkregPlus/code/new_zkregplus/data/src_sig/spamassasin/../../samples/email/src/maildir/corman-s/inbox/archives/131.
6.4/5.0	/home/xiang/Desktop/NewResearch/Projects/ZkregPlusAll/ZkregPlus/code/new_zkregplus/data/src_sig/spamassasin/../../samples/email/src/maildir/corman-s/inbox/archives/348.
5.3/5.0	/home/xiang/Desktop/NewResearch/Projects/ZkregPlusAll/ZkregPlus/code/new_zkregplus/data/src_sig/spamassasin/../../samples/email/src/maildir/corman-s/inbox/archives/453.
6.6/5.0	/home/xiang/Desktop/NewResearch/Projects/ZkregPlusAll/ZkregPlus/code/new_zkregplus/data/src_sig/spamassasin/../../samples/email/src/maildir/corman-s/inbox/archives/176.
6.6/5.0	/home/xiang/Desktop/NewResearch/Projects/ZkregPlusAll/ZkregPlus/code/new_zkregplus/data/src_sig/spamassasin/../../samples/email/src/maildir/corman-s/inbox/archives/76.
8.0/5.0	/home/xiang/Desktop/NewResearch/Projects/ZkregPlusAll/ZkregPlus/code/new_zkregplus/data/src_sig/spamassasin/../../samples/email/src/maildir/corman-s/inbox/archives/167.
6.6/5.0	/home/xiang/Desktop/NewResearch/Projects/ZkregPlusAll/ZkregPlus/code/new_zkregplus/data/src_sig/spamassasin/../../samples/email/src/maildir/corman-s/deleted_items/255.
5.3/5.0	/home/xiang/Desktop/NewResearch/Projects/ZkregPlusAll/ZkregPlus/code/new_zkregplus/data/src_sig/spamassasin/../../samples/email/src/maildir/corman-s/deleted_items/54.
5.7/5.0	/home/xiang/Desktop/NewResearch/Projects/ZkregPlusAll/ZkregPlus/code/new_zkregplus/data/src_sig/spamassasin/../../samples/email/src/maildir/corman-s/deleted_items/202.
5.3/5.0	/home/xiang/Desktop/NewResearch/Projects/ZkregPlusAll/ZkregPlus/code/new_zkregplus/data/src_sig/spamassasin/../../samples/email/src/maildir/corman-s/deleted_items/264.
7.5/5.0	/home/xiang/Desktop/NewResearch/Projects/ZkregPlusAll/ZkregPlus/code/new_zkregplus/data/src_sig/spamassasin/../../samples/email/src/maildir/corman-s/deleted_items/67.
5.7/5.0	/home/xiang/Desktop/NewResearch/Projects/ZkregPlusAll/ZkregPlus/code/new_zkregplus/data/src_sig/spamassasin/../../samples/email/src/maildir/corman-s/deleted_items/39.
5.7/5.0	/home/xiang/Desktop/NewResearch/Projects/ZkregPlusAll/ZkregPlus/code/new_zkregplus/data/src_sig/spamassasin/../../samples/email/src/maildir/corman-s/deleted_items/68.
6.4/5.0	/home/xiang/Desktop/NewResearch/Projects/ZkregPlusAll/ZkregPlus/code/new_zkregplus/data/src_sig/spamassasin/../../samples/email/src/maildir/corman-s/deleted_items/47.
5.7/5.0	/home/xiang/Desktop/NewResearch/Projects/ZkregPlusAll/ZkregPlus/code/new_zkregplus/data/src_sig/spamassasin/../../samples/email/src/maildir/corman-s/deleted_items/65.
10.9/5.0	/home/xiang/Desktop/NewResearch/Projects/ZkregPlusAll/ZkregPlus/code/new_zkregplus/data/src_sig/spamassasin/../../samples/email/src/maildir/corman-s/deleted_items/3.
6.4/5.0	/home/xiang/Desktop/NewResearch/Projects/ZkregPlusAll/ZkregPlus/code/new_zkregplus/data/src_sig/spamassasin/../../samples/email/src/maildir/corman-s/deleted_items/37.
6.0/5.0	/home/xiang/Desktop/NewResearch/Projects/ZkregPlusAll/ZkregPlus/code/new_zkregplus/data/src_sig/spamassasin/../../samples/email/src/maildir/beck-s/inbox/717.
10.3/5.0	/home/xiang/Desktop/NewResearch/Projects/ZkregPlusAll/ZkregPlus/code/new_zkregplus/data/src_sig/spamassasin/../../samples/email/src/maildir/beck-s/inbox/748.
5.0/5.0	/home/xiang/Desktop/NewResearch/Projects/ZkregPlusAll/ZkregPlus/code/new_zkregplus/data/src_sig/spamassasin/../../samples/email/src/maildir/beck-s/inbox/751.
5.6/5.0	/home/xiang/Desktop/NewResearch/Projects/ZkregPlusAll/ZkregPlus/code/new_zkregplus/data/src_sig/spamassasin/../../samples/email/src/maildir/beck-s/inbox/253.
6.0/5.0	/home/xiang/Desktop/NewResearch/Projects/ZkregPlusAll/ZkregPlus/code/new_zkregplus/data/src_sig/spamassasin/../../samples/email/src/maildir/beck-s/inbox/740.
9.0/5.0	/home/xiang/Desktop/NewResearch/Projects/ZkregPlusAll/ZkregPlus/code/new_zkregplus/data/src_sig/spamassasin/../../samples/email/src/maildir/beck-s/deleted_items/249.
5.7/5.0	/home/xiang/Desktop/NewResearch/Projects/ZkregPlusAll/ZkregPlus/code/new_zkregplus/data/src_sig/spamassasin/../../samples/email/src/maildir/beck-s/deleted_items/139.
5.7/5.0	/home/xiang/Desktop/NewResearch/Projects/ZkregPlusAll/ZkregPlus/code/new_zkregplus/data/src_sig/spamassasin/../../samples/email/src/maildir/beck-s/deleted_items/250.
