14100	0	data/samples/email/src/maildir/watson-k/inbox/77.
9500	0	data/samples/email/src/maildir/watson-k/sent_items/174.
8000	0	data/samples/email/src/maildir/tycholiz-b/inbox/112.
6600	0	data/samples/email/src/maildir/kaminski-v/sent_items/2644.
6380	0	data/samples/email/src/maildir/bass-e/all_documents/269.
6380	0	data/samples/email/src/maildir/bass-e/discussion_threads/1003.
6380	0	data/samples/email/src/maildir/bass-e/notes_inbox/223.
6320	0	data/samples/email/src/maildir/ruscitti-k/inbox/19.
5680	0	data/samples/email/src/maildir/heard-m/inbox/master_netting/230.
4580	0	data/samples/email/src/maildir/nemec-g/all_documents/260.
4580	0	data/samples/email/src/maildir/nemec-g/sent/255.
4560	0	data/samples/email/src/maildir/baughman-d/inbox/179.
4560	0	data/samples/email/src/maildir/kitchen-l/deleted_items/149.
4320	0	data/samples/email/src/maildir/lewis-a/all_documents/35.
4320	0	data/samples/email/src/maildir/lewis-a/discussion_threads/135.
4320	0	data/samples/email/src/maildir/lewis-a/notes_inbox/27.
4280	0	data/samples/email/src/maildir/hyvl-d/all_documents/1574.
4280	0	data/samples/email/src/maildir/hyvl-d/sent/594.
4280	0	data/samples/email/src/maildir/nemec-g/all_documents/6437.
4280	0	data/samples/email/src/maildir/nemec-g/notes_inbox/1170.
4140	0	data/samples/email/src/maildir/cash-m/inbox/222.
4120	0	data/samples/email/src/maildir/fossum-d/_sent_mail/926.
4120	0	data/samples/email/src/maildir/fossum-d/all_documents/1440.
4120	0	data/samples/email/src/maildir/fossum-d/discussion_threads/1015.
4120	0	data/samples/email/src/maildir/fossum-d/sent/999.
3920	0	data/samples/email/src/maildir/dasovich-j/all_documents/11237.
3920	0	data/samples/email/src/maildir/dasovich-j/notes_inbox/4188.
3920	0	data/samples/email/src/maildir/kitchen-l/_americas/netco_restart/36.
3800	0	data/samples/email/src/maildir/lavorato-j/old_inbox/35.
3720	0	data/samples/email/src/maildir/dasovich-j/all_documents/8681.
3720	0	data/samples/email/src/maildir/dasovich-j/notes_inbox/5594.
3320	0	data/samples/email/src/maildir/heard-m/inbox/master_netting/232.
3320	0	data/samples/email/src/maildir/steffes-j/sent_items/689.
3260	0	data/samples/email/src/maildir/mckay-b/inbox/51.
3240	0	data/samples/email/src/maildir/lenhart-m/all_documents/2979.
3240	0	data/samples/email/src/maildir/lenhart-m/discussion_threads/632.
3240	0	data/samples/email/src/maildir/lenhart-m/inbox/1.
3240	0	data/samples/email/src/maildir/lenhart-m/inbox/3.
3240	0	data/samples/email/src/maildir/lenhart-m/notes_inbox/34.
3240	0	data/samples/email/src/maildir/mclaughlin-e/deleted_items/310.
3240	0	data/samples/email/src/maildir/mclaughlin-e/private_folders/personal_stuff/51.
3200	0	data/samples/email/src/maildir/allen-p/inbox/64.
3060	0	data/samples/email/src/maildir/blair-l/deleted_items/539.
3020	0	data/samples/email/src/maildir/allen-p/deleted_items/46.
3020	0	data/samples/email/src/maildir/ermis-f/inbox/182.
3020	0	data/samples/email/src/maildir/gay-r/deleted_items/9.
3020	0	data/samples/email/src/maildir/tholt-j/inbox/41.
3000	0	data/samples/email/src/maildir/allen-p/deleted_items/445.
3000	0	data/samples/email/src/maildir/allen-p/inbox/63.
3000	0	data/samples/email/src/maildir/allen-p/inbox/87.
2920	0	data/samples/email/src/maildir/shackleton-s/all_documents/10218.
2920	0	data/samples/email/src/maildir/shackleton-s/notes_inbox/2677.
2920	0	data/samples/email/src/maildir/smith-m/_sent_mail/198.
2920	0	data/samples/email/src/maildir/smith-m/all_documents/248.
2920	0	data/samples/email/src/maildir/smith-m/all_documents/42.
2920	0	data/samples/email/src/maildir/smith-m/discussion_threads/21.
2920	0	data/samples/email/src/maildir/smith-m/discussion_threads/89.
2920	0	data/samples/email/src/maildir/smith-m/sent/31.
2920	0	data/samples/email/src/maildir/taylor-m/all_documents/8548.
2920	0	data/samples/email/src/maildir/taylor-m/stored_messages/85.
2900	0	data/samples/email/src/maildir/kitchen-l/_americas/sec_media/62.
2860	0	data/samples/email/src/maildir/kean-s/deleted_items/10.
2860	0	data/samples/email/src/maildir/thomas-p/deleted_items/555.
2800	0	data/samples/email/src/maildir/kaminski-v/deleted_items/950.
2780	0	data/samples/email/src/maildir/thomas-p/deleted_items/248.
2720	0	data/samples/email/src/maildir/smith-m/_sent_mail/413.
2720	0	data/samples/email/src/maildir/smith-m/all_documents/249.
2720	0	data/samples/email/src/maildir/smith-m/discussion_threads/90.
2720	0	data/samples/email/src/maildir/smith-m/sent/229.
2720	0	data/samples/email/src/maildir/taylor-m/all_documents/8561.
2720	0	data/samples/email/src/maildir/taylor-m/all_documents/8562.
2720	0	data/samples/email/src/maildir/taylor-m/travel/116.
2720	0	data/samples/email/src/maildir/taylor-m/travel/117.
2700	0	data/samples/email/src/maildir/taylor-m/all_documents/2729.
2700	0	data/samples/email/src/maildir/taylor-m/sent/1203.
2600	0	data/samples/email/src/maildir/arnold-j/_sent_mail/917.
2600	0	data/samples/email/src/maildir/arnold-j/all_documents/1157.
2600	0	data/samples/email/src/maildir/arnold-j/discussion_threads/320.
2600	0	data/samples/email/src/maildir/arnold-j/sent/921.
2600	0	data/samples/email/src/maildir/griffith-j/all_documents/171.
2600	0	data/samples/email/src/maildir/griffith-j/benefits/3.
2600	0	data/samples/email/src/maildir/griffith-j/discussion_threads/159.
2600	0	data/samples/email/src/maildir/hernandez-j/all_documents/57.
2600	0	data/samples/email/src/maildir/hernandez-j/discussion_threads/57.
2600	0	data/samples/email/src/maildir/hernandez-j/private_folders/judy/21.
2600	0	data/samples/email/src/maildir/hyvl-d/all_documents/782.
2600	0	data/samples/email/src/maildir/hyvl-d/miscellaneous/sap/22.
2600	0	data/samples/email/src/maildir/jones-t/all_documents/146.
2600	0	data/samples/email/src/maildir/jones-t/all_documents/9570.
2600	0	data/samples/email/src/maildir/jones-t/notes_inbox/3149.
2600	0	data/samples/email/src/maildir/jones-t/sent/146.
2600	0	data/samples/email/src/maildir/kaminski-v/all_documents/2277.
2600	0	data/samples/email/src/maildir/kaminski-v/c/mangmt/ene_ect/93.
2600	0	data/samples/email/src/maildir/kaminski-v/discussion_threads/2493.
2600	0	data/samples/email/src/maildir/kean-s/all_documents/6032.
2600	0	data/samples/email/src/maildir/kean-s/archiving/untitled/6031.
2600	0	data/samples/email/src/maildir/kean-s/attachments/1005.
2600	0	data/samples/email/src/maildir/kean-s/calendar/untitled/7332.
2600	0	data/samples/email/src/maildir/kean-s/discussion_threads/2298.
2600	0	data/samples/email/src/maildir/kean-s/organization/20.
2600	0	data/samples/email/src/maildir/lokay-m/all_documents/1976.
2600	0	data/samples/email/src/maildir/lokay-m/corporate/449.
2600	0	data/samples/email/src/maildir/mann-k/all_documents/3037.
2600	0	data/samples/email/src/maildir/mann-k/discussion_threads/2157.
2600	0	data/samples/email/src/maildir/mann-k/general_stuff/73.
2600	0	data/samples/email/src/maildir/nemec-g/all_documents/4552.
2600	0	data/samples/email/src/maildir/nemec-g/all_documents/5048.
2600	0	data/samples/email/src/maildir/nemec-g/notes_inbox/2132.
2600	0	data/samples/email/src/maildir/nemec-g/notes_inbox/2519.
2600	0	data/samples/email/src/maildir/schwieger-j/all_documents/17.
2600	0	data/samples/email/src/maildir/schwieger-j/discussion_threads/15.
2600	0	data/samples/email/src/maildir/schwieger-j/personal/44.
2600	0	data/samples/email/src/maildir/symes-k/all_documents/977.
2600	0	data/samples/email/src/maildir/symes-k/corporate_comm/104.
2600	0	data/samples/email/src/maildir/symes-k/discussion_threads/934.
2600	0	data/samples/email/src/maildir/taylor-m/all_documents/7424.
2600	0	data/samples/email/src/maildir/taylor-m/inbox/137.
2600	0	data/samples/email/src/maildir/taylor-m/notes_inbox/2699.
2600	0	data/samples/email/src/maildir/weldon-c/all_documents/96.
2600	0	data/samples/email/src/maildir/weldon-c/discussion_threads/56.
2600	0	data/samples/email/src/maildir/weldon-c/misc_/23.
2600	0	data/samples/email/src/maildir/williams-j/deleted_items/272.
2520	0	data/samples/email/src/maildir/mann-k/_sent_mail/3231.
2520	0	data/samples/email/src/maildir/mann-k/all_documents/1356.
2520	0	data/samples/email/src/maildir/mann-k/all_documents/1363.
2520	0	data/samples/email/src/maildir/mann-k/chicago/80.
2520	0	data/samples/email/src/maildir/mann-k/discussion_threads/951.
2520	0	data/samples/email/src/maildir/mann-k/discussion_threads/955.
2520	0	data/samples/email/src/maildir/mann-k/sent/1053.
2520	0	data/samples/email/src/maildir/semperger-c/sent_items/138.
2520	0	data/samples/email/src/maildir/semperger-c/sent_items/7.
2420	0	data/samples/email/src/maildir/blair-l/sent_items/569.
2420	0	data/samples/email/src/maildir/blair-l/tw___transactional_requirements/6.
2420	0	data/samples/email/src/maildir/blair-l/tw___transactional_requirements/7.
2420	0	data/samples/email/src/maildir/dasovich-j/all_documents/29146.
2420	0	data/samples/email/src/maildir/dasovich-j/notes_inbox/11653.
2420	0	data/samples/email/src/maildir/watson-k/sent_items/85.
2400	0	data/samples/email/src/maildir/lay-k/_sent/258.
2400	0	data/samples/email/src/maildir/lay-k/all_documents/1124.
2400	0	data/samples/email/src/maildir/lay-k/sent/184.
2360	0	data/samples/email/src/maildir/farmer-d/deleted_items/365.
2360	0	data/samples/email/src/maildir/weldon-c/deleted_items/63.
2360	0	data/samples/email/src/maildir/whalley-l/all_documents/654.
2360	0	data/samples/email/src/maildir/whalley-l/discussion_threads/522.
2360	0	data/samples/email/src/maildir/whalley-l/notes_inbox/311.
2360	0	data/samples/email/src/maildir/white-s/deleted_items/313.
2320	0	data/samples/email/src/maildir/bass-e/all_documents/493.
2320	0	data/samples/email/src/maildir/bass-e/discussion_threads/781.
2320	0	data/samples/email/src/maildir/bass-e/notes_inbox/415.
2320	0	data/samples/email/src/maildir/beck-s/all_documents/945.
2320	0	data/samples/email/src/maildir/beck-s/discussion_threads/2097.
2320	0	data/samples/email/src/maildir/beck-s/notes_inbox/151.
2320	0	data/samples/email/src/maildir/campbell-l/all_documents/920.
2320	0	data/samples/email/src/maildir/campbell-l/discussion_threads/797.
2320	0	data/samples/email/src/maildir/campbell-l/notes_inbox/375.
2320	0	data/samples/email/src/maildir/carson-m/_sent_mail/11.
2320	0	data/samples/email/src/maildir/carson-m/all_documents/168.
2320	0	data/samples/email/src/maildir/carson-m/discussion_threads/80.
2320	0	data/samples/email/src/maildir/carson-m/sent/166.
2320	0	data/samples/email/src/maildir/donohoe-t/all_documents/93.
2320	0	data/samples/email/src/maildir/donohoe-t/discussion_threads/93.
2320	0	data/samples/email/src/maildir/donohoe-t/notes_inbox/93.
2320	0	data/samples/email/src/maildir/ermis-f/all_documents/89.
2320	0	data/samples/email/src/maildir/ermis-f/discussion_threads/97.
2320	0	data/samples/email/src/maildir/ermis-f/notes_inbox/88.
2320	0	data/samples/email/src/maildir/fossum-d/all_documents/791.
2320	0	data/samples/email/src/maildir/fossum-d/discussion_threads/540.
2320	0	data/samples/email/src/maildir/fossum-d/notes_inbox/248.
2320	0	data/samples/email/src/maildir/germany-c/_sent_mail/907.
2320	0	data/samples/email/src/maildir/germany-c/_sent_mail/909.
2320	0	data/samples/email/src/maildir/germany-c/all_documents/1036.
2320	0	data/samples/email/src/maildir/germany-c/all_documents/1037.
2320	0	data/samples/email/src/maildir/germany-c/all_documents/1038.
2320	0	data/samples/email/src/maildir/germany-c/all_documents/1040.
2320	0	data/samples/email/src/maildir/germany-c/all_documents/1043.
2320	0	data/samples/email/src/maildir/germany-c/appala/26.
2320	0	data/samples/email/src/maildir/germany-c/appala/27.
2320	0	data/samples/email/src/maildir/germany-c/appala/28.
2320	0	data/samples/email/src/maildir/germany-c/discussion_threads/1454.
2320	0	data/samples/email/src/maildir/germany-c/discussion_threads/1456.
2320	0	data/samples/email/src/maildir/germany-c/discussion_threads/1458.
2320	0	data/samples/email/src/maildir/germany-c/discussion_threads/1459.
2320	0	data/samples/email/src/maildir/germany-c/discussion_threads/1460.
2320	0	data/samples/email/src/maildir/germany-c/sent/637.
2320	0	data/samples/email/src/maildir/germany-c/sent/639.
2320	0	data/samples/email/src/maildir/hayslett-r/all_documents/279.
2320	0	data/samples/email/src/maildir/hayslett-r/discussion_threads/251.
2320	0	data/samples/email/src/maildir/hayslett-r/notes_inbox/156.
2320	0	data/samples/email/src/maildir/hernandez-j/all_documents/393.
2320	0	data/samples/email/src/maildir/hernandez-j/discussion_threads/397.
2320	0	data/samples/email/src/maildir/hernandez-j/notes_inbox/293.
2320	0	data/samples/email/src/maildir/jones-t/all_documents/5416.
2320	0	data/samples/email/src/maildir/jones-t/notes_inbox/2629.
2320	0	data/samples/email/src/maildir/kaminski-v/_sent_mail/1440.
2320	0	data/samples/email/src/maildir/kaminski-v/all_documents/3087.
2320	0	data/samples/email/src/maildir/kaminski-v/discussion_threads/1923.
2320	0	data/samples/email/src/maildir/kaminski-v/sent/1439.
2320	0	data/samples/email/src/maildir/keavey-p/all_documents/116.
2320	0	data/samples/email/src/maildir/keavey-p/discussion_threads/80.
2320	0	data/samples/email/src/maildir/keavey-p/notes_inbox/111.
2320	0	data/samples/email/src/maildir/lokay-m/all_documents/840.
2320	0	data/samples/email/src/maildir/lokay-m/corporate/203.
2320	0	data/samples/email/src/maildir/lokay-m/discussion_threads/792.
2320	0	data/samples/email/src/maildir/nemec-g/all_documents/2012.
2320	0	data/samples/email/src/maildir/nemec-g/notes_inbox/1023.
2320	0	data/samples/email/src/maildir/ruscitti-k/all_documents/42.
2320	0	data/samples/email/src/maildir/ruscitti-k/discussion_threads/172.
2320	0	data/samples/email/src/maildir/ruscitti-k/notes_inbox/32.
2320	0	data/samples/email/src/maildir/scott-s/all_documents/1230.
2320	0	data/samples/email/src/maildir/scott-s/discussion_threads/1274.
2320	0	data/samples/email/src/maildir/scott-s/notes_inbox/401.
2320	0	data/samples/email/src/maildir/semperger-c/deleted_items/8.
2320	0	data/samples/email/src/maildir/shackleton-s/all_documents/4712.
2320	0	data/samples/email/src/maildir/shackleton-s/notes_inbox/309.
2320	0	data/samples/email/src/maildir/symes-k/all_documents/207.
2320	0	data/samples/email/src/maildir/symes-k/corporate_comm/17.
2320	0	data/samples/email/src/maildir/symes-k/discussion_threads/201.
2320	0	data/samples/email/src/maildir/whalley-l/all_documents/657.
2320	0	data/samples/email/src/maildir/whalley-l/discussion_threads/519.
2320	0	data/samples/email/src/maildir/whalley-l/notes_inbox/314.
2300	0	data/samples/email/src/maildir/shackleton-s/all_documents/9457.
2300	0	data/samples/email/src/maildir/shackleton-s/nelson/10.
2260	0	data/samples/email/src/maildir/dasovich-j/all_documents/3512.
2260	0	data/samples/email/src/maildir/dasovich-j/notes_inbox/1704.
2220	0	data/samples/email/src/maildir/jones-t/all_documents/536.
2220	0	data/samples/email/src/maildir/jones-t/sent/515.
2200	0	data/samples/email/src/maildir/baughman-d/all_documents/123.
2200	0	data/samples/email/src/maildir/baughman-d/discussion_threads/122.
2200	0	data/samples/email/src/maildir/baughman-d/ect_admin/44.
2200	0	data/samples/email/src/maildir/beck-s/all_documents/301.
2200	0	data/samples/email/src/maildir/beck-s/discussion_threads/268.
2200	0	data/samples/email/src/maildir/farmer-d/all_documents/3604.
2200	0	data/samples/email/src/maildir/farmer-d/discussion_threads/4513.
2200	0	data/samples/email/src/maildir/farmer-d/enron_news/154.
2200	0	data/samples/email/src/maildir/griffith-j/all_documents/263.
2200	0	data/samples/email/src/maildir/griffith-j/discussion_threads/244.
2200	0	data/samples/email/src/maildir/griffith-j/taxes/2.
2200	0	data/samples/email/src/maildir/hain-m/all_documents/1107.
2200	0	data/samples/email/src/maildir/hain-m/discussion_threads/205.
2200	0	data/samples/email/src/maildir/hain-m/notes_inbox/848.
2200	0	data/samples/email/src/maildir/hodge-j/all_documents/41.
2200	0	data/samples/email/src/maildir/hodge-j/discussion_threads/35.
2200	0	data/samples/email/src/maildir/kaminski-v/_sent_mail/825.
2200	0	data/samples/email/src/maildir/kaminski-v/_sent_mail/826.
2200	0	data/samples/email/src/maildir/kaminski-v/all_documents/1750.
2200	0	data/samples/email/src/maildir/kaminski-v/all_documents/1752.
2200	0	data/samples/email/src/maildir/kaminski-v/discussion_threads/2873.
2200	0	data/samples/email/src/maildir/kaminski-v/discussion_threads/2875.
2200	0	data/samples/email/src/maildir/kaminski-v/sent/824.
2200	0	data/samples/email/src/maildir/kaminski-v/sent/825.
2200	0	data/samples/email/src/maildir/kitchen-l/_americas/hr/225.
2200	0	data/samples/email/src/maildir/lokay-m/all_documents/2125.
2200	0	data/samples/email/src/maildir/lokay-m/corporate/475.
2200	0	data/samples/email/src/maildir/mann-k/all_documents/3375.
2200	0	data/samples/email/src/maildir/mann-k/discussion_threads/2377.
2200	0	data/samples/email/src/maildir/mann-k/general_stuff/84.
2200	0	data/samples/email/src/maildir/mclaughlin-e/all_documents/133.
2200	0	data/samples/email/src/maildir/mclaughlin-e/discussion_threads/124.
2200	0	data/samples/email/src/maildir/mclaughlin-e/private_folders/corp_info_announcements/24.
2200	0	data/samples/email/src/maildir/neal-s/_sent_mail/189.
2200	0	data/samples/email/src/maildir/neal-s/all_documents/252.
2200	0	data/samples/email/src/maildir/neal-s/discussion_threads/241.
2200	0	data/samples/email/src/maildir/neal-s/sent/121.
2200	0	data/samples/email/src/maildir/nemec-g/all_documents/4771.
2200	0	data/samples/email/src/maildir/nemec-g/notes_inbox/2341.
2200	0	data/samples/email/src/maildir/taylor-m/all_documents/7648.
2200	0	data/samples/email/src/maildir/taylor-m/notes_inbox/2526.
2200	0	data/samples/email/src/maildir/townsend-j/_sent_mail/19.
2200	0	data/samples/email/src/maildir/townsend-j/all_documents/60.
2200	0	data/samples/email/src/maildir/townsend-j/discussion_threads/22.
2200	0	data/samples/email/src/maildir/townsend-j/sent/13.
2200	0	data/samples/email/src/maildir/weldon-c/all_documents/172.
2200	0	data/samples/email/src/maildir/weldon-c/discussion_threads/92.
2200	0	data/samples/email/src/maildir/weldon-c/sent/143.
2200	0	data/samples/email/src/maildir/wolfe-j/deleted_items/16.
2120	0	data/samples/email/src/maildir/giron-d/deleted_items/97.
2120	0	data/samples/email/src/maildir/giron-d/deleted_items/98.
2120	0	data/samples/email/src/maildir/giron-d/sent_items/62.
2120	0	data/samples/email/src/maildir/love-p/deleted_items/154.
2120	0	data/samples/email/src/maildir/love-p/sent_items/136.
2100	0	data/samples/email/src/maildir/delainey-d/_sent_mail/580.
2100	0	data/samples/email/src/maildir/delainey-d/all_documents/615.
2100	0	data/samples/email/src/maildir/delainey-d/discussion_threads/89.
2100	0	data/samples/email/src/maildir/delainey-d/sent/584.
2100	0	data/samples/email/src/maildir/kaminski-v/all_documents/5332.
2100	0	data/samples/email/src/maildir/kaminski-v/c/mangmt/group/management/394.
2100	0	data/samples/email/src/maildir/kaminski-v/discussion_threads/261.
2100	0	data/samples/email/src/maildir/shackleton-s/all_documents/9458.
2100	0	data/samples/email/src/maildir/shackleton-s/notes_inbox/3119.
2000	0	data/samples/email/src/maildir/love-p/_sent_mail/262.
2000	0	data/samples/email/src/maildir/love-p/all_documents/342.
2000	0	data/samples/email/src/maildir/love-p/sent/262.
2000	0	data/samples/email/src/maildir/scott-s/inbox/226.
2000	0	data/samples/email/src/maildir/white-s/deleted_items/910.
1920	0	data/samples/email/src/maildir/dasovich-j/all_documents/12673.
1920	0	data/samples/email/src/maildir/dasovich-j/notes_inbox/3237.
1900	0	data/samples/email/src/maildir/sanders-r/all_documents/7649.
1900	0	data/samples/email/src/maildir/sanders-r/sent/4240.
1860	0	data/samples/email/src/maildir/kaminski-v/_sent_mail/3950.
1860	0	data/samples/email/src/maildir/kaminski-v/_sent_mail/3974.
1860	0	data/samples/email/src/maildir/kaminski-v/_sent_mail/3981.
1860	0	data/samples/email/src/maildir/kaminski-v/_sent_mail/4837.
1860	0	data/samples/email/src/maildir/kaminski-v/all_documents/11256.
1860	0	data/samples/email/src/maildir/kaminski-v/all_documents/9136.
1860	0	data/samples/email/src/maildir/kaminski-v/all_documents/9207.
1860	0	data/samples/email/src/maildir/kaminski-v/all_documents/9219.
1860	0	data/samples/email/src/maildir/kaminski-v/all_documents/9234.
1860	0	data/samples/email/src/maildir/kaminski-v/c/mangmt/group/management/633.
1860	0	data/samples/email/src/maildir/kaminski-v/discussion_threads/5635.
1860	0	data/samples/email/src/maildir/kaminski-v/discussion_threads/5646.
1860	0	data/samples/email/src/maildir/kaminski-v/discussion_threads/5651.
1860	0	data/samples/email/src/maildir/kaminski-v/sent/3949.
1860	0	data/samples/email/src/maildir/kaminski-v/sent/3973.
1860	0	data/samples/email/src/maildir/kaminski-v/sent/3980.
1860	0	data/samples/email/src/maildir/kaminski-v/sent/4836.
1860	0	data/samples/email/src/maildir/kaminski-v/stanford/94.
1860	0	data/samples/email/src/maildir/kaminski-v/stanford/96.
1800	0	data/samples/email/src/maildir/campbell-l/inbox/1226.
1800	0	data/samples/email/src/maildir/harris-s/deleted_items/354.
1800	0	data/samples/email/src/maildir/hyatt-k/personal/16.
1800	0	data/samples/email/src/maildir/williams-j/deleted_items/199.
1800	0	data/samples/email/src/maildir/williams-j/deleted_items/20.
1800	0	data/samples/email/src/maildir/williams-j/deleted_items/279.
1760	0	data/samples/email/src/maildir/dasovich-j/all_documents/12871.
1760	0	data/samples/email/src/maildir/dasovich-j/notes_inbox/3088.
1700	0	data/samples/email/src/maildir/kitchen-l/_americas/hr/238.
1660	0	data/samples/email/src/maildir/dasovich-j/deleted_items/816.
1660	0	data/samples/email/src/maildir/kaminski-v/all_documents/11257.
1660	0	data/samples/email/src/maildir/kaminski-v/stanford/153.
1620	0	data/samples/email/src/maildir/allen-p/sent_items/178.
1620	0	data/samples/email/src/maildir/steffes-j/california_issues/western_gas/13.
1620	0	data/samples/email/src/maildir/tholt-j/janie/121.
1600	0	data/samples/email/src/maildir/scott-s/_sent_mail/1309.
1600	0	data/samples/email/src/maildir/scott-s/sent_items/49.
1580	0	data/samples/email/src/maildir/fischer-m/all_documents/402.
1580	0	data/samples/email/src/maildir/fischer-m/discussion_threads/314.
1580	0	data/samples/email/src/maildir/fischer-m/notes_inbox/20.
1560	0	data/samples/email/src/maildir/allen-p/deleted_items/107.
1560	0	data/samples/email/src/maildir/blair-l/sent_items/564.
1560	0	data/samples/email/src/maildir/carson-m/deleted_items/160.
1560	0	data/samples/email/src/maildir/cash-m/outlook_migration/1.
1560	0	data/samples/email/src/maildir/cuilla-m/deleted_items/65.
1560	0	data/samples/email/src/maildir/dasovich-j/all_documents/12779.
1560	0	data/samples/email/src/maildir/dasovich-j/all_documents/2329.
1560	0	data/samples/email/src/maildir/dasovich-j/all_documents/2330.
1560	0	data/samples/email/src/maildir/dasovich-j/all_documents/2993.
1560	0	data/samples/email/src/maildir/dasovich-j/deleted_items/442.
1560	0	data/samples/email/src/maildir/dasovich-j/deleted_items/818.
1560	0	data/samples/email/src/maildir/dasovich-j/notes_inbox/1400.
1560	0	data/samples/email/src/maildir/dasovich-j/notes_inbox/3155.
1560	0	data/samples/email/src/maildir/dasovich-j/notes_inbox/939.
1560	0	data/samples/email/src/maildir/dasovich-j/notes_inbox/940.
1560	0	data/samples/email/src/maildir/dasovich-j/sent_items/2073.
1560	0	data/samples/email/src/maildir/dasovich-j/sent_items/2075.
1560	0	data/samples/email/src/maildir/donohoe-t/inbox/260.
1560	0	data/samples/email/src/maildir/ermis-f/inbox/436.
1560	0	data/samples/email/src/maildir/geaccone-t/deleted_items/37.
1560	0	data/samples/email/src/maildir/germany-c/deleted_items/236.
1560	0	data/samples/email/src/maildir/grigsby-m/deleted_items/134.
1560	0	data/samples/email/src/maildir/haedicke-m/all_documents/664.
1560	0	data/samples/email/src/maildir/haedicke-m/sent/577.
1560	0	data/samples/email/src/maildir/hain-m/all_documents/49.
1560	0	data/samples/email/src/maildir/hain-m/discussion_threads/1191.
1560	0	data/samples/email/src/maildir/hain-m/notes_inbox/49.
1560	0	data/samples/email/src/maildir/hodge-j/deleted_items/147.
1560	0	data/samples/email/src/maildir/holst-k/deleted_items/85.
1560	0	data/samples/email/src/maildir/jones-t/all_documents/4567.
1560	0	data/samples/email/src/maildir/jones-t/all_documents/4622.
1560	0	data/samples/email/src/maildir/jones-t/all_documents/5183.
1560	0	data/samples/email/src/maildir/jones-t/deleted_items/21.
1560	0	data/samples/email/src/maildir/jones-t/notes_inbox/2132.
1560	0	data/samples/email/src/maildir/jones-t/notes_inbox/2505.
1560	0	data/samples/email/src/maildir/jones-t/sent/2170.
1560	0	data/samples/email/src/maildir/lay-k/inbox/355.
1560	0	data/samples/email/src/maildir/lenhart-m/deleted_items/347.
1560	0	data/samples/email/src/maildir/lewis-a/deleted_items/1168.
1560	0	data/samples/email/src/maildir/lokey-t/deleted_items/30.
1560	0	data/samples/email/src/maildir/lucci-p/deleted_items/190.
1560	0	data/samples/email/src/maildir/maggi-m/deleted_items/881.
1560	0	data/samples/email/src/maildir/mann-k/discussion_threads/3869.
1560	0	data/samples/email/src/maildir/mann-k/sent/4009.
1560	0	data/samples/email/src/maildir/may-l/inbox/830.
1560	0	data/samples/email/src/maildir/mccarty-d/deleted_items/4.
1560	0	data/samples/email/src/maildir/mckay-b/deleted_items/160.
1560	0	data/samples/email/src/maildir/mims-thurston-p/deleted_items/502.
1560	0	data/samples/email/src/maildir/neal-s/deleted_items/544.
1560	0	data/samples/email/src/maildir/parks-j/inbox/555.
1560	0	data/samples/email/src/maildir/ring-r/deleted_items/95.
1560	0	data/samples/email/src/maildir/ruscitti-k/inbox/126.
1560	0	data/samples/email/src/maildir/sager-e/all_documents/653.
1560	0	data/samples/email/src/maildir/sager-e/all_documents/674.
1560	0	data/samples/email/src/maildir/sager-e/all_documents/675.
1560	0	data/samples/email/src/maildir/sager-e/all_documents/676.
1560	0	data/samples/email/src/maildir/sager-e/notes_inbox/226.
1560	0	data/samples/email/src/maildir/sager-e/notes_inbox/784.
1560	0	data/samples/email/src/maildir/sager-e/notes_inbox/796.
1560	0	data/samples/email/src/maildir/sager-e/sent/595.
1560	0	data/samples/email/src/maildir/sanchez-m/inbox/27.
1560	0	data/samples/email/src/maildir/sanders-r/all_documents/1418.
1560	0	data/samples/email/src/maildir/sanders-r/all_documents/1429.
1560	0	data/samples/email/src/maildir/sanders-r/all_documents/1430.
1560	0	data/samples/email/src/maildir/sanders-r/iso__pricecaps/219.
1560	0	data/samples/email/src/maildir/sanders-r/sent/755.
1560	0	data/samples/email/src/maildir/sanders-r/sent/756.
1560	0	data/samples/email/src/maildir/scott-s/inbox/392.
1560	0	data/samples/email/src/maildir/scott-s/sent_items/641.
1560	0	data/samples/email/src/maildir/shackleton-s/all_documents/4540.
1560	0	data/samples/email/src/maildir/shackleton-s/deleted_items/52.
1560	0	data/samples/email/src/maildir/shackleton-s/notes_inbox/430.
1560	0	data/samples/email/src/maildir/shankman-j/deleted_items/330.
1560	0	data/samples/email/src/maildir/steffes-j/deleted_items/19.
1560	0	data/samples/email/src/maildir/steffes-j/sent_items/1098.
1560	0	data/samples/email/src/maildir/stokley-c/chris_stokley/volume_mang_/30.
1560	0	data/samples/email/src/maildir/stokley-c/chris_stokley/volume_mang_/38.
1560	0	data/samples/email/src/maildir/stokley-c/chris_stokley/volume_mang_/39.
1560	0	data/samples/email/src/maildir/stokley-c/chris_stokley/volume_mang_/40.
1560	0	data/samples/email/src/maildir/stokley-c/chris_stokley/volume_mang_/41.
1560	0	data/samples/email/src/maildir/stokley-c/chris_stokley/volume_mang_/42.
1560	0	data/samples/email/src/maildir/taylor-m/sent_items/299.
1560	0	data/samples/email/src/maildir/white-s/deleted_items/840.
1560	0	data/samples/email/src/maildir/wolfe-j/inbox/152.
1560	0	data/samples/email/src/maildir/ybarbo-p/inbox/230.
1500	0	data/samples/email/src/maildir/jones-t/all_documents/4451.
1500	0	data/samples/email/src/maildir/jones-t/notes_inbox/2062.
1500	0	data/samples/email/src/maildir/lokay-m/tw_commercial_group/1669.
1500	0	data/samples/email/src/maildir/lokey-t/inbox/636.
1480	0	data/samples/email/src/maildir/dasovich-j/all_documents/4418.
1480	0	data/samples/email/src/maildir/dasovich-j/notes_inbox/2347.
1460	0	data/samples/email/src/maildir/beck-s/all_documents/1321.
1460	0	data/samples/email/src/maildir/beck-s/discussion_threads/1779.
1460	0	data/samples/email/src/maildir/beck-s/europe/66.
1460	0	data/samples/email/src/maildir/buy-r/inbox/466.
1460	0	data/samples/email/src/maildir/dasovich-j/all_documents/2528.
1460	0	data/samples/email/src/maildir/dasovich-j/all_documents/4141.
1460	0	data/samples/email/src/maildir/dasovich-j/deleted_items/261.
1460	0	data/samples/email/src/maildir/dasovich-j/notes_inbox/1052.
1460	0	data/samples/email/src/maildir/dasovich-j/notes_inbox/2132.
1460	0	data/samples/email/src/maildir/haedicke-m/all_documents/5211.
1460	0	data/samples/email/src/maildir/haedicke-m/notes_inbox/1019.
1460	0	data/samples/email/src/maildir/mann-k/_sent_mail/423.
1460	0	data/samples/email/src/maildir/mann-k/all_documents/3142.
1460	0	data/samples/email/src/maildir/mann-k/all_documents/3146.
1460	0	data/samples/email/src/maildir/mann-k/all_documents/5461.
1460	0	data/samples/email/src/maildir/mann-k/coral/103.
1460	0	data/samples/email/src/maildir/mann-k/discussion_threads/2229.
1460	0	data/samples/email/src/maildir/mann-k/discussion_threads/2231.
1460	0	data/samples/email/src/maildir/martin-t/inbox/123.
1460	0	data/samples/email/src/maildir/rogers-b/all_documents/606.
1460	0	data/samples/email/src/maildir/rogers-b/discussion_threads/1360.
1460	0	data/samples/email/src/maildir/rogers-b/motley_fool_e_mails/162.
1460	0	data/samples/email/src/maildir/shackleton-s/all_documents/9126.
1460	0	data/samples/email/src/maildir/shackleton-s/all_documents/9147.
1460	0	data/samples/email/src/maildir/shackleton-s/all_documents/9148.
1460	0	data/samples/email/src/maildir/shackleton-s/sent/5558.
1460	0	data/samples/email/src/maildir/shackleton-s/sent/5559.
1460	0	data/samples/email/src/maildir/storey-g/deleted_items/172.
1460	0	data/samples/email/src/maildir/whalley-g/inbox/324.
1460	0	data/samples/email/src/maildir/ybarbo-p/inbox/296.
1400	0	data/samples/email/src/maildir/haedicke-m/all_documents/5144.
1400	0	data/samples/email/src/maildir/haedicke-m/notes_inbox/1079.
1400	0	data/samples/email/src/maildir/mann-k/_sent_mail/975.
1400	0	data/samples/email/src/maildir/mann-k/all_documents/4512.
1400	0	data/samples/email/src/maildir/mann-k/discussion_threads/3133.
1400	0	data/samples/email/src/maildir/mann-k/sent/3433.
1360	0	data/samples/email/src/maildir/bass-e/inbox/167.
1360	0	data/samples/email/src/maildir/gilbertsmith-d/all_documents/61.
1360	0	data/samples/email/src/maildir/haedicke-m/all_documents/1322.
1360	0	data/samples/email/src/maildir/haedicke-m/sent/981.
1360	0	data/samples/email/src/maildir/martin-t/inbox/46.
1360	0	data/samples/email/src/maildir/mckay-j/deleted_items/77.
1360	0	data/samples/email/src/maildir/shackleton-s/all_documents/4194.
1360	0	data/samples/email/src/maildir/shackleton-s/notes_inbox/631.
1360	0	data/samples/email/src/maildir/taylor-m/sent/3423.
1260	0	data/samples/email/src/maildir/bass-e/_sent_mail/1332.
1260	0	data/samples/email/src/maildir/bass-e/all_documents/1918.
1260	0	data/samples/email/src/maildir/bass-e/discussion_threads/1721.
1260	0	data/samples/email/src/maildir/bass-e/sent/1234.
1260	0	data/samples/email/src/maildir/beck-s/all_documents/597.
1260	0	data/samples/email/src/maildir/beck-s/all_documents/598.
1260	0	data/samples/email/src/maildir/beck-s/discussion_threads/545.
1260	0	data/samples/email/src/maildir/beck-s/discussion_threads/546.
1260	0	data/samples/email/src/maildir/beck-s/hpl/1.
1260	0	data/samples/email/src/maildir/beck-s/hpl/14.
1260	0	data/samples/email/src/maildir/beck-s/hpl/15.
1260	0	data/samples/email/src/maildir/beck-s/hpl/2.
1260	0	data/samples/email/src/maildir/dasovich-j/all_documents/10641.
1260	0	data/samples/email/src/maildir/dasovich-j/all_documents/10683.
1260	0	data/samples/email/src/maildir/dasovich-j/all_documents/3413.
1260	0	data/samples/email/src/maildir/dasovich-j/notes_inbox/1644.
1260	0	data/samples/email/src/maildir/dasovich-j/notes_inbox/4546.
1260	0	data/samples/email/src/maildir/dasovich-j/notes_inbox/4568.
1260	0	data/samples/email/src/maildir/donoho-l/deleted_items/63.
1260	0	data/samples/email/src/maildir/giron-d/_sent_mail/71.
1260	0	data/samples/email/src/maildir/giron-d/all_documents/130.
1260	0	data/samples/email/src/maildir/giron-d/discussion_threads/529.
1260	0	data/samples/email/src/maildir/giron-d/sent/71.
1260	0	data/samples/email/src/maildir/hayslett-r/all_documents/134.
1260	0	data/samples/email/src/maildir/hayslett-r/discussion_threads/124.
1260	0	data/samples/email/src/maildir/kaminski-v/all_documents/1040.
1260	0	data/samples/email/src/maildir/kaminski-v/all_documents/3699.
1260	0	data/samples/email/src/maildir/kaminski-v/discussion_threads/1477.
1260	0	data/samples/email/src/maildir/kaminski-v/discussion_threads/3449.
1260	0	data/samples/email/src/maildir/kaminski-v/ferc/1.
1260	0	data/samples/email/src/maildir/kaminski-v/london/52.
1260	0	data/samples/email/src/maildir/kean-s/all_documents/1459.
1260	0	data/samples/email/src/maildir/kean-s/all_documents/184.
1260	0	data/samples/email/src/maildir/kean-s/all_documents/5084.
1260	0	data/samples/email/src/maildir/kean-s/all_documents/5309.
1260	0	data/samples/email/src/maildir/kean-s/all_documents/5318.
1260	0	data/samples/email/src/maildir/kean-s/all_documents/5321.
1260	0	data/samples/email/src/maildir/kean-s/all_documents/5322.
1260	0	data/samples/email/src/maildir/kean-s/archiving/untitled/2142.
1260	0	data/samples/email/src/maildir/kean-s/archiving/untitled/5083.
1260	0	data/samples/email/src/maildir/kean-s/archiving/untitled/5308.
1260	0	data/samples/email/src/maildir/kean-s/archiving/untitled/5317.
1260	0	data/samples/email/src/maildir/kean-s/archiving/untitled/5320.
1260	0	data/samples/email/src/maildir/kean-s/archiving/untitled/5321.
1260	0	data/samples/email/src/maildir/kean-s/archiving/untitled/868.
1260	0	data/samples/email/src/maildir/kean-s/attachments/1448.
1260	0	data/samples/email/src/maildir/kean-s/attachments/1585.
1260	0	data/samples/email/src/maildir/kean-s/attachments/1591.
1260	0	data/samples/email/src/maildir/kean-s/attachments/1836.
1260	0	data/samples/email/src/maildir/kean-s/bush/5.
1260	0	data/samples/email/src/maildir/kean-s/bush/6.
1260	0	data/samples/email/src/maildir/kean-s/calendar/untitled/1460.
1260	0	data/samples/email/src/maildir/kean-s/calendar/untitled/184.
1260	0	data/samples/email/src/maildir/kean-s/calendar/untitled/8042.
1260	0	data/samples/email/src/maildir/kean-s/calendar/untitled/8043.
1260	0	data/samples/email/src/maildir/kean-s/calendar/untitled/8046.
1260	0	data/samples/email/src/maildir/kean-s/calendar/untitled/8055.
1260	0	data/samples/email/src/maildir/kean-s/calendar/untitled/8280.
1260	0	data/samples/email/src/maildir/kean-s/california/210.
1260	0	data/samples/email/src/maildir/kean-s/discussion_threads/1247.
1260	0	data/samples/email/src/maildir/kean-s/discussion_threads/176.
1260	0	data/samples/email/src/maildir/kean-s/discussion_threads/3118.
1260	0	data/samples/email/src/maildir/kean-s/discussion_threads/6446.
1260	0	data/samples/email/src/maildir/kean-s/environmental_issues/9.
1260	0	data/samples/email/src/maildir/kean-s/ferc/178.
1260	0	data/samples/email/src/maildir/kean-s/india/57.
1260	0	data/samples/email/src/maildir/kean-s/wto/17.
1260	0	data/samples/email/src/maildir/kitchen-l/_americas/gas/24.
1260	0	data/samples/email/src/maildir/kitchen-l/_americas/mrha/ooc/296.
1260	0	data/samples/email/src/maildir/kitchen-l/_americas/netco_eol/90.
1260	0	data/samples/email/src/maildir/kitchen-l/_americas/portland/14.
1260	0	data/samples/email/src/maildir/kitchen-l/inbox/86.
1260	0	data/samples/email/src/maildir/kitchen-l/sent_items/387.
1260	0	data/samples/email/src/maildir/lokay-m/enron_t_s/175.
1260	0	data/samples/email/src/maildir/mann-k/_sent_mail/421.
1260	0	data/samples/email/src/maildir/mann-k/all_documents/5463.
1260	0	data/samples/email/src/maildir/mann-k/sent/4011.
1260	0	data/samples/email/src/maildir/martin-t/deleted_items/79.
1260	0	data/samples/email/src/maildir/presto-k/sent_items/488.
1260	0	data/samples/email/src/maildir/sager-e/inbox/242.
1260	0	data/samples/email/src/maildir/salisbury-h/read/240.
1260	0	data/samples/email/src/maildir/sanders-r/all_documents/283.
1260	0	data/samples/email/src/maildir/sanders-r/sent/186.
1260	0	data/samples/email/src/maildir/sanders-r/sent_items/111.
1260	0	data/samples/email/src/maildir/scholtes-d/travel/1.
1260	0	data/samples/email/src/maildir/schoolcraft-d/inbox/junk/157.
1260	0	data/samples/email/src/maildir/shapiro-r/deleted_items/335.
1260	0	data/samples/email/src/maildir/shapiro-r/deleted_items/776.
1260	0	data/samples/email/src/maildir/steffes-j/california_issues/pnw_refunds/16.
1260	0	data/samples/email/src/maildir/steffes-j/deleted_items/149.
1260	0	data/samples/email/src/maildir/stokley-c/chris_stokley/projects/ees_/metering_and_forcasting/17.
1260	0	data/samples/email/src/maildir/taylor-m/all_documents/3219.
1260	0	data/samples/email/src/maildir/taylor-m/archive/9_00/43.
1260	0	data/samples/email/src/maildir/taylor-m/notes_inbox/1413.
1200	0	data/samples/email/src/maildir/cash-m/general_research/8.
1200	0	data/samples/email/src/maildir/dasovich-j/all_documents/2437.
1200	0	data/samples/email/src/maildir/dasovich-j/notes_inbox/998.
1200	0	data/samples/email/src/maildir/farmer-d/deleted_items/6.
1200	0	data/samples/email/src/maildir/haedicke-m/all_documents/5281.
1200	0	data/samples/email/src/maildir/haedicke-m/all_documents/5358.
1200	0	data/samples/email/src/maildir/haedicke-m/notes_inbox/884.
1200	0	data/samples/email/src/maildir/haedicke-m/notes_inbox/951.
1200	0	data/samples/email/src/maildir/hain-m/all_documents/302.
1200	0	data/samples/email/src/maildir/hain-m/discussion_threads/955.
1200	0	data/samples/email/src/maildir/hain-m/notes_inbox/302.
1200	0	data/samples/email/src/maildir/kean-s/all_documents/1671.
1200	0	data/samples/email/src/maildir/kean-s/all_documents/1672.
1200	0	data/samples/email/src/maildir/kean-s/archiving/untitled/655.
1200	0	data/samples/email/src/maildir/kean-s/archiving/untitled/656.
1200	0	data/samples/email/src/maildir/kean-s/calendar/untitled/1672.
1200	0	data/samples/email/src/maildir/kean-s/calendar/untitled/1673.
1200	0	data/samples/email/src/maildir/kean-s/discussion_threads/1426.
1200	0	data/samples/email/src/maildir/kean-s/discussion_threads/1427.
1200	0	data/samples/email/src/maildir/kean-s/sent/442.
1200	0	data/samples/email/src/maildir/kean-s/sent/443.
1200	0	data/samples/email/src/maildir/kitchen-l/_americas/hr/257.
1200	0	data/samples/email/src/maildir/lenhart-m/all_documents/1967.
1200	0	data/samples/email/src/maildir/lenhart-m/discussion_threads/388.
1200	0	data/samples/email/src/maildir/lenhart-m/sent/1966.
1200	0	data/samples/email/src/maildir/linder-e/all_documents/215.
1200	0	data/samples/email/src/maildir/linder-e/discussion_threads/214.
1200	0	data/samples/email/src/maildir/linder-e/notes_inbox/725.
1200	0	data/samples/email/src/maildir/mclaughlin-e/all_documents/273.
1200	0	data/samples/email/src/maildir/mclaughlin-e/discussion_threads/253.
1200	0	data/samples/email/src/maildir/mclaughlin-e/private_folders/corp_info_announcements/61.
1200	0	data/samples/email/src/maildir/merriss-s/all_documents/73.
1200	0	data/samples/email/src/maildir/merriss-s/discussion_threads/73.
1200	0	data/samples/email/src/maildir/merriss-s/notes_inbox/476.
1200	0	data/samples/email/src/maildir/nemec-g/all_documents/5672.
1200	0	data/samples/email/src/maildir/nemec-g/notes_inbox/1699.
1200	0	data/samples/email/src/maildir/shackleton-s/all_documents/10378.
1200	0	data/samples/email/src/maildir/shackleton-s/notes_inbox/2590.
1200	0	data/samples/email/src/maildir/symes-k/all_documents/3148.
1200	0	data/samples/email/src/maildir/symes-k/corporate_comm/225.
1200	0	data/samples/email/src/maildir/symes-k/discussion_threads/3020.
1200	0	data/samples/email/src/maildir/ward-k/all_documents/306.
1200	0	data/samples/email/src/maildir/ward-k/discussion_threads/246.
1160	0	data/samples/email/src/maildir/arnold-j/deleted_items/256.
1160	0	data/samples/email/src/maildir/campbell-l/all_documents/1184.
1160	0	data/samples/email/src/maildir/campbell-l/all_documents/410.
1160	0	data/samples/email/src/maildir/campbell-l/all_documents/411.
1160	0	data/samples/email/src/maildir/campbell-l/all_documents/414.
1160	0	data/samples/email/src/maildir/campbell-l/discussion_threads/1060.
1160	0	data/samples/email/src/maildir/campbell-l/discussion_threads/338.
1160	0	data/samples/email/src/maildir/campbell-l/discussion_threads/341.
1160	0	data/samples/email/src/maildir/campbell-l/notes_inbox/116.
1160	0	data/samples/email/src/maildir/campbell-l/sent/134.
1160	0	data/samples/email/src/maildir/campbell-l/sent/135.
1160	0	data/samples/email/src/maildir/cuilla-m/all_documents/38.
1160	0	data/samples/email/src/maildir/cuilla-m/discussion_threads/139.
1160	0	data/samples/email/src/maildir/cuilla-m/notes_inbox/10.
1160	0	data/samples/email/src/maildir/dasovich-j/all_documents/13350.
1160	0	data/samples/email/src/maildir/dasovich-j/all_documents/29157.
1160	0	data/samples/email/src/maildir/dasovich-j/deleted_items/1879.
1160	0	data/samples/email/src/maildir/dasovich-j/inbox/593.
1160	0	data/samples/email/src/maildir/dasovich-j/notes_inbox/11645.
1160	0	data/samples/email/src/maildir/dasovich-j/notes_inbox/2712.
1160	0	data/samples/email/src/maildir/derrick-j/all_documents/71.
1160	0	data/samples/email/src/maildir/derrick-j/discussion_threads/63.
1160	0	data/samples/email/src/maildir/derrick-j/notes_inbox/54.
1160	0	data/samples/email/src/maildir/donohoe-t/all_documents/19.
1160	0	data/samples/email/src/maildir/donohoe-t/discussion_threads/162.
1160	0	data/samples/email/src/maildir/donohoe-t/notes_inbox/19.
1160	0	data/samples/email/src/maildir/ermis-f/all_documents/20.
1160	0	data/samples/email/src/maildir/ermis-f/discussion_threads/166.
1160	0	data/samples/email/src/maildir/ermis-f/notes_inbox/20.
1160	0	data/samples/email/src/maildir/guzman-m/all_documents/1478.
1160	0	data/samples/email/src/maildir/guzman-m/all_documents/380.
1160	0	data/samples/email/src/maildir/guzman-m/all_documents/654.
1160	0	data/samples/email/src/maildir/guzman-m/discussion_threads/1279.
1160	0	data/samples/email/src/maildir/guzman-m/discussion_threads/1556.
1160	0	data/samples/email/src/maildir/guzman-m/discussion_threads/478.
1160	0	data/samples/email/src/maildir/guzman-m/notes_inbox/1358.
1160	0	data/samples/email/src/maildir/guzman-m/notes_inbox/354.
1160	0	data/samples/email/src/maildir/guzman-m/notes_inbox/627.
1160	0	data/samples/email/src/maildir/haedicke-m/all_documents/2329.
1160	0	data/samples/email/src/maildir/haedicke-m/notes_inbox/354.
1160	0	data/samples/email/src/maildir/hayslett-r/sent_items/103.
1160	0	data/samples/email/src/maildir/hodge-j/deleted_items/241.
1160	0	data/samples/email/src/maildir/kaminski-v/_sent_mail/114.
1160	0	data/samples/email/src/maildir/kaminski-v/all_documents/288.
1160	0	data/samples/email/src/maildir/kaminski-v/discussion_threads/4036.
1160	0	data/samples/email/src/maildir/kaminski-v/sent/114.
1160	0	data/samples/email/src/maildir/kaminski-v/sent_items/656.
1160	0	data/samples/email/src/maildir/kean-s/all_documents/4689.
1160	0	data/samples/email/src/maildir/kean-s/archiving/untitled/4688.
1160	0	data/samples/email/src/maildir/kean-s/calendar/untitled/8675.
1160	0	data/samples/email/src/maildir/kean-s/discussion_threads/3453.
1160	0	data/samples/email/src/maildir/kean-s/enron_mentions/4.
1160	0	data/samples/email/src/maildir/kitchen-l/sent_items/27.
1160	0	data/samples/email/src/maildir/kitchen-l/sent_items/791.
1160	0	data/samples/email/src/maildir/kitchen-l/sent_items/792.
1160	0	data/samples/email/src/maildir/lewis-a/all_documents/130.
1160	0	data/samples/email/src/maildir/lewis-a/discussion_threads/40.
1160	0	data/samples/email/src/maildir/lewis-a/notes_inbox/122.
1160	0	data/samples/email/src/maildir/linder-e/all_documents/52.
1160	0	data/samples/email/src/maildir/linder-e/all_documents/579.
1160	0	data/samples/email/src/maildir/linder-e/discussion_threads/52.
1160	0	data/samples/email/src/maildir/linder-e/discussion_threads/562.
1160	0	data/samples/email/src/maildir/linder-e/notes_inbox/364.
1160	0	data/samples/email/src/maildir/linder-e/notes_inbox/888.
1160	0	data/samples/email/src/maildir/mann-k/_sent_mail/2231.
1160	0	data/samples/email/src/maildir/mann-k/all_documents/2823.
1160	0	data/samples/email/src/maildir/mann-k/all_documents/2870.
1160	0	data/samples/email/src/maildir/mann-k/discussion_threads/2001.
1160	0	data/samples/email/src/maildir/mann-k/discussion_threads/2037.
1160	0	data/samples/email/src/maildir/mann-k/off_balance_sheet_form_contracts/43.
1160	0	data/samples/email/src/maildir/mann-k/sent/2143.
1160	0	data/samples/email/src/maildir/merriss-s/all_documents/190.
1160	0	data/samples/email/src/maildir/merriss-s/all_documents/45.
1160	0	data/samples/email/src/maildir/merriss-s/discussion_threads/173.
1160	0	data/samples/email/src/maildir/merriss-s/discussion_threads/45.
1160	0	data/samples/email/src/maildir/merriss-s/notes_inbox/361.
1160	0	data/samples/email/src/maildir/merriss-s/notes_inbox/504.
1160	0	data/samples/email/src/maildir/saibi-e/inbox/253.
1160	0	data/samples/email/src/maildir/symes-k/all_documents/2997.
1160	0	data/samples/email/src/maildir/symes-k/all_documents/699.
1160	0	data/samples/email/src/maildir/symes-k/corporate_comm/217.
1160	0	data/samples/email/src/maildir/symes-k/corporate_comm/65.
1160	0	data/samples/email/src/maildir/symes-k/discussion_threads/2873.
1160	0	data/samples/email/src/maildir/symes-k/discussion_threads/656.
1160	0	data/samples/email/src/maildir/taylor-m/all_documents/3090.
1160	0	data/samples/email/src/maildir/taylor-m/archive/8_00/200.
1160	0	data/samples/email/src/maildir/taylor-m/kelly/6.
1160	0	data/samples/email/src/maildir/taylor-m/notes_inbox/1341.
1100	0	data/samples/email/src/maildir/hodge-j/inbox/537.
1100	0	data/samples/email/src/maildir/lenhart-m/all_documents/3140.
1100	0	data/samples/email/src/maildir/lenhart-m/sent/3076.
1080	0	data/samples/email/src/maildir/dasovich-j/all_documents/9376.
1080	0	data/samples/email/src/maildir/dasovich-j/sent/3363.
1060	0	data/samples/email/src/maildir/cash-m/deleted_items/316.
1060	0	data/samples/email/src/maildir/dasovich-j/all_documents/2357.
1060	0	data/samples/email/src/maildir/dasovich-j/all_documents/29129.
1060	0	data/samples/email/src/maildir/dasovich-j/notes_inbox/11662.
1060	0	data/samples/email/src/maildir/dasovich-j/notes_inbox/950.
1060	0	data/samples/email/src/maildir/shackleton-s/all_documents/1511.
1060	0	data/samples/email/src/maildir/shackleton-s/sent/1098.
1060	0	data/samples/email/src/maildir/whitt-m/inbox/103.
1000	0	data/samples/email/src/maildir/baughman-d/personal/internet/7.
1000	0	data/samples/email/src/maildir/cash-m/general_research/17.
1000	0	data/samples/email/src/maildir/cash-m/inbox/62.
1000	0	data/samples/email/src/maildir/causholli-m/inbox/103.
1000	0	data/samples/email/src/maildir/dasovich-j/all_documents/11384.
1000	0	data/samples/email/src/maildir/dasovich-j/all_documents/4370.
1000	0	data/samples/email/src/maildir/dasovich-j/all_documents/575.
1000	0	data/samples/email/src/maildir/dasovich-j/notes_inbox/2315.
1000	0	data/samples/email/src/maildir/dasovich-j/notes_inbox/4098.
1000	0	data/samples/email/src/maildir/dasovich-j/personal/13.
1000	0	data/samples/email/src/maildir/haedicke-m/all_documents/1217.
1000	0	data/samples/email/src/maildir/haedicke-m/all_documents/5053.
1000	0	data/samples/email/src/maildir/haedicke-m/all_documents/5106.
1000	0	data/samples/email/src/maildir/haedicke-m/all_documents/5203.
1000	0	data/samples/email/src/maildir/haedicke-m/all_documents/5235.
1000	0	data/samples/email/src/maildir/haedicke-m/all_documents/5258.
1000	0	data/samples/email/src/maildir/haedicke-m/all_documents/5275.
1000	0	data/samples/email/src/maildir/haedicke-m/all_documents/5296.
1000	0	data/samples/email/src/maildir/haedicke-m/all_documents/5401.
1000	0	data/samples/email/src/maildir/haedicke-m/notes_inbox/1027.
1000	0	data/samples/email/src/maildir/haedicke-m/notes_inbox/1111.
1000	0	data/samples/email/src/maildir/haedicke-m/notes_inbox/1158.
1000	0	data/samples/email/src/maildir/haedicke-m/notes_inbox/125.
1000	0	data/samples/email/src/maildir/haedicke-m/notes_inbox/849.
1000	0	data/samples/email/src/maildir/haedicke-m/notes_inbox/937.
1000	0	data/samples/email/src/maildir/haedicke-m/notes_inbox/956.
1000	0	data/samples/email/src/maildir/haedicke-m/notes_inbox/973.
1000	0	data/samples/email/src/maildir/haedicke-m/notes_inbox/995.
1000	0	data/samples/email/src/maildir/kaminski-v/inbox/10.
1000	0	data/samples/email/src/maildir/kean-s/all_documents/8964.
1000	0	data/samples/email/src/maildir/kean-s/archiving/untitled/8964.
1000	0	data/samples/email/src/maildir/kean-s/calendar/untitled/12810.
1000	0	data/samples/email/src/maildir/kean-s/discussion_threads/7045.
1000	0	data/samples/email/src/maildir/kean-s/environmental_issues/104.
1000	0	data/samples/email/src/maildir/kitchen-l/_americas/sec_media/2.
1000	0	data/samples/email/src/maildir/shapiro-r/all_documents/309.
1000	0	data/samples/email/src/maildir/shapiro-r/discussion_threads/277.
1000	0	data/samples/email/src/maildir/shapiro-r/personal/7.
1000	0	data/samples/email/src/maildir/taylor-m/sent_items/451.
960	0	data/samples/email/src/maildir/arnold-j/all_documents/39.
960	0	data/samples/email/src/maildir/arnold-j/bristol_babcock/1.
960	0	data/samples/email/src/maildir/bass-e/deleted_items/157.
960	0	data/samples/email/src/maildir/beck-s/all_documents/407.
960	0	data/samples/email/src/maildir/beck-s/discussion_threads/371.
960	0	data/samples/email/src/maildir/campbell-l/_sent_mail/42.
960	0	data/samples/email/src/maildir/campbell-l/all_documents/1031.
960	0	data/samples/email/src/maildir/campbell-l/all_documents/472.
960	0	data/samples/email/src/maildir/campbell-l/discussion_threads/396.
960	0	data/samples/email/src/maildir/campbell-l/discussion_threads/907.
960	0	data/samples/email/src/maildir/campbell-l/eott_midland/25.
960	0	data/samples/email/src/maildir/campbell-l/notes_inbox/267.
960	0	data/samples/email/src/maildir/campbell-l/sent/158.
960	0	data/samples/email/src/maildir/dasovich-j/all_documents/12966.
960	0	data/samples/email/src/maildir/dasovich-j/all_documents/2113.
960	0	data/samples/email/src/maildir/dasovich-j/all_documents/2770.
960	0	data/samples/email/src/maildir/dasovich-j/deleted_items/144.
960	0	data/samples/email/src/maildir/dasovich-j/deleted_items/815.
960	0	data/samples/email/src/maildir/dasovich-j/notes_inbox/1212.
960	0	data/samples/email/src/maildir/dasovich-j/notes_inbox/3010.
960	0	data/samples/email/src/maildir/dasovich-j/notes_inbox/849.
960	0	data/samples/email/src/maildir/dasovich-j/sent_items/1910.
960	0	data/samples/email/src/maildir/gilbertsmith-d/all_documents/70.
960	0	data/samples/email/src/maildir/haedicke-m/all_documents/678.
960	0	data/samples/email/src/maildir/haedicke-m/sent/589.
960	0	data/samples/email/src/maildir/haedicke-m/sent_items/86.
960	0	data/samples/email/src/maildir/jones-t/all_documents/10218.
960	0	data/samples/email/src/maildir/jones-t/notes_inbox/3595.
960	0	data/samples/email/src/maildir/kaminski-v/all_documents/1085.
960	0	data/samples/email/src/maildir/kaminski-v/c/mangmt/ene_ect/61.
960	0	data/samples/email/src/maildir/kaminski-v/discussion_threads/3412.
960	0	data/samples/email/src/maildir/kaminski-v/sent_items/2640.
960	0	data/samples/email/src/maildir/kean-s/all_documents/1711.
960	0	data/samples/email/src/maildir/kean-s/all_documents/472.
960	0	data/samples/email/src/maildir/kean-s/archiving/untitled/1855.
960	0	data/samples/email/src/maildir/kean-s/archiving/untitled/616.
960	0	data/samples/email/src/maildir/kean-s/calendar/untitled/1712.
960	0	data/samples/email/src/maildir/kean-s/calendar/untitled/472.
960	0	data/samples/email/src/maildir/kean-s/discussion_threads/1458.
960	0	data/samples/email/src/maildir/kean-s/discussion_threads/428.
960	0	data/samples/email/src/maildir/kean-s/environmental_issues/3.
960	0	data/samples/email/src/maildir/kean-s/security/2.
960	0	data/samples/email/src/maildir/kitchen-l/_americas/netco_eol/81.
960	0	data/samples/email/src/maildir/lay-k/inbox/499.
960	0	data/samples/email/src/maildir/linder-e/all_documents/13.
960	0	data/samples/email/src/maildir/linder-e/discussion_threads/13.
960	0	data/samples/email/src/maildir/linder-e/notes_inbox/927.
960	0	data/samples/email/src/maildir/mann-k/_sent_mail/1228.
960	0	data/samples/email/src/maildir/mann-k/_sent_mail/1233.
960	0	data/samples/email/src/maildir/mann-k/_sent_mail/1235.
960	0	data/samples/email/src/maildir/mann-k/all_documents/4164.
960	0	data/samples/email/src/maildir/mann-k/all_documents/4167.
960	0	data/samples/email/src/maildir/mann-k/all_documents/4169.
960	0	data/samples/email/src/maildir/mann-k/all_documents/4177.
960	0	data/samples/email/src/maildir/mann-k/discussion_threads/2905.
960	0	data/samples/email/src/maildir/mann-k/discussion_threads/2908.
960	0	data/samples/email/src/maildir/mann-k/general_stuff/110.
960	0	data/samples/email/src/maildir/mann-k/sent/3170.
960	0	data/samples/email/src/maildir/mann-k/sent/3172.
960	0	data/samples/email/src/maildir/mann-k/sent/3177.
960	0	data/samples/email/src/maildir/mclaughlin-e/all_documents/241.
960	0	data/samples/email/src/maildir/mclaughlin-e/discussion_threads/223.
960	0	data/samples/email/src/maildir/mclaughlin-e/private_folders/corp_info_announcements/50.
960	0	data/samples/email/src/maildir/merriss-s/all_documents/12.
960	0	data/samples/email/src/maildir/merriss-s/discussion_threads/12.
960	0	data/samples/email/src/maildir/merriss-s/notes_inbox/537.
960	0	data/samples/email/src/maildir/nemec-g/all_documents/5407.
960	0	data/samples/email/src/maildir/nemec-g/notes_inbox/1882.
960	0	data/samples/email/src/maildir/sager-e/inbox/398.
960	0	data/samples/email/src/maildir/scott-s/all_documents/1221.
960	0	data/samples/email/src/maildir/scott-s/discussion_threads/1282.
960	0	data/samples/email/src/maildir/scott-s/notes_inbox/394.
960	0	data/samples/email/src/maildir/shackleton-s/all_documents/9903.
960	0	data/samples/email/src/maildir/shackleton-s/organizational_changes/39.
960	0	data/samples/email/src/maildir/smith-m/inbox/456.
960	0	data/samples/email/src/maildir/stclair-c/all_documents/79.
960	0	data/samples/email/src/maildir/stclair-c/sent/76.
960	0	data/samples/email/src/maildir/steffes-j/sent_items/619.
960	0	data/samples/email/src/maildir/symes-k/all_documents/2615.
960	0	data/samples/email/src/maildir/symes-k/corporate_comm/200.
960	0	data/samples/email/src/maildir/symes-k/discussion_threads/2507.
960	0	data/samples/email/src/maildir/taylor-m/all_documents/7900.
960	0	data/samples/email/src/maildir/taylor-m/all_documents/8549.
960	0	data/samples/email/src/maildir/taylor-m/sent/3263.
960	0	data/samples/email/src/maildir/zipper-a/all_documents/9.
960	0	data/samples/email/src/maildir/zipper-a/emetra/7.
900	0	data/samples/email/src/maildir/baughman-d/deleted_items/374.
900	0	data/samples/email/src/maildir/baughman-d/deleted_items/415.
900	0	data/samples/email/src/maildir/baughman-d/inbox/162.
900	0	data/samples/email/src/maildir/baughman-d/inbox/185.
900	0	data/samples/email/src/maildir/baughman-d/inbox/226.
900	0	data/samples/email/src/maildir/baughman-d/inbox/245.
900	0	data/samples/email/src/maildir/baughman-d/inbox/327.
900	0	data/samples/email/src/maildir/baughman-d/inbox/350.
900	0	data/samples/email/src/maildir/baughman-d/inbox/371.
900	0	data/samples/email/src/maildir/buy-r/inbox/106.
900	0	data/samples/email/src/maildir/hyatt-k/deleted_items/127.
900	0	data/samples/email/src/maildir/hyatt-k/deleted_items/198.
900	0	data/samples/email/src/maildir/hyatt-k/deleted_items/20.
900	0	data/samples/email/src/maildir/hyatt-k/deleted_items/257.
900	0	data/samples/email/src/maildir/hyatt-k/deleted_items/390.
900	0	data/samples/email/src/maildir/hyatt-k/deleted_items/479.
900	0	data/samples/email/src/maildir/hyatt-k/deleted_items/507.
900	0	data/samples/email/src/maildir/hyatt-k/deleted_items/514.
900	0	data/samples/email/src/maildir/hyatt-k/deleted_items/527.
900	0	data/samples/email/src/maildir/hyatt-k/deleted_items/612.
900	0	data/samples/email/src/maildir/hyatt-k/deleted_items/622.
900	0	data/samples/email/src/maildir/hyatt-k/deleted_items/637.
900	0	data/samples/email/src/maildir/hyatt-k/inbox/24.
900	0	data/samples/email/src/maildir/hyatt-k/inbox/25.
900	0	data/samples/email/src/maildir/kaminski-v/all_documents/9749.
900	0	data/samples/email/src/maildir/kaminski-v/discussion_threads/5288.
900	0	data/samples/email/src/maildir/kitchen-l/deleted_items/102.
900	0	data/samples/email/src/maildir/kitchen-l/deleted_items/136.
900	0	data/samples/email/src/maildir/kitchen-l/deleted_items/137.
900	0	data/samples/email/src/maildir/kitchen-l/deleted_items/173.
900	0	data/samples/email/src/maildir/kitchen-l/deleted_items/174.
900	0	data/samples/email/src/maildir/kitchen-l/deleted_items/175.
900	0	data/samples/email/src/maildir/kitchen-l/deleted_items/72.
900	0	data/samples/email/src/maildir/kitchen-l/deleted_items/95.
900	0	data/samples/email/src/maildir/lay-k/all_documents/418.
900	0	data/samples/email/src/maildir/lay-k/all_documents/497.
900	0	data/samples/email/src/maildir/lay-k/all_documents/590.
900	0	data/samples/email/src/maildir/lay-k/discussion_threads/315.
900	0	data/samples/email/src/maildir/lay-k/discussion_threads/389.
900	0	data/samples/email/src/maildir/lay-k/discussion_threads/476.
900	0	data/samples/email/src/maildir/lay-k/notes_inbox/213.
900	0	data/samples/email/src/maildir/lay-k/notes_inbox/287.
900	0	data/samples/email/src/maildir/lay-k/notes_inbox/379.
900	0	data/samples/email/src/maildir/mims-thurston-p/deleted_items/28.
900	0	data/samples/email/src/maildir/mims-thurston-p/inbox/45.
900	0	data/samples/email/src/maildir/mims-thurston-p/inbox/69.
900	0	data/samples/email/src/maildir/nemec-g/inbox/1260.
900	0	data/samples/email/src/maildir/presto-k/sent_items/564.
900	0	data/samples/email/src/maildir/skilling-j/deleted_items/360.
900	0	data/samples/email/src/maildir/taylor-m/all_documents/7976.
900	0	data/samples/email/src/maildir/taylor-m/archive/2001_11/19.
900	0	data/samples/email/src/maildir/taylor-m/notes_inbox/2357.
900	0	data/samples/email/src/maildir/thomas-p/deleted_items/108.
900	0	data/samples/email/src/maildir/tycholiz-b/inbox/200.
900	0	data/samples/email/src/maildir/whalley-g/sent_items/15.
880	0	data/samples/email/src/maildir/shackleton-s/inbox/1072.
860	0	data/samples/email/src/maildir/beck-s/_sent_mail/776.
860	0	data/samples/email/src/maildir/beck-s/all_documents/2997.
860	0	data/samples/email/src/maildir/beck-s/all_documents/525.
860	0	data/samples/email/src/maildir/beck-s/discussion_threads/4061.
860	0	data/samples/email/src/maildir/beck-s/discussion_threads/477.
860	0	data/samples/email/src/maildir/beck-s/hedstrom__peggy/2.
860	0	data/samples/email/src/maildir/beck-s/hedstrom__peggy/4.
860	0	data/samples/email/src/maildir/beck-s/sent/783.
860	0	data/samples/email/src/maildir/beck-s/sent_items/176.
860	0	data/samples/email/src/maildir/campbell-l/all_documents/1783.
860	0	data/samples/email/src/maildir/campbell-l/discussion_threads/1615.
860	0	data/samples/email/src/maildir/campbell-l/notes_inbox/567.
860	0	data/samples/email/src/maildir/dasovich-j/all_documents/1159.
860	0	data/samples/email/src/maildir/dasovich-j/all_documents/1162.
860	0	data/samples/email/src/maildir/dasovich-j/all_documents/1186.
860	0	data/samples/email/src/maildir/dasovich-j/all_documents/1199.
860	0	data/samples/email/src/maildir/dasovich-j/notes_inbox/255.
860	0	data/samples/email/src/maildir/dasovich-j/notes_inbox/265.
860	0	data/samples/email/src/maildir/dasovich-j/notes_inbox/275.
860	0	data/samples/email/src/maildir/dasovich-j/sent/187.
860	0	data/samples/email/src/maildir/haedicke-m/inbox/198.
860	0	data/samples/email/src/maildir/haedicke-m/inbox/237.
860	0	data/samples/email/src/maildir/nemec-g/inbox/1647.
860	0	data/samples/email/src/maildir/sanders-r/all_documents/651.
860	0	data/samples/email/src/maildir/sanders-r/iso__pricecaps/22.
860	0	data/samples/email/src/maildir/steffes-j/sent_items/1192.
860	0	data/samples/email/src/maildir/steffes-j/sent_items/1197.
860	0	data/samples/email/src/maildir/steffes-j/sent_items/783.
860	0	data/samples/email/src/maildir/storey-g/netco/11.
860	0	data/samples/email/src/maildir/taylor-m/deleted_items/625.
860	0	data/samples/email/src/maildir/whalley-g/sent_items/28.
800	0	data/samples/email/src/maildir/allen-p/deleted_items/423.
800	0	data/samples/email/src/maildir/beck-s/deleted_items/118.
800	0	data/samples/email/src/maildir/brawner-s/inbox/36.
800	0	data/samples/email/src/maildir/cash-m/inbox/292.
800	0	data/samples/email/src/maildir/corman-s/inbox/archives/348.
800	0	data/samples/email/src/maildir/dasovich-j/all_documents/11992.
800	0	data/samples/email/src/maildir/dasovich-j/all_documents/13240.
800	0	data/samples/email/src/maildir/dasovich-j/all_documents/28426.
800	0	data/samples/email/src/maildir/dasovich-j/all_documents/28682.
800	0	data/samples/email/src/maildir/dasovich-j/all_documents/28806.
800	0	data/samples/email/src/maildir/dasovich-j/all_documents/4652.
800	0	data/samples/email/src/maildir/dasovich-j/all_documents/8935.
800	0	data/samples/email/src/maildir/dasovich-j/notes_inbox/11865.
800	0	data/samples/email/src/maildir/dasovich-j/notes_inbox/11968.
800	0	data/samples/email/src/maildir/dasovich-j/notes_inbox/12115.
800	0	data/samples/email/src/maildir/dasovich-j/notes_inbox/2511.
800	0	data/samples/email/src/maildir/dasovich-j/notes_inbox/2789.
800	0	data/samples/email/src/maildir/dasovich-j/notes_inbox/3694.
800	0	data/samples/email/src/maildir/dasovich-j/notes_inbox/5419.
800	0	data/samples/email/src/maildir/davis-d/deleted_items/fyi/17.
800	0	data/samples/email/src/maildir/davis-d/fyi/7.
800	0	data/samples/email/src/maildir/derrick-j/deleted_items/298.
800	0	data/samples/email/src/maildir/derrick-j/inbox/53.
800	0	data/samples/email/src/maildir/donohoe-t/inbox/180.
800	0	data/samples/email/src/maildir/farmer-d/all_documents/3174.
800	0	data/samples/email/src/maildir/farmer-d/deleted_items/55.
800	0	data/samples/email/src/maildir/farmer-d/deleted_items/7.
800	0	data/samples/email/src/maildir/farmer-d/deleted_items/personal/13.
800	0	data/samples/email/src/maildir/farmer-d/discussion_threads/4921.
800	0	data/samples/email/src/maildir/farmer-d/personal/13.
800	0	data/samples/email/src/maildir/farmer-d/personal/377.
800	0	data/samples/email/src/maildir/germany-c/deleted_items/34.
800	0	data/samples/email/src/maildir/griffith-j/private_folders/business/2.
800	0	data/samples/email/src/maildir/haedicke-m/all_documents/5312.
800	0	data/samples/email/src/maildir/haedicke-m/deleted_items/70.
800	0	data/samples/email/src/maildir/haedicke-m/inbox/150.
800	0	data/samples/email/src/maildir/haedicke-m/inbox/201.
800	0	data/samples/email/src/maildir/haedicke-m/notes_inbox/922.
800	0	data/samples/email/src/maildir/hendrickson-s/deleted_items/21.
800	0	data/samples/email/src/maildir/hernandez-j/inbox/208.
800	0	data/samples/email/src/maildir/hodge-j/inbox/131.
800	0	data/samples/email/src/maildir/horton-s/deleted_items/201.
800	0	data/samples/email/src/maildir/hyatt-k/deleted_items/129.
800	0	data/samples/email/src/maildir/hyatt-k/inbox/enron_news/6.
800	0	data/samples/email/src/maildir/kaminski-v/deleted_items/1725.
800	0	data/samples/email/src/maildir/kaminski-v/deleted_items/191.
800	0	data/samples/email/src/maildir/kean-s/all_documents/5039.
800	0	data/samples/email/src/maildir/kean-s/archiving/untitled/5038.
800	0	data/samples/email/src/maildir/kean-s/calendar/untitled/8325.
800	0	data/samples/email/src/maildir/kean-s/deleted_items/247.
800	0	data/samples/email/src/maildir/kean-s/deleted_items/460.
800	0	data/samples/email/src/maildir/kean-s/discussion_threads/3156.
800	0	data/samples/email/src/maildir/kean-s/india/56.
800	0	data/samples/email/src/maildir/keavey-p/inbox/339.
800	0	data/samples/email/src/maildir/kitchen-l/_americas/hr/267.
800	0	data/samples/email/src/maildir/kitchen-l/_americas/hr/278.
800	0	data/samples/email/src/maildir/kitchen-l/_americas/it/106.
800	0	data/samples/email/src/maildir/kitchen-l/_americas/sec_media/39.
800	0	data/samples/email/src/maildir/kitchen-l/deleted_items/124.
800	0	data/samples/email/src/maildir/lavorato-j/inbox/56.
800	0	data/samples/email/src/maildir/lay-k/inbox/66.
800	0	data/samples/email/src/maildir/lenhart-m/deleted_items/57.
800	1	data/samples/email/src/maildir/lewis-a/deleted_items/197.
800	0	data/samples/email/src/maildir/lewis-a/deleted_items/659.
800	0	data/samples/email/src/maildir/lewis-a/deleted_items/722.
800	0	data/samples/email/src/maildir/lewis-a/deleted_items/934.
800	0	data/samples/email/src/maildir/lewis-a/inbox/85.
800	0	data/samples/email/src/maildir/martin-t/deleted_items/42.
800	0	data/samples/email/src/maildir/martin-t/deleted_items/82.
800	0	data/samples/email/src/maildir/martin-t/inbox/103.
800	0	data/samples/email/src/maildir/martin-t/inbox/235.
800	0	data/samples/email/src/maildir/martin-t/inbox/53.
800	0	data/samples/email/src/maildir/martin-t/inbox/83.
800	0	data/samples/email/src/maildir/may-l/inbox/699.
800	0	data/samples/email/src/maildir/mckay-b/deleted_items/12.
800	0	data/samples/email/src/maildir/mims-thurston-p/deleted_items/344.
800	0	data/samples/email/src/maildir/mims-thurston-p/deleted_items/88.
800	0	data/samples/email/src/maildir/neal-s/deleted_items/326.
800	0	data/samples/email/src/maildir/parks-j/inbox/483.
800	0	data/samples/email/src/maildir/platter-p/inbox/393.
800	0	data/samples/email/src/maildir/quigley-d/bmr/6.
800	0	data/samples/email/src/maildir/quigley-d/inbox/31.
800	0	data/samples/email/src/maildir/rapp-b/inbox/47.
800	0	data/samples/email/src/maildir/richey-c/administrivia/9.
800	0	data/samples/email/src/maildir/ruscitti-k/inbox/43.
800	0	data/samples/email/src/maildir/sager-e/sager___general/1.
800	0	data/samples/email/src/maildir/sanchez-m/deleted_items/17.
800	0	data/samples/email/src/maildir/schwieger-j/inbox/7.
800	0	data/samples/email/src/maildir/shankman-j/deleted_items/492.
800	0	data/samples/email/src/maildir/shively-h/deleted_items/584.
800	0	data/samples/email/src/maildir/skilling-j/deleted_items/447.
800	0	data/samples/email/src/maildir/skilling-j/inbox/418.
800	0	data/samples/email/src/maildir/smith-m/inbox/247.
800	0	data/samples/email/src/maildir/storey-g/deleted_items/221.
800	0	data/samples/email/src/maildir/symes-k/all_documents/2309.
800	0	data/samples/email/src/maildir/symes-k/discussion_threads/2223.
800	0	data/samples/email/src/maildir/symes-k/power_marketer/74.
800	0	data/samples/email/src/maildir/tholt-j/janie/89.
800	0	data/samples/email/src/maildir/watson-k/industry_mentions/18.
800	0	data/samples/email/src/maildir/weldon-c/deleted_items/130.
800	0	data/samples/email/src/maildir/whalley-g/inbox/469.
800	0	data/samples/email/src/maildir/williams-j/deleted_items/282.
800	0	data/samples/email/src/maildir/wolfe-j/05_saved/4.
800	0	data/samples/email/src/maildir/wolfe-j/inbox/61.
800	0	data/samples/email/src/maildir/ybarbo-p/inbox/278.
800	0	data/samples/email/src/maildir/zipper-a/deleted_items/187.
760	0	data/samples/email/src/maildir/dasovich-j/all_documents/4419.
760	0	data/samples/email/src/maildir/dasovich-j/all_documents/8019.
760	0	data/samples/email/src/maildir/dasovich-j/all_documents/8025.
760	0	data/samples/email/src/maildir/dasovich-j/notes_inbox/2348.
760	0	data/samples/email/src/maildir/dasovich-j/notes_inbox/5973.
760	0	data/samples/email/src/maildir/dasovich-j/notes_inbox/5979.
760	0	data/samples/email/src/maildir/gilbertsmith-d/all_documents/74.
760	0	data/samples/email/src/maildir/kaminski-v/sent_items/1212.
760	0	data/samples/email/src/maildir/taylor-m/archive/2001_06/5.
700	0	data/samples/email/src/maildir/bass-e/_sent_mail/1214.
700	0	data/samples/email/src/maildir/bass-e/_sent_mail/428.
700	0	data/samples/email/src/maildir/bass-e/all_documents/1001.
700	0	data/samples/email/src/maildir/bass-e/all_documents/1797.
700	0	data/samples/email/src/maildir/bass-e/discussion_threads/1767.
700	0	data/samples/email/src/maildir/bass-e/discussion_threads/364.
700	0	data/samples/email/src/maildir/bass-e/sent/1116.
700	0	data/samples/email/src/maildir/bass-e/sent/330.
700	0	data/samples/email/src/maildir/baughman-d/deleted_items/17.
700	0	data/samples/email/src/maildir/baughman-d/deleted_items/375.
700	0	data/samples/email/src/maildir/baughman-d/inbox/100.
700	0	data/samples/email/src/maildir/baughman-d/inbox/114.
700	0	data/samples/email/src/maildir/baughman-d/inbox/154.
700	0	data/samples/email/src/maildir/baughman-d/inbox/200.
700	0	data/samples/email/src/maildir/baughman-d/inbox/231.
700	0	data/samples/email/src/maildir/baughman-d/inbox/365.
700	0	data/samples/email/src/maildir/baughman-d/inbox/378.
700	0	data/samples/email/src/maildir/baughman-d/inbox/380.
700	0	data/samples/email/src/maildir/baughman-d/inbox/90.
700	0	data/samples/email/src/maildir/buy-r/inbox/160.
700	0	data/samples/email/src/maildir/campbell-l/inbox/835.
700	0	data/samples/email/src/maildir/campbell-l/inbox/872.
700	0	data/samples/email/src/maildir/cash-m/inbox/117.
700	0	data/samples/email/src/maildir/cash-m/inbox/42.
700	0	data/samples/email/src/maildir/cash-m/inbox/dlr/13.
700	0	data/samples/email/src/maildir/cash-m/inbox/dlr/16.
700	0	data/samples/email/src/maildir/dasovich-j/all_documents/10540.
700	0	data/samples/email/src/maildir/dasovich-j/all_documents/10779.
700	0	data/samples/email/src/maildir/dasovich-j/all_documents/11215.
700	0	data/samples/email/src/maildir/dasovich-j/all_documents/11956.
700	0	data/samples/email/src/maildir/dasovich-j/all_documents/27764.
700	0	data/samples/email/src/maildir/dasovich-j/all_documents/361.
700	0	data/samples/email/src/maildir/dasovich-j/all_documents/3867.
700	0	data/samples/email/src/maildir/dasovich-j/all_documents/4454.
700	0	data/samples/email/src/maildir/dasovich-j/all_documents/8746.
700	0	data/samples/email/src/maildir/dasovich-j/all_documents/8749.
700	0	data/samples/email/src/maildir/dasovich-j/all_documents/9257.
700	0	data/samples/email/src/maildir/dasovich-j/deleted_items/1634.
700	0	data/samples/email/src/maildir/dasovich-j/deleted_items/1901.
700	0	data/samples/email/src/maildir/dasovich-j/deleted_items/338.
700	0	data/samples/email/src/maildir/dasovich-j/eci/74.
700	0	data/samples/email/src/maildir/dasovich-j/inbox/1561.
700	0	data/samples/email/src/maildir/dasovich-j/inbox/298.
700	0	data/samples/email/src/maildir/dasovich-j/notes_inbox/12612.
700	0	data/samples/email/src/maildir/dasovich-j/notes_inbox/1936.
700	0	data/samples/email/src/maildir/dasovich-j/notes_inbox/2376.
700	0	data/samples/email/src/maildir/dasovich-j/notes_inbox/3722.
700	0	data/samples/email/src/maildir/dasovich-j/notes_inbox/4201.
700	0	data/samples/email/src/maildir/dasovich-j/notes_inbox/4494.
700	0	data/samples/email/src/maildir/dasovich-j/notes_inbox/4620.
700	0	data/samples/email/src/maildir/dasovich-j/notes_inbox/5273.
700	0	data/samples/email/src/maildir/dasovich-j/notes_inbox/5548.
700	0	data/samples/email/src/maildir/dasovich-j/notes_inbox/5551.
700	0	data/samples/email/src/maildir/derrick-j/all_documents/32.
700	0	data/samples/email/src/maildir/derrick-j/notes_inbox/77.
700	0	data/samples/email/src/maildir/farmer-d/all_documents/3648.
700	0	data/samples/email/src/maildir/farmer-d/discussion_threads/4470.
700	0	data/samples/email/src/maildir/farmer-d/personal/349.
700	0	data/samples/email/src/maildir/geaccone-t/inbox/160.
700	0	data/samples/email/src/maildir/geaccone-t/inbox/45.
700	0	data/samples/email/src/maildir/haedicke-m/all_documents/4663.
700	0	data/samples/email/src/maildir/haedicke-m/notes_inbox/1398.
700	0	data/samples/email/src/maildir/heard-m/sent_items/299.
700	0	data/samples/email/src/maildir/horton-s/inbox/50.
700	0	data/samples/email/src/maildir/hyatt-k/deleted_items/119.
700	0	data/samples/email/src/maildir/hyatt-k/deleted_items/156.
700	0	data/samples/email/src/maildir/hyatt-k/deleted_items/176.
700	0	data/samples/email/src/maildir/hyatt-k/deleted_items/189.
700	0	data/samples/email/src/maildir/hyatt-k/deleted_items/215.
700	0	data/samples/email/src/maildir/hyatt-k/deleted_items/223.
700	0	data/samples/email/src/maildir/hyatt-k/deleted_items/229.
700	0	data/samples/email/src/maildir/hyatt-k/deleted_items/231.
700	0	data/samples/email/src/maildir/hyatt-k/deleted_items/253.
700	0	data/samples/email/src/maildir/hyatt-k/deleted_items/269.
700	0	data/samples/email/src/maildir/hyatt-k/deleted_items/276.
700	0	data/samples/email/src/maildir/hyatt-k/deleted_items/292.
700	0	data/samples/email/src/maildir/hyatt-k/deleted_items/301.
700	0	data/samples/email/src/maildir/hyatt-k/deleted_items/311.
700	0	data/samples/email/src/maildir/hyatt-k/deleted_items/324.
700	0	data/samples/email/src/maildir/hyatt-k/deleted_items/340.
700	0	data/samples/email/src/maildir/hyatt-k/deleted_items/367.
700	0	data/samples/email/src/maildir/hyatt-k/deleted_items/385.
700	0	data/samples/email/src/maildir/hyatt-k/deleted_items/391.
700	0	data/samples/email/src/maildir/hyatt-k/deleted_items/392.
700	0	data/samples/email/src/maildir/hyatt-k/deleted_items/418.
700	0	data/samples/email/src/maildir/hyatt-k/deleted_items/438.
700	0	data/samples/email/src/maildir/hyatt-k/deleted_items/458.
700	0	data/samples/email/src/maildir/hyatt-k/deleted_items/459.
700	0	data/samples/email/src/maildir/hyatt-k/deleted_items/462.
700	0	data/samples/email/src/maildir/hyatt-k/deleted_items/502.
700	0	data/samples/email/src/maildir/hyatt-k/deleted_items/522.
700	0	data/samples/email/src/maildir/hyatt-k/deleted_items/529.
700	0	data/samples/email/src/maildir/hyatt-k/deleted_items/531.
700	0	data/samples/email/src/maildir/hyatt-k/deleted_items/544.
700	0	data/samples/email/src/maildir/hyatt-k/deleted_items/630.
700	0	data/samples/email/src/maildir/hyatt-k/deleted_items/85.
700	0	data/samples/email/src/maildir/hyatt-k/deleted_items/94.
700	0	data/samples/email/src/maildir/kaminski-v/_sent_mail/1115.
700	0	data/samples/email/src/maildir/kaminski-v/all_documents/2395.
700	0	data/samples/email/src/maildir/kaminski-v/deleted_items/2153.
700	0	data/samples/email/src/maildir/kaminski-v/sent/1114.
700	0	data/samples/email/src/maildir/kaminski-v/sent_items/2422.
700	0	data/samples/email/src/maildir/kean-s/all_documents/1596.
700	0	data/samples/email/src/maildir/kean-s/all_documents/5599.
700	0	data/samples/email/src/maildir/kean-s/all_documents/5629.
700	0	data/samples/email/src/maildir/kean-s/all_documents/5632.
700	0	data/samples/email/src/maildir/kean-s/archiving/untitled/5598.
700	0	data/samples/email/src/maildir/kean-s/archiving/untitled/5628.
700	0	data/samples/email/src/maildir/kean-s/archiving/untitled/5631.
700	0	data/samples/email/src/maildir/kean-s/archiving/untitled/731.
700	0	data/samples/email/src/maildir/kean-s/calendar/untitled/1597.
700	0	data/samples/email/src/maildir/kean-s/calendar/untitled/7732.
700	0	data/samples/email/src/maildir/kean-s/calendar/untitled/7735.
700	0	data/samples/email/src/maildir/kean-s/calendar/untitled/7765.
700	0	data/samples/email/src/maildir/kean-s/discussion_threads/1361.
700	0	data/samples/email/src/maildir/kean-s/discussion_threads/2659.
700	0	data/samples/email/src/maildir/kean-s/discussion_threads/2662.
700	0	data/samples/email/src/maildir/kean-s/discussion_threads/2689.
700	0	data/samples/email/src/maildir/kean-s/sent/1540.
700	0	data/samples/email/src/maildir/kean-s/sent/1551.
700	0	data/samples/email/src/maildir/kean-s/sent/1553.
700	0	data/samples/email/src/maildir/kean-s/sent/413.
700	0	data/samples/email/src/maildir/kitchen-l/_americas/business_plans/26.
700	0	data/samples/email/src/maildir/kitchen-l/_americas/sec_media/1.
700	0	data/samples/email/src/maildir/kitchen-l/_americas/sec_media/47.
700	0	data/samples/email/src/maildir/kitchen-l/deleted_items/114.
700	0	data/samples/email/src/maildir/kitchen-l/deleted_items/12.
700	0	data/samples/email/src/maildir/kitchen-l/deleted_items/143.
700	0	data/samples/email/src/maildir/kitchen-l/deleted_items/156.
700	0	data/samples/email/src/maildir/kitchen-l/deleted_items/45.
700	0	data/samples/email/src/maildir/kitchen-l/deleted_items/76.
700	0	data/samples/email/src/maildir/kitchen-l/sent_items/842.
700	0	data/samples/email/src/maildir/lay-k/all_documents/461.
700	0	data/samples/email/src/maildir/lay-k/discussion_threads/355.
700	0	data/samples/email/src/maildir/lay-k/notes_inbox/251.
700	0	data/samples/email/src/maildir/lewis-a/deleted_items/1063.
700	0	data/samples/email/src/maildir/lewis-a/deleted_items/1274.
700	0	data/samples/email/src/maildir/lewis-a/deleted_items/1293.
700	0	data/samples/email/src/maildir/lewis-a/deleted_items/1641.
700	0	data/samples/email/src/maildir/lewis-a/inbox/160.
700	0	data/samples/email/src/maildir/lokay-m/discussion_threads/169.
700	0	data/samples/email/src/maildir/lucci-p/deleted_items/316.
700	0	data/samples/email/src/maildir/martin-t/deleted_items/18.
700	0	data/samples/email/src/maildir/martin-t/deleted_items/32.
700	0	data/samples/email/src/maildir/martin-t/deleted_items/80.
700	0	data/samples/email/src/maildir/martin-t/inbox/73.
700	0	data/samples/email/src/maildir/martin-t/inbox/94.
700	0	data/samples/email/src/maildir/martin-t/inbox/96.
700	0	data/samples/email/src/maildir/mccarty-d/deleted_items/119.
700	0	data/samples/email/src/maildir/mccarty-d/deleted_items/64.
700	0	data/samples/email/src/maildir/mims-thurston-p/deleted_items/114.
700	0	data/samples/email/src/maildir/mims-thurston-p/deleted_items/34.
700	0	data/samples/email/src/maildir/mims-thurston-p/deleted_items/64.
700	0	data/samples/email/src/maildir/nemec-g/all_documents/5934.
700	0	data/samples/email/src/maildir/nemec-g/notes_inbox/1512.
700	0	data/samples/email/src/maildir/sager-e/all_documents/1485.
700	0	data/samples/email/src/maildir/sager-e/all_documents/29.
700	0	data/samples/email/src/maildir/sager-e/sent/1042.
700	0	data/samples/email/src/maildir/sager-e/sent/27.
700	0	data/samples/email/src/maildir/sanders-r/all_documents/1855.
700	0	data/samples/email/src/maildir/sanders-r/all_documents/1856.
700	0	data/samples/email/src/maildir/sanders-r/misc/36.
700	0	data/samples/email/src/maildir/sanders-r/sent/1016.
700	0	data/samples/email/src/maildir/sanders-r/sent_items/225.
700	0	data/samples/email/src/maildir/shackleton-s/all_documents/1260.
700	0	data/samples/email/src/maildir/shackleton-s/sent/909.
700	0	data/samples/email/src/maildir/taylor-m/all_documents/1780.
700	0	data/samples/email/src/maildir/taylor-m/all_documents/1802.
700	0	data/samples/email/src/maildir/taylor-m/all_documents/203.
700	0	data/samples/email/src/maildir/taylor-m/all_documents/2089.
700	0	data/samples/email/src/maildir/taylor-m/all_documents/2090.
700	0	data/samples/email/src/maildir/taylor-m/all_documents/3502.
700	0	data/samples/email/src/maildir/taylor-m/archive/5_00/98.
700	0	data/samples/email/src/maildir/taylor-m/archive/5_00/99.
700	0	data/samples/email/src/maildir/taylor-m/notes_inbox/1624.
700	0	data/samples/email/src/maildir/taylor-m/notes_inbox/624.
700	0	data/samples/email/src/maildir/taylor-m/notes_inbox/625.
700	0	data/samples/email/src/maildir/taylor-m/sent/181.
700	0	data/samples/email/src/maildir/taylor-m/sent/975.
700	0	data/samples/email/src/maildir/taylor-m/sent/980.
700	0	data/samples/email/src/maildir/watson-k/deleted_items/281.
700	0	data/samples/email/src/maildir/watson-k/e_mail_bin/133.
700	0	data/samples/email/src/maildir/weldon-c/sent_items/198.
700	0	data/samples/email/src/maildir/ybarbo-p/deleted_items/114.
660	0	data/samples/email/src/maildir/zufferli-j/deleted_items/63.
600	0	data/samples/email/src/maildir/arnold-j/deleted_items/397.
600	0	data/samples/email/src/maildir/arnold-j/deleted_items/468.
600	0	data/samples/email/src/maildir/arnold-j/deleted_items/482.
600	0	data/samples/email/src/maildir/arnold-j/deleted_items/484.
600	0	data/samples/email/src/maildir/arnold-j/deleted_items/506.
600	0	data/samples/email/src/maildir/arnold-j/inbox/54.
600	0	data/samples/email/src/maildir/arnold-j/sent_items/586.
600	1	data/samples/email/src/maildir/bass-e/_sent_mail/1163.
600	1	data/samples/email/src/maildir/bass-e/_sent_mail/22.
600	1	data/samples/email/src/maildir/bass-e/all_documents/1745.
600	1	data/samples/email/src/maildir/bass-e/discussion_threads/1790.
600	1	data/samples/email/src/maildir/bass-e/sent/1065.
600	0	data/samples/email/src/maildir/baughman-d/all_documents/45.
600	0	data/samples/email/src/maildir/baughman-d/deleted_items/423.
600	0	data/samples/email/src/maildir/baughman-d/ect_admin/3.
600	0	data/samples/email/src/maildir/baughman-d/ect_admin/52.
600	0	data/samples/email/src/maildir/baughman-d/inbox/221.
600	0	data/samples/email/src/maildir/beck-s/inbox/263.
600	0	data/samples/email/src/maildir/benson-r/inbox/41.
600	0	data/samples/email/src/maildir/buy-r/inbox/259.
600	0	data/samples/email/src/maildir/cash-m/deleted_items/382.
600	0	data/samples/email/src/maildir/cash-m/general_research/16.
600	0	data/samples/email/src/maildir/cash-m/inbox/233.
600	0	data/samples/email/src/maildir/cash-m/inbox/dlr/40.
600	0	data/samples/email/src/maildir/corman-s/deleted_items/14.
600	0	data/samples/email/src/maildir/corman-s/deleted_items/65.
600	0	data/samples/email/src/maildir/corman-s/deleted_items/67.
600	0	data/samples/email/src/maildir/corman-s/deleted_items/68.
600	0	data/samples/email/src/maildir/corman-s/inbox/archives/old_messages/125.
600	0	data/samples/email/src/maildir/corman-s/sent_items/27.
600	0	data/samples/email/src/maildir/crandell-s/deleted_items/12.
600	0	data/samples/email/src/maildir/crandell-s/deleted_items/18.
600	0	data/samples/email/src/maildir/crandell-s/deleted_items/19.
600	0	data/samples/email/src/maildir/crandell-s/deleted_items/23.
600	0	data/samples/email/src/maildir/crandell-s/deleted_items/28.
600	0	data/samples/email/src/maildir/crandell-s/deleted_items/35.
600	0	data/samples/email/src/maildir/crandell-s/deleted_items/48.
600	0	data/samples/email/src/maildir/crandell-s/deleted_items/54.
600	0	data/samples/email/src/maildir/crandell-s/deleted_items/56.
600	0	data/samples/email/src/maildir/crandell-s/deleted_items/57.
600	0	data/samples/email/src/maildir/crandell-s/deleted_items/66.
600	0	data/samples/email/src/maildir/crandell-s/deleted_items/7.
600	0	data/samples/email/src/maildir/crandell-s/deleted_items/75.
600	0	data/samples/email/src/maildir/crandell-s/deleted_items/82.
600	0	data/samples/email/src/maildir/crandell-s/deleted_items/83.
600	0	data/samples/email/src/maildir/crandell-s/inbox/179.
600	0	data/samples/email/src/maildir/crandell-s/inbox/28.
600	0	data/samples/email/src/maildir/crandell-s/inbox/52.
600	0	data/samples/email/src/maildir/crandell-s/inbox/73.
600	0	data/samples/email/src/maildir/crandell-s/inbox/9.
600	0	data/samples/email/src/maildir/dasovich-j/all_documents/10459.
600	0	data/samples/email/src/maildir/dasovich-j/all_documents/10791.
600	0	data/samples/email/src/maildir/dasovich-j/all_documents/11137.
600	0	data/samples/email/src/maildir/dasovich-j/all_documents/11383.
600	0	data/samples/email/src/maildir/dasovich-j/all_documents/11847.
600	0	data/samples/email/src/maildir/dasovich-j/all_documents/11901.
600	0	data/samples/email/src/maildir/dasovich-j/all_documents/11950.
600	0	data/samples/email/src/maildir/dasovich-j/all_documents/12016.
600	0	data/samples/email/src/maildir/dasovich-j/all_documents/12246.
600	0	data/samples/email/src/maildir/dasovich-j/all_documents/12412.
600	0	data/samples/email/src/maildir/dasovich-j/all_documents/1250.
600	0	data/samples/email/src/maildir/dasovich-j/all_documents/12616.
600	0	data/samples/email/src/maildir/dasovich-j/all_documents/13074.
600	0	data/samples/email/src/maildir/dasovich-j/all_documents/13111.
600	0	data/samples/email/src/maildir/dasovich-j/all_documents/13209.
600	0	data/samples/email/src/maildir/dasovich-j/all_documents/13232.
600	0	data/samples/email/src/maildir/dasovich-j/all_documents/13382.
600	0	data/samples/email/src/maildir/dasovich-j/all_documents/13451.
600	0	data/samples/email/src/maildir/dasovich-j/all_documents/1471.
600	0	data/samples/email/src/maildir/dasovich-j/all_documents/1524.
600	0	data/samples/email/src/maildir/dasovich-j/all_documents/1649.
600	0	data/samples/email/src/maildir/dasovich-j/all_documents/1838.
600	0	data/samples/email/src/maildir/dasovich-j/all_documents/2530.
600	0	data/samples/email/src/maildir/dasovich-j/all_documents/260.
600	0	data/samples/email/src/maildir/dasovich-j/all_documents/2613.
600	0	data/samples/email/src/maildir/dasovich-j/all_documents/27751.
600	0	data/samples/email/src/maildir/dasovich-j/all_documents/27776.
600	0	data/samples/email/src/maildir/dasovich-j/all_documents/2846.
600	0	data/samples/email/src/maildir/dasovich-j/all_documents/28595.
600	0	data/samples/email/src/maildir/dasovich-j/all_documents/29177.
600	0	data/samples/email/src/maildir/dasovich-j/all_documents/310.
600	0	data/samples/email/src/maildir/dasovich-j/all_documents/4401.
600	0	data/samples/email/src/maildir/dasovich-j/all_documents/4673.
600	0	data/samples/email/src/maildir/dasovich-j/all_documents/8933.
600	0	data/samples/email/src/maildir/dasovich-j/benefits/1.
600	0	data/samples/email/src/maildir/dasovich-j/cross_border_task_force/3.
600	0	data/samples/email/src/maildir/dasovich-j/deleted_items/106.
600	0	data/samples/email/src/maildir/dasovich-j/deleted_items/1777.
600	0	data/samples/email/src/maildir/dasovich-j/deleted_items/1865.
600	0	data/samples/email/src/maildir/dasovich-j/deleted_items/1869.
600	0	data/samples/email/src/maildir/dasovich-j/deleted_items/1870.
600	0	data/samples/email/src/maildir/dasovich-j/deleted_items/1871.
600	0	data/samples/email/src/maildir/dasovich-j/deleted_items/195.
600	0	data/samples/email/src/maildir/dasovich-j/deleted_items/214.
600	0	data/samples/email/src/maildir/dasovich-j/deleted_items/376.
600	0	data/samples/email/src/maildir/dasovich-j/deleted_items/759.
600	0	data/samples/email/src/maildir/dasovich-j/inbox/1496.
600	0	data/samples/email/src/maildir/dasovich-j/inbox/1581.
600	0	data/samples/email/src/maildir/dasovich-j/inbox/1674.
600	0	data/samples/email/src/maildir/dasovich-j/inbox/258.
600	0	data/samples/email/src/maildir/dasovich-j/inbox/708.
600	0	data/samples/email/src/maildir/dasovich-j/inbox/745.
600	0	data/samples/email/src/maildir/dasovich-j/inbox/770.
600	0	data/samples/email/src/maildir/dasovich-j/inbox/783.
600	0	data/samples/email/src/maildir/dasovich-j/inbox/812.
600	0	data/samples/email/src/maildir/dasovich-j/inbox/95.
600	0	data/samples/email/src/maildir/dasovich-j/notes_inbox/1054.
600	0	data/samples/email/src/maildir/dasovich-j/notes_inbox/1106.
600	0	data/samples/email/src/maildir/dasovich-j/notes_inbox/11634.
600	0	data/samples/email/src/maildir/dasovich-j/notes_inbox/12018.
600	0	data/samples/email/src/maildir/dasovich-j/notes_inbox/12601.
600	0	data/samples/email/src/maildir/dasovich-j/notes_inbox/12625.
600	0	data/samples/email/src/maildir/dasovich-j/notes_inbox/1280.
600	0	data/samples/email/src/maildir/dasovich-j/notes_inbox/2336.
600	0	data/samples/email/src/maildir/dasovich-j/notes_inbox/2521.
600	0	data/samples/email/src/maildir/dasovich-j/notes_inbox/2628.
600	0	data/samples/email/src/maildir/dasovich-j/notes_inbox/2681.
600	0	data/samples/email/src/maildir/dasovich-j/notes_inbox/2797.
600	0	data/samples/email/src/maildir/dasovich-j/notes_inbox/2813.
600	0	data/samples/email/src/maildir/dasovich-j/notes_inbox/2881.
600	0	data/samples/email/src/maildir/dasovich-j/notes_inbox/2918.
600	0	data/samples/email/src/maildir/dasovich-j/notes_inbox/316.
600	0	data/samples/email/src/maildir/dasovich-j/notes_inbox/3278.
600	0	data/samples/email/src/maildir/dasovich-j/notes_inbox/3400.
600	0	data/samples/email/src/maildir/dasovich-j/notes_inbox/3497.
600	0	data/samples/email/src/maildir/dasovich-j/notes_inbox/3670.
600	0	data/samples/email/src/maildir/dasovich-j/notes_inbox/3728.
600	0	data/samples/email/src/maildir/dasovich-j/notes_inbox/3768.
600	0	data/samples/email/src/maildir/dasovich-j/notes_inbox/3813.
600	0	data/samples/email/src/maildir/dasovich-j/notes_inbox/4099.
600	0	data/samples/email/src/maildir/dasovich-j/notes_inbox/4254.
600	0	data/samples/email/src/maildir/dasovich-j/notes_inbox/4487.
600	0	data/samples/email/src/maildir/dasovich-j/notes_inbox/459.
600	0	data/samples/email/src/maildir/dasovich-j/notes_inbox/4677.
600	0	data/samples/email/src/maildir/dasovich-j/notes_inbox/481.
600	0	data/samples/email/src/maildir/dasovich-j/notes_inbox/5421.
600	0	data/samples/email/src/maildir/dasovich-j/notes_inbox/567.
600	0	data/samples/email/src/maildir/dasovich-j/notes_inbox/689.
600	0	data/samples/email/src/maildir/derrick-j/deleted_items/153.
600	0	data/samples/email/src/maildir/derrick-j/sent_items/568.
600	1	data/samples/email/src/maildir/donohoe-t/inbox/80.
600	0	data/samples/email/src/maildir/fossum-d/all_documents/834.
600	0	data/samples/email/src/maildir/fossum-d/discussion_threads/585.
600	0	data/samples/email/src/maildir/fossum-d/notes_inbox/214.
600	0	data/samples/email/src/maildir/gay-r/all_documents/97.
600	0	data/samples/email/src/maildir/gay-r/discussion_threads/39.
600	0	data/samples/email/src/maildir/gay-r/sent/97.
600	0	data/samples/email/src/maildir/geaccone-t/inbox/272.
600	0	data/samples/email/src/maildir/germany-c/_sent_mail/609.
600	0	data/samples/email/src/maildir/germany-c/all_documents/623.
600	0	data/samples/email/src/maildir/germany-c/discussion_threads/1776.
600	1	data/samples/email/src/maildir/germany-c/inbox/87.
600	0	data/samples/email/src/maildir/germany-c/sent/328.
600	0	data/samples/email/src/maildir/gilbertsmith-d/inbox/137.
600	0	data/samples/email/src/maildir/griffith-j/all_documents/94.
600	0	data/samples/email/src/maildir/griffith-j/deleted_items/368.
600	1	data/samples/email/src/maildir/grigsby-m/all_documents/134.
600	1	data/samples/email/src/maildir/grigsby-m/all_documents/135.
600	1	data/samples/email/src/maildir/grigsby-m/all_documents/136.
600	1	data/samples/email/src/maildir/grigsby-m/all_documents/137.
600	1	data/samples/email/src/maildir/grigsby-m/discussion_threads/201.
600	1	data/samples/email/src/maildir/grigsby-m/discussion_threads/202.
600	1	data/samples/email/src/maildir/grigsby-m/discussion_threads/203.
600	1	data/samples/email/src/maildir/grigsby-m/discussion_threads/204.
600	1	data/samples/email/src/maildir/grigsby-m/notes_inbox/134.
600	1	data/samples/email/src/maildir/grigsby-m/notes_inbox/135.
600	1	data/samples/email/src/maildir/grigsby-m/notes_inbox/136.
600	1	data/samples/email/src/maildir/grigsby-m/notes_inbox/137.
600	0	data/samples/email/src/maildir/hayslett-r/_sent_mail/31.
600	0	data/samples/email/src/maildir/hayslett-r/all_documents/412.
600	0	data/samples/email/src/maildir/hayslett-r/discussion_threads/365.
600	0	data/samples/email/src/maildir/hayslett-r/projects/azurix/24.
600	0	data/samples/email/src/maildir/hayslett-r/sent/19.
600	1	data/samples/email/src/maildir/hayslett-r/sent_items/261.
600	0	data/samples/email/src/maildir/hernandez-j/all_documents/22.
600	0	data/samples/email/src/maildir/hodge-j/all_documents/10.
600	0	data/samples/email/src/maildir/hyvl-d/all_documents/1498.
600	0	data/samples/email/src/maildir/hyvl-d/miscellaneous/1.
600	0	data/samples/email/src/maildir/jones-t/all_documents/1085.
600	0	data/samples/email/src/maildir/jones-t/all_documents/12208.
600	0	data/samples/email/src/maildir/jones-t/notes_inbox/2.
600	0	data/samples/email/src/maildir/jones-t/notes_inbox/5015.
600	0	data/samples/email/src/maildir/kaminski-v/_sent_mail/4737.
600	0	data/samples/email/src/maildir/kaminski-v/all_documents/11010.
600	0	data/samples/email/src/maildir/kaminski-v/all_documents/1697.
600	0	data/samples/email/src/maildir/kaminski-v/c/technote/mail/techmemos/59.
600	0	data/samples/email/src/maildir/kaminski-v/deleted_items/798.
600	0	data/samples/email/src/maildir/kaminski-v/sent/4736.
600	0	data/samples/email/src/maildir/kean-s/all_documents/1050.
600	0	data/samples/email/src/maildir/kean-s/all_documents/1051.
600	0	data/samples/email/src/maildir/kean-s/all_documents/1649.
600	0	data/samples/email/src/maildir/kean-s/all_documents/1793.
600	0	data/samples/email/src/maildir/kean-s/all_documents/2236.
600	0	data/samples/email/src/maildir/kean-s/all_documents/4678.
600	0	data/samples/email/src/maildir/kean-s/all_documents/4732.
600	0	data/samples/email/src/maildir/kean-s/all_documents/4746.
600	0	data/samples/email/src/maildir/kean-s/all_documents/4954.
600	0	data/samples/email/src/maildir/kean-s/all_documents/5033.
600	0	data/samples/email/src/maildir/kean-s/all_documents/5186.
600	0	data/samples/email/src/maildir/kean-s/archiving/untitled/1276.
600	0	data/samples/email/src/maildir/kean-s/archiving/untitled/1277.
600	0	data/samples/email/src/maildir/kean-s/archiving/untitled/4677.
600	0	data/samples/email/src/maildir/kean-s/archiving/untitled/4731.
600	0	data/samples/email/src/maildir/kean-s/archiving/untitled/4745.
600	0	data/samples/email/src/maildir/kean-s/archiving/untitled/4953.
600	0	data/samples/email/src/maildir/kean-s/archiving/untitled/5032.
600	0	data/samples/email/src/maildir/kean-s/archiving/untitled/5185.
600	0	data/samples/email/src/maildir/kean-s/archiving/untitled/534.
600	0	data/samples/email/src/maildir/kean-s/archiving/untitled/678.
600	0	data/samples/email/src/maildir/kean-s/archiving/untitled/91.
600	0	data/samples/email/src/maildir/kean-s/attachments/847.
600	0	data/samples/email/src/maildir/kean-s/attachments/868.
600	0	data/samples/email/src/maildir/kean-s/calendar/untitled/1051.
600	0	data/samples/email/src/maildir/kean-s/calendar/untitled/1052.
600	0	data/samples/email/src/maildir/kean-s/calendar/untitled/1650.
600	0	data/samples/email/src/maildir/kean-s/calendar/untitled/1794.
600	0	data/samples/email/src/maildir/kean-s/calendar/untitled/2237.
600	0	data/samples/email/src/maildir/kean-s/calendar/untitled/8178.
600	0	data/samples/email/src/maildir/kean-s/calendar/untitled/8331.
600	0	data/samples/email/src/maildir/kean-s/calendar/untitled/8410.
600	0	data/samples/email/src/maildir/kean-s/calendar/untitled/8618.
600	0	data/samples/email/src/maildir/kean-s/calendar/untitled/8632.
600	0	data/samples/email/src/maildir/kean-s/calendar/untitled/8686.
600	0	data/samples/email/src/maildir/kean-s/california/101.
600	0	data/samples/email/src/maildir/kean-s/california/111.
600	0	data/samples/email/src/maildir/kean-s/california/159.
600	0	data/samples/email/src/maildir/kean-s/deleted_items/1.
600	0	data/samples/email/src/maildir/kean-s/deleted_items/13.
600	0	data/samples/email/src/maildir/kean-s/deleted_items/152.
600	0	data/samples/email/src/maildir/kean-s/deleted_items/159.
600	0	data/samples/email/src/maildir/kean-s/deleted_items/17.
600	0	data/samples/email/src/maildir/kean-s/deleted_items/180.
600	0	data/samples/email/src/maildir/kean-s/deleted_items/20.
600	0	data/samples/email/src/maildir/kean-s/deleted_items/207.
600	0	data/samples/email/src/maildir/kean-s/deleted_items/220.
600	0	data/samples/email/src/maildir/kean-s/deleted_items/229.
600	0	data/samples/email/src/maildir/kean-s/deleted_items/252.
600	0	data/samples/email/src/maildir/kean-s/deleted_items/265.
600	0	data/samples/email/src/maildir/kean-s/deleted_items/283.
600	0	data/samples/email/src/maildir/kean-s/deleted_items/320.
600	0	data/samples/email/src/maildir/kean-s/deleted_items/322.
600	0	data/samples/email/src/maildir/kean-s/deleted_items/36.
600	0	data/samples/email/src/maildir/kean-s/deleted_items/376.
600	0	data/samples/email/src/maildir/kean-s/deleted_items/401.
600	0	data/samples/email/src/maildir/kean-s/deleted_items/430.
600	0	data/samples/email/src/maildir/kean-s/deleted_items/432.
600	0	data/samples/email/src/maildir/kean-s/deleted_items/437.
600	0	data/samples/email/src/maildir/kean-s/deleted_items/439.
600	0	data/samples/email/src/maildir/kean-s/deleted_items/461.
600	0	data/samples/email/src/maildir/kean-s/deleted_items/48.
600	0	data/samples/email/src/maildir/kean-s/deleted_items/483.
600	0	data/samples/email/src/maildir/kean-s/deleted_items/49.
600	0	data/samples/email/src/maildir/kean-s/deleted_items/53.
600	0	data/samples/email/src/maildir/kean-s/deleted_items/67.
600	0	data/samples/email/src/maildir/kean-s/deleted_items/7.
600	0	data/samples/email/src/maildir/kean-s/discussion_threads/1407.
600	0	data/samples/email/src/maildir/kean-s/discussion_threads/1529.
600	0	data/samples/email/src/maildir/kean-s/discussion_threads/3032.
600	0	data/samples/email/src/maildir/kean-s/discussion_threads/3162.
600	0	data/samples/email/src/maildir/kean-s/discussion_threads/3221.
600	0	data/samples/email/src/maildir/kean-s/discussion_threads/3397.
600	0	data/samples/email/src/maildir/kean-s/discussion_threads/3411.
600	0	data/samples/email/src/maildir/kean-s/discussion_threads/3462.
600	0	data/samples/email/src/maildir/kean-s/discussion_threads/910.
600	0	data/samples/email/src/maildir/kean-s/discussion_threads/911.
600	0	data/samples/email/src/maildir/kean-s/enron_mentions/1.
600	0	data/samples/email/src/maildir/kean-s/enron_mentions/19.
600	0	data/samples/email/src/maildir/kean-s/enron_mentions/25.
600	0	data/samples/email/src/maildir/kean-s/enron_mentions/81.
600	0	data/samples/email/src/maildir/kean-s/enron_mentions/82.
600	0	data/samples/email/src/maildir/kean-s/heat_wave/20.
600	0	data/samples/email/src/maildir/kean-s/heat_wave/203.
600	0	data/samples/email/src/maildir/kean-s/heat_wave/204.
600	0	data/samples/email/src/maildir/kean-s/inbox/18.
600	0	data/samples/email/src/maildir/kean-s/inbox/42.
600	0	data/samples/email/src/maildir/kean-s/inbox/enron_mentions/6.
600	0	data/samples/email/src/maildir/kean-s/notes_inbox/115.
600	0	data/samples/email/src/maildir/kean-s/pr_crisis_management/43.
600	0	data/samples/email/src/maildir/kean-s/sent/435.
600	0	data/samples/email/src/maildir/king-j/deleted_items/157.
600	0	data/samples/email/src/maildir/kitchen-l/_americas/business_plans/25.
600	0	data/samples/email/src/maildir/kitchen-l/_americas/esvl/695.
600	0	data/samples/email/src/maildir/kitchen-l/_americas/esvl/703.
600	0	data/samples/email/src/maildir/kitchen-l/_americas/esvl/704.
600	0	data/samples/email/src/maildir/kitchen-l/_americas/esvl/708.
600	0	data/samples/email/src/maildir/kitchen-l/_americas/esvl/747.
600	0	data/samples/email/src/maildir/kitchen-l/_americas/ooc/194.
600	0	data/samples/email/src/maildir/kitchen-l/_americas/ooc/206.
600	0	data/samples/email/src/maildir/kitchen-l/_americas/ooc/214.
600	0	data/samples/email/src/maildir/kitchen-l/_americas/ooc/221.
600	0	data/samples/email/src/maildir/kitchen-l/_americas/sec_media/10.
600	0	data/samples/email/src/maildir/kitchen-l/_americas/sec_media/24.
600	0	data/samples/email/src/maildir/kitchen-l/_americas/sec_media/26.
600	0	data/samples/email/src/maildir/kitchen-l/_americas/sec_media/31.
600	0	data/samples/email/src/maildir/kitchen-l/_americas/sec_media/32.
600	0	data/samples/email/src/maildir/kitchen-l/_americas/sec_media/38.
600	0	data/samples/email/src/maildir/kitchen-l/_americas/sec_media/4.
600	0	data/samples/email/src/maildir/kitchen-l/_americas/sec_media/40.
600	0	data/samples/email/src/maildir/kitchen-l/_americas/sec_media/45.
600	0	data/samples/email/src/maildir/kitchen-l/_americas/sec_media/5.
600	0	data/samples/email/src/maildir/kitchen-l/_americas/sec_media/54.
600	0	data/samples/email/src/maildir/kitchen-l/_americas/sec_media/55.
600	0	data/samples/email/src/maildir/kitchen-l/_americas/sec_media/67.
600	0	data/samples/email/src/maildir/kitchen-l/_americas/sec_media/72.
600	0	data/samples/email/src/maildir/kitchen-l/_americas/sec_media/73.
600	0	data/samples/email/src/maildir/kitchen-l/_americas/sec_media/74.
600	0	data/samples/email/src/maildir/kitchen-l/_americas/sec_media/78.
600	0	data/samples/email/src/maildir/kitchen-l/sent_items/607.
600	0	data/samples/email/src/maildir/kitchen-l/sent_items/608.
600	0	data/samples/email/src/maildir/kitchen-l/sent_items/663.
600	1	data/samples/email/src/maildir/lewis-a/all_documents/12.
600	0	data/samples/email/src/maildir/lewis-a/all_documents/29.
600	0	data/samples/email/src/maildir/lewis-a/all_documents/55.
600	0	data/samples/email/src/maildir/lewis-a/deleted_items/1025.
600	0	data/samples/email/src/maildir/lewis-a/deleted_items/128.
600	0	data/samples/email/src/maildir/lewis-a/deleted_items/88.
600	0	data/samples/email/src/maildir/lewis-a/discussion_threads/115.
600	0	data/samples/email/src/maildir/lewis-a/discussion_threads/141.
600	1	data/samples/email/src/maildir/lewis-a/discussion_threads/158.
600	0	data/samples/email/src/maildir/lewis-a/notes_inbox/21.
600	1	data/samples/email/src/maildir/lewis-a/notes_inbox/4.
600	0	data/samples/email/src/maildir/lewis-a/notes_inbox/47.
600	0	data/samples/email/src/maildir/lokay-m/all_documents/1909.
600	0	data/samples/email/src/maildir/lokay-m/corporate/436.
600	1	data/samples/email/src/maildir/lokay-m/personal/155.
600	0	data/samples/email/src/maildir/love-p/inbox/91.
600	0	data/samples/email/src/maildir/love-p/other/3.
600	0	data/samples/email/src/maildir/lucci-p/deleted_items/643.
600	0	data/samples/email/src/maildir/mann-k/all_documents/6204.
600	0	data/samples/email/src/maildir/mann-k/discussion_threads/4518.
600	0	data/samples/email/src/maildir/mann-k/notes_inbox/274.
600	0	data/samples/email/src/maildir/martin-t/deleted_items/24.
600	0	data/samples/email/src/maildir/martin-t/deleted_items/38.
600	0	data/samples/email/src/maildir/martin-t/deleted_items/46.
600	0	data/samples/email/src/maildir/martin-t/deleted_items/83.
600	0	data/samples/email/src/maildir/martin-t/deleted_items/84.
600	0	data/samples/email/src/maildir/martin-t/deleted_items/86.
600	0	data/samples/email/src/maildir/martin-t/deleted_items/95.
600	0	data/samples/email/src/maildir/martin-t/inbox/25.
600	0	data/samples/email/src/maildir/martin-t/inbox/278.
600	0	data/samples/email/src/maildir/martin-t/inbox/301.
600	0	data/samples/email/src/maildir/martin-t/inbox/305.
600	0	data/samples/email/src/maildir/martin-t/inbox/313.
600	0	data/samples/email/src/maildir/martin-t/inbox/326.
600	0	data/samples/email/src/maildir/martin-t/inbox/40.
600	0	data/samples/email/src/maildir/martin-t/inbox/42.
600	0	data/samples/email/src/maildir/martin-t/inbox/90.
600	0	data/samples/email/src/maildir/martin-t/inbox/98.
600	0	data/samples/email/src/maildir/may-l/inbox/226.
600	0	data/samples/email/src/maildir/mccarty-d/deleted_items/117.
600	0	data/samples/email/src/maildir/mccarty-d/deleted_items/57.
600	0	data/samples/email/src/maildir/mccarty-d/deleted_items/85.
600	0	data/samples/email/src/maildir/mcconnell-m/_sent_mail/192.
600	0	data/samples/email/src/maildir/mcconnell-m/all_documents/345.
600	0	data/samples/email/src/maildir/mcconnell-m/discussion_threads/456.
600	0	data/samples/email/src/maildir/mcconnell-m/sent/193.
600	0	data/samples/email/src/maildir/mckay-b/deleted_items/114.
600	0	data/samples/email/src/maildir/mckay-b/deleted_items/125.
600	0	data/samples/email/src/maildir/mckay-b/deleted_items/13.
600	0	data/samples/email/src/maildir/mckay-b/deleted_items/137.
600	0	data/samples/email/src/maildir/mckay-b/deleted_items/142.
600	0	data/samples/email/src/maildir/mckay-b/deleted_items/145.
600	0	data/samples/email/src/maildir/mckay-b/deleted_items/163.
600	0	data/samples/email/src/maildir/mckay-b/deleted_items/181.
600	0	data/samples/email/src/maildir/mckay-b/deleted_items/209.
600	0	data/samples/email/src/maildir/mckay-b/deleted_items/213.
600	0	data/samples/email/src/maildir/mckay-b/deleted_items/228.
600	0	data/samples/email/src/maildir/mckay-b/deleted_items/255.
600	0	data/samples/email/src/maildir/mckay-b/deleted_items/256.
600	0	data/samples/email/src/maildir/mckay-b/deleted_items/257.
600	0	data/samples/email/src/maildir/mckay-b/deleted_items/258.
600	0	data/samples/email/src/maildir/mckay-b/deleted_items/270.
600	0	data/samples/email/src/maildir/mckay-b/deleted_items/277.
600	0	data/samples/email/src/maildir/mckay-b/deleted_items/287.
600	0	data/samples/email/src/maildir/mckay-b/deleted_items/297.
600	0	data/samples/email/src/maildir/mckay-b/deleted_items/320.
600	0	data/samples/email/src/maildir/mckay-b/deleted_items/34.
600	0	data/samples/email/src/maildir/mckay-b/deleted_items/52.
600	0	data/samples/email/src/maildir/mckay-b/deleted_items/60.
600	0	data/samples/email/src/maildir/mckay-b/deleted_items/63.
600	0	data/samples/email/src/maildir/mckay-b/deleted_items/7.
600	0	data/samples/email/src/maildir/mckay-b/deleted_items/81.
600	0	data/samples/email/src/maildir/mckay-b/deleted_items/84.
600	0	data/samples/email/src/maildir/mckay-b/deleted_items/9.
600	0	data/samples/email/src/maildir/mckay-b/inbox/33.
600	0	data/samples/email/src/maildir/mckay-b/inbox/47.
600	0	data/samples/email/src/maildir/mckay-b/inbox/52.
600	0	data/samples/email/src/maildir/mckay-b/inbox/66.
600	0	data/samples/email/src/maildir/mckay-j/enron/9.
600	0	data/samples/email/src/maildir/mclaughlin-e/all_documents/30.
600	0	data/samples/email/src/maildir/mclaughlin-e/inbox/169.
600	0	data/samples/email/src/maildir/mclaughlin-e/private_folders/corp_info_announcements/8.
600	0	data/samples/email/src/maildir/mims-thurston-p/deleted_items/215.
600	0	data/samples/email/src/maildir/motley-m/deleted_items/10.
600	0	data/samples/email/src/maildir/motley-m/deleted_items/14.
600	0	data/samples/email/src/maildir/motley-m/deleted_items/17.
600	0	data/samples/email/src/maildir/motley-m/deleted_items/19.
600	0	data/samples/email/src/maildir/motley-m/deleted_items/2.
600	0	data/samples/email/src/maildir/motley-m/deleted_items/23.
600	0	data/samples/email/src/maildir/motley-m/deleted_items/27.
600	0	data/samples/email/src/maildir/motley-m/deleted_items/33.
600	0	data/samples/email/src/maildir/motley-m/deleted_items/38.
600	0	data/samples/email/src/maildir/motley-m/deleted_items/42.
600	0	data/samples/email/src/maildir/motley-m/deleted_items/45.
600	0	data/samples/email/src/maildir/motley-m/deleted_items/49.
600	0	data/samples/email/src/maildir/motley-m/deleted_items/55.
600	0	data/samples/email/src/maildir/motley-m/deleted_items/60.
600	0	data/samples/email/src/maildir/motley-m/deleted_items/64.
600	0	data/samples/email/src/maildir/motley-m/deleted_items/71.
600	0	data/samples/email/src/maildir/motley-m/deleted_items/78.
600	0	data/samples/email/src/maildir/motley-m/deleted_items/81.
600	0	data/samples/email/src/maildir/motley-m/deleted_items/83.
600	0	data/samples/email/src/maildir/nemec-g/all_documents/4380.
600	0	data/samples/email/src/maildir/nemec-g/all_documents/624.
600	0	data/samples/email/src/maildir/nemec-g/all_documents/6384.
600	0	data/samples/email/src/maildir/nemec-g/notes_inbox/1204.
600	0	data/samples/email/src/maildir/nemec-g/notes_inbox/20.
600	0	data/samples/email/src/maildir/nemec-g/notes_inbox/2646.
600	0	data/samples/email/src/maildir/platter-p/inbox/214.
600	0	data/samples/email/src/maildir/rapp-b/deleted_items/121.
600	0	data/samples/email/src/maildir/rapp-b/deleted_items/144.
600	0	data/samples/email/src/maildir/rapp-b/deleted_items/146.
600	0	data/samples/email/src/maildir/rapp-b/deleted_items/147.
600	0	data/samples/email/src/maildir/rapp-b/deleted_items/149.
600	0	data/samples/email/src/maildir/rapp-b/deleted_items/155.
600	0	data/samples/email/src/maildir/rapp-b/deleted_items/172.
600	0	data/samples/email/src/maildir/rapp-b/deleted_items/25.
600	0	data/samples/email/src/maildir/rapp-b/deleted_items/41.
600	0	data/samples/email/src/maildir/rapp-b/deleted_items/6.
600	0	data/samples/email/src/maildir/rapp-b/inbox/142.
600	0	data/samples/email/src/maildir/rapp-b/inbox/154.
600	0	data/samples/email/src/maildir/rapp-b/inbox/173.
600	0	data/samples/email/src/maildir/rapp-b/inbox/185.
600	0	data/samples/email/src/maildir/rapp-b/inbox/195.
600	0	data/samples/email/src/maildir/rapp-b/inbox/2.
600	0	data/samples/email/src/maildir/rapp-b/inbox/228.
600	0	data/samples/email/src/maildir/rapp-b/inbox/259.
600	0	data/samples/email/src/maildir/rapp-b/inbox/264.
600	0	data/samples/email/src/maildir/rapp-b/inbox/27.
600	0	data/samples/email/src/maildir/rapp-b/inbox/278.
600	0	data/samples/email/src/maildir/rapp-b/inbox/294.
600	0	data/samples/email/src/maildir/rapp-b/inbox/303.
600	0	data/samples/email/src/maildir/rapp-b/inbox/326.
600	0	data/samples/email/src/maildir/rapp-b/inbox/360.
600	0	data/samples/email/src/maildir/rapp-b/inbox/407.
600	0	data/samples/email/src/maildir/rapp-b/inbox/42.
600	0	data/samples/email/src/maildir/rapp-b/inbox/48.
600	0	data/samples/email/src/maildir/rogers-b/all_documents/1578.
600	0	data/samples/email/src/maildir/rogers-b/all_documents/2020.
600	0	data/samples/email/src/maildir/rogers-b/all_documents/298.
600	0	data/samples/email/src/maildir/rogers-b/discussion_threads/1654.
600	0	data/samples/email/src/maildir/rogers-b/discussion_threads/470.
600	0	data/samples/email/src/maildir/rogers-b/discussion_threads/78.
600	0	data/samples/email/src/maildir/rogers-b/enron_news/128.
600	0	data/samples/email/src/maildir/rogers-b/motley_fool_e_mails/133.
600	0	data/samples/email/src/maildir/rogers-b/teco/18.
600	0	data/samples/email/src/maildir/sager-e/all_documents/853.
600	0	data/samples/email/src/maildir/sager-e/sager___general/2.
600	0	data/samples/email/src/maildir/saibi-e/inbox/263.
600	0	data/samples/email/src/maildir/saibi-e/sent_items/15.
600	0	data/samples/email/src/maildir/salisbury-h/inbox/163.
600	0	data/samples/email/src/maildir/sanders-r/all_documents/2156.
600	0	data/samples/email/src/maildir/sanders-r/all_documents/2157.
600	0	data/samples/email/src/maildir/sanders-r/sent/1184.
600	0	data/samples/email/src/maildir/sanders-r/sent/1185.
600	0	data/samples/email/src/maildir/sanders-r/sent_items/224.
600	0	data/samples/email/src/maildir/scholtes-d/outbox/personal/8.
600	0	data/samples/email/src/maildir/scott-s/deleted_items/402.
600	0	data/samples/email/src/maildir/shackleton-s/all_documents/11324.
600	0	data/samples/email/src/maildir/shackleton-s/all_documents/5068.
600	0	data/samples/email/src/maildir/shackleton-s/all_documents/960.
600	0	data/samples/email/src/maildir/shackleton-s/notes_inbox/2063.
600	0	data/samples/email/src/maildir/shackleton-s/notes_inbox/94.
600	0	data/samples/email/src/maildir/shackleton-s/policy/24.
600	0	data/samples/email/src/maildir/shankman-j/deleted_items/102.
600	0	data/samples/email/src/maildir/shankman-j/deleted_items/103.
600	0	data/samples/email/src/maildir/shankman-j/inbox/14.
600	0	data/samples/email/src/maildir/shapiro-r/all_documents/823.
600	0	data/samples/email/src/maildir/shapiro-r/all_documents/914.
600	0	data/samples/email/src/maildir/shapiro-r/all_documents/928.
600	0	data/samples/email/src/maildir/shapiro-r/deleted_items/427.
600	0	data/samples/email/src/maildir/shapiro-r/deleted_items/491.
600	0	data/samples/email/src/maildir/shapiro-r/deleted_items/501.
600	0	data/samples/email/src/maildir/shapiro-r/deleted_items/550.
600	0	data/samples/email/src/maildir/shapiro-r/deleted_items/588.
600	0	data/samples/email/src/maildir/shapiro-r/deleted_items/730.
600	0	data/samples/email/src/maildir/shapiro-r/discussion_threads/740.
600	0	data/samples/email/src/maildir/shapiro-r/discussion_threads/824.
600	0	data/samples/email/src/maildir/shapiro-r/discussion_threads/833.
600	0	data/samples/email/src/maildir/shapiro-r/notes_inbox/19.
600	0	data/samples/email/src/maildir/shapiro-r/notes_inbox/32.
600	0	data/samples/email/src/maildir/shapiro-r/personal/2.
600	0	data/samples/email/src/maildir/skilling-j/all_documents/444.
600	0	data/samples/email/src/maildir/skilling-j/deleted_items/315.
600	1	data/samples/email/src/maildir/skilling-j/deleted_items/445.
600	0	data/samples/email/src/maildir/skilling-j/discussion_threads/361.
600	1	data/samples/email/src/maildir/skilling-j/inbox/10.
600	1	data/samples/email/src/maildir/skilling-j/inbox/258.
600	0	data/samples/email/src/maildir/skilling-j/notes_inbox/60.
600	0	data/samples/email/src/maildir/slinger-r/deleted_items/94.
600	0	data/samples/email/src/maildir/stclair-c/all_documents/2488.
600	0	data/samples/email/src/maildir/stclair-c/all_documents/2489.
600	0	data/samples/email/src/maildir/stclair-c/personal/6.
600	0	data/samples/email/src/maildir/stclair-c/sent/2293.
600	0	data/samples/email/src/maildir/steffes-j/deleted_items/216.
600	0	data/samples/email/src/maildir/steffes-j/deleted_items/286.
600	0	data/samples/email/src/maildir/steffes-j/deleted_items/303.
600	0	data/samples/email/src/maildir/steffes-j/deleted_items/488.
600	0	data/samples/email/src/maildir/steffes-j/inbox/29.
600	0	data/samples/email/src/maildir/steffes-j/security___collateral/6.
600	0	data/samples/email/src/maildir/steffes-j/sent_items/1238.
600	0	data/samples/email/src/maildir/stokley-c/chris_stokley/sent/161.
600	0	data/samples/email/src/maildir/storey-g/netco/6.
600	0	data/samples/email/src/maildir/swerzbin-m/inbox/110.
600	0	data/samples/email/src/maildir/swerzbin-m/sent_items/80.
600	0	data/samples/email/src/maildir/symes-k/all_documents/2532.
600	0	data/samples/email/src/maildir/symes-k/all_documents/749.
600	0	data/samples/email/src/maildir/symes-k/all_documents/912.
600	0	data/samples/email/src/maildir/symes-k/discussion_threads/2434.
600	0	data/samples/email/src/maildir/symes-k/discussion_threads/706.
600	0	data/samples/email/src/maildir/symes-k/discussion_threads/876.
600	0	data/samples/email/src/maildir/symes-k/human_resources/2.
600	0	data/samples/email/src/maildir/symes-k/power_marketer/8.
600	0	data/samples/email/src/maildir/symes-k/power_marketer/82.
600	0	data/samples/email/src/maildir/taylor-m/all_documents/3501.
600	0	data/samples/email/src/maildir/taylor-m/all_documents/3938.
600	0	data/samples/email/src/maildir/taylor-m/deleted_items/601.
600	0	data/samples/email/src/maildir/taylor-m/notes_inbox/1623.
600	0	data/samples/email/src/maildir/taylor-m/notes_inbox/1899.
600	0	data/samples/email/src/maildir/taylor-m/sent_items/483.
600	0	data/samples/email/src/maildir/thomas-p/deleted_items/103.
600	0	data/samples/email/src/maildir/thomas-p/deleted_items/124.
600	0	data/samples/email/src/maildir/thomas-p/deleted_items/142.
600	0	data/samples/email/src/maildir/thomas-p/deleted_items/154.
600	0	data/samples/email/src/maildir/thomas-p/deleted_items/175.
600	0	data/samples/email/src/maildir/thomas-p/deleted_items/194.
600	0	data/samples/email/src/maildir/thomas-p/deleted_items/209.
600	0	data/samples/email/src/maildir/thomas-p/deleted_items/228.
600	0	data/samples/email/src/maildir/thomas-p/deleted_items/255.
600	0	data/samples/email/src/maildir/thomas-p/deleted_items/258.
600	0	data/samples/email/src/maildir/thomas-p/deleted_items/278.
600	0	data/samples/email/src/maildir/thomas-p/deleted_items/288.
600	0	data/samples/email/src/maildir/thomas-p/deleted_items/294.
600	0	data/samples/email/src/maildir/thomas-p/deleted_items/30.
600	0	data/samples/email/src/maildir/thomas-p/deleted_items/311.
600	0	data/samples/email/src/maildir/thomas-p/deleted_items/314.
600	0	data/samples/email/src/maildir/thomas-p/deleted_items/316.
600	0	data/samples/email/src/maildir/thomas-p/deleted_items/324.
600	0	data/samples/email/src/maildir/thomas-p/deleted_items/325.
600	0	data/samples/email/src/maildir/thomas-p/deleted_items/326.
600	0	data/samples/email/src/maildir/thomas-p/deleted_items/327.
600	0	data/samples/email/src/maildir/thomas-p/deleted_items/420.
600	0	data/samples/email/src/maildir/thomas-p/deleted_items/442.
600	0	data/samples/email/src/maildir/thomas-p/deleted_items/45.
600	0	data/samples/email/src/maildir/thomas-p/deleted_items/479.
600	0	data/samples/email/src/maildir/thomas-p/deleted_items/485.
600	0	data/samples/email/src/maildir/thomas-p/deleted_items/488.
600	0	data/samples/email/src/maildir/thomas-p/deleted_items/509.
600	0	data/samples/email/src/maildir/thomas-p/deleted_items/536.
600	0	data/samples/email/src/maildir/thomas-p/deleted_items/549.
600	0	data/samples/email/src/maildir/thomas-p/deleted_items/552.
600	0	data/samples/email/src/maildir/thomas-p/deleted_items/563.
600	0	data/samples/email/src/maildir/thomas-p/deleted_items/575.
600	0	data/samples/email/src/maildir/thomas-p/deleted_items/588.
600	0	data/samples/email/src/maildir/thomas-p/deleted_items/6.
600	0	data/samples/email/src/maildir/thomas-p/deleted_items/61.
600	0	data/samples/email/src/maildir/thomas-p/deleted_items/622.
600	0	data/samples/email/src/maildir/thomas-p/deleted_items/644.
600	0	data/samples/email/src/maildir/thomas-p/deleted_items/66.
600	0	data/samples/email/src/maildir/thomas-p/deleted_items/664.
600	0	data/samples/email/src/maildir/thomas-p/deleted_items/666.
600	0	data/samples/email/src/maildir/thomas-p/deleted_items/669.
600	0	data/samples/email/src/maildir/thomas-p/deleted_items/673.
600	0	data/samples/email/src/maildir/thomas-p/deleted_items/68.
600	0	data/samples/email/src/maildir/thomas-p/deleted_items/686.
600	0	data/samples/email/src/maildir/thomas-p/deleted_items/90.
600	0	data/samples/email/src/maildir/thomas-p/inbox/17.
600	0	data/samples/email/src/maildir/thomas-p/inbox/276.
600	0	data/samples/email/src/maildir/thomas-p/inbox/288.
600	0	data/samples/email/src/maildir/thomas-p/inbox/38.
600	0	data/samples/email/src/maildir/thomas-p/inbox/403.
600	0	data/samples/email/src/maildir/thomas-p/inbox/52.
600	0	data/samples/email/src/maildir/thomas-p/inbox/57.
600	0	data/samples/email/src/maildir/thomas-p/inbox/61.
600	0	data/samples/email/src/maildir/thomas-p/inbox/71.
600	0	data/samples/email/src/maildir/townsend-j/inbox/94.
600	1	data/samples/email/src/maildir/whalley-g/all_documents/188.
600	1	data/samples/email/src/maildir/whalley-g/connect_deletes/48.
600	0	data/samples/email/src/maildir/whalley-g/deleted_items/14.
600	0	data/samples/email/src/maildir/whalley-g/deleted_items/19.
600	1	data/samples/email/src/maildir/whalley-g/discussion_threads/178.
600	0	data/samples/email/src/maildir/whalley-g/inbox/13.
600	0	data/samples/email/src/maildir/whalley-g/inbox/53.
600	1	data/samples/email/src/maildir/whalley-l/all_documents/188.
600	1	data/samples/email/src/maildir/whalley-l/connect_deletes/48.
600	1	data/samples/email/src/maildir/whalley-l/discussion_threads/178.
600	0	data/samples/email/src/maildir/ybarbo-p/inbox/273.
560	0	data/samples/email/src/maildir/germany-c/sent_items/859.
540	0	data/samples/email/src/maildir/kaminski-v/deleted_items/1361.
500	0	data/samples/email/src/maildir/allen-p/all_documents/2.
500	0	data/samples/email/src/maildir/allen-p/discussion_threads/232.
500	0	data/samples/email/src/maildir/allen-p/notes_inbox/2.
500	0	data/samples/email/src/maildir/arnold-j/deleted_items/518.
500	0	data/samples/email/src/maildir/arnold-j/deleted_items/542.
500	0	data/samples/email/src/maildir/baughman-d/deleted_items/180.
500	0	data/samples/email/src/maildir/baughman-d/discussion_threads/44.
500	0	data/samples/email/src/maildir/baughman-d/inbox/224.
500	0	data/samples/email/src/maildir/baughman-d/inbox/386.
500	0	data/samples/email/src/maildir/beck-s/all_documents/1830.
500	0	data/samples/email/src/maildir/beck-s/discussion_threads/1341.
500	0	data/samples/email/src/maildir/beck-s/org_announc____chrts/24.
500	0	data/samples/email/src/maildir/blair-l/deleted_items/385.
500	0	data/samples/email/src/maildir/buy-r/inbox/147.
500	0	data/samples/email/src/maildir/cash-m/deleted_items/41.
500	0	data/samples/email/src/maildir/cash-m/inbox/dlr/15.
500	0	data/samples/email/src/maildir/cash-m/inbox/dlr/20.
500	0	data/samples/email/src/maildir/cash-m/inbox/dlr/23.
500	0	data/samples/email/src/maildir/cash-m/inbox/dlr/25.
500	0	data/samples/email/src/maildir/cash-m/sent_items/248.
500	0	data/samples/email/src/maildir/corman-s/deleted_items/3.
500	0	data/samples/email/src/maildir/corman-s/deleted_items/39.
500	0	data/samples/email/src/maildir/cuilla-m/deleted_items/165.
500	0	data/samples/email/src/maildir/cuilla-m/sent_items/23.
500	0	data/samples/email/src/maildir/dasovich-j/all_documents/11001.
500	0	data/samples/email/src/maildir/dasovich-j/all_documents/13204.
500	0	data/samples/email/src/maildir/dasovich-j/all_documents/1454.
500	0	data/samples/email/src/maildir/dasovich-j/all_documents/1630.
500	0	data/samples/email/src/maildir/dasovich-j/all_documents/2038.
500	0	data/samples/email/src/maildir/dasovich-j/all_documents/2088.
500	0	data/samples/email/src/maildir/dasovich-j/all_documents/2235.
500	0	data/samples/email/src/maildir/dasovich-j/all_documents/28855.
500	0	data/samples/email/src/maildir/dasovich-j/all_documents/28871.
500	0	data/samples/email/src/maildir/dasovich-j/all_documents/29196.
500	0	data/samples/email/src/maildir/dasovich-j/all_documents/29220.
500	0	data/samples/email/src/maildir/dasovich-j/all_documents/29340.
500	0	data/samples/email/src/maildir/dasovich-j/all_documents/3324.
500	0	data/samples/email/src/maildir/dasovich-j/all_documents/4193.
500	0	data/samples/email/src/maildir/dasovich-j/all_documents/9387.
500	0	data/samples/email/src/maildir/dasovich-j/all_documents/9393.
500	0	data/samples/email/src/maildir/dasovich-j/all_documents/9803.
500	0	data/samples/email/src/maildir/dasovich-j/deleted_items/1867.
500	0	data/samples/email/src/maildir/dasovich-j/deleted_items/2.
500	0	data/samples/email/src/maildir/dasovich-j/deleted_items/706.
500	0	data/samples/email/src/maildir/dasovich-j/deleted_items/904.
500	0	data/samples/email/src/maildir/dasovich-j/inbox/799.
500	0	data/samples/email/src/maildir/dasovich-j/inbox/801.
500	0	data/samples/email/src/maildir/dasovich-j/inbox/830.
500	0	data/samples/email/src/maildir/dasovich-j/notes_inbox/11532.
500	0	data/samples/email/src/maildir/dasovich-j/notes_inbox/11604.
500	0	data/samples/email/src/maildir/dasovich-j/notes_inbox/11615.
500	0	data/samples/email/src/maildir/dasovich-j/notes_inbox/11820.
500	0	data/samples/email/src/maildir/dasovich-j/notes_inbox/11833.
500	0	data/samples/email/src/maildir/dasovich-j/notes_inbox/1590.
500	0	data/samples/email/src/maildir/dasovich-j/notes_inbox/2171.
500	0	data/samples/email/src/maildir/dasovich-j/notes_inbox/2818.
500	0	data/samples/email/src/maildir/dasovich-j/notes_inbox/4359.
500	0	data/samples/email/src/maildir/dasovich-j/notes_inbox/447.
500	0	data/samples/email/src/maildir/dasovich-j/notes_inbox/5221.
500	0	data/samples/email/src/maildir/dasovich-j/notes_inbox/555.
500	0	data/samples/email/src/maildir/dasovich-j/notes_inbox/798.
500	0	data/samples/email/src/maildir/dasovich-j/notes_inbox/833.
500	0	data/samples/email/src/maildir/dasovich-j/notes_inbox/906.
500	0	data/samples/email/src/maildir/dasovich-j/sent/3373.
500	0	data/samples/email/src/maildir/dasovich-j/sent/3567.
500	0	data/samples/email/src/maildir/dasovich-j/sent_items/31.
500	0	data/samples/email/src/maildir/davis-d/deleted_items/354.
500	0	data/samples/email/src/maildir/derrick-j/all_documents/30.
500	0	data/samples/email/src/maildir/derrick-j/notes_inbox/79.
500	0	data/samples/email/src/maildir/ermis-f/all_documents/244.
500	0	data/samples/email/src/maildir/ermis-f/discussion_threads/274.
500	0	data/samples/email/src/maildir/ermis-f/notes_inbox/193.
500	0	data/samples/email/src/maildir/farmer-d/deleted_items/314.
500	0	data/samples/email/src/maildir/germany-c/all_documents/2725.
500	0	data/samples/email/src/maildir/germany-c/notes_inbox/91.
500	0	data/samples/email/src/maildir/germany-c/sent_items/829.
500	0	data/samples/email/src/maildir/gilbertsmith-d/deleted_items/153.
500	0	data/samples/email/src/maildir/griffith-j/discussion_threads/91.
500	0	data/samples/email/src/maildir/grigsby-m/deleted_items/442.
500	0	data/samples/email/src/maildir/grigsby-m/inbox/113.
500	0	data/samples/email/src/maildir/haedicke-m/all_documents/1285.
500	0	data/samples/email/src/maildir/haedicke-m/all_documents/4772.
500	0	data/samples/email/src/maildir/haedicke-m/deleted_items/116.
500	0	data/samples/email/src/maildir/haedicke-m/deleted_items/222.
500	0	data/samples/email/src/maildir/haedicke-m/inbox/258.
500	0	data/samples/email/src/maildir/haedicke-m/inbox/348.
500	0	data/samples/email/src/maildir/haedicke-m/inbox/54.
500	0	data/samples/email/src/maildir/haedicke-m/notes_inbox/1326.
500	0	data/samples/email/src/maildir/haedicke-m/sent/971.
500	0	data/samples/email/src/maildir/hain-m/all_documents/46.
500	0	data/samples/email/src/maildir/hain-m/discussion_threads/1194.
500	0	data/samples/email/src/maildir/hain-m/notes_inbox/46.
500	0	data/samples/email/src/maildir/heard-m/inbox/187.
500	0	data/samples/email/src/maildir/hendrickson-s/deleted_items/92.
500	0	data/samples/email/src/maildir/hernandez-j/discussion_threads/22.
500	0	data/samples/email/src/maildir/hodge-j/discussion_threads/7.
500	0	data/samples/email/src/maildir/horton-s/all_documents/260.
500	0	data/samples/email/src/maildir/horton-s/discussion_threads/244.
500	0	data/samples/email/src/maildir/hyatt-k/sent_items/61.
500	0	data/samples/email/src/maildir/jones-t/all_documents/2594.
500	0	data/samples/email/src/maildir/jones-t/all_documents/2658.
500	0	data/samples/email/src/maildir/jones-t/all_documents/3254.
500	0	data/samples/email/src/maildir/jones-t/all_documents/3285.
500	0	data/samples/email/src/maildir/jones-t/all_documents/3289.
500	0	data/samples/email/src/maildir/jones-t/all_documents/4519.
500	0	data/samples/email/src/maildir/jones-t/inbox/973.
500	0	data/samples/email/src/maildir/jones-t/notes_inbox/1327.
500	0	data/samples/email/src/maildir/jones-t/notes_inbox/925.
500	0	data/samples/email/src/maildir/jones-t/notes_inbox/962.
500	0	data/samples/email/src/maildir/jones-t/sent/1701.
500	0	data/samples/email/src/maildir/jones-t/sent/1719.
500	0	data/samples/email/src/maildir/jones-t/sent/2130.
500	0	data/samples/email/src/maildir/kaminski-v/_sent_mail/4223.
500	0	data/samples/email/src/maildir/kaminski-v/_sent_mail/4224.
500	0	data/samples/email/src/maildir/kaminski-v/_sent_mail/4693.
500	0	data/samples/email/src/maildir/kaminski-v/all_documents/10918.
500	0	data/samples/email/src/maildir/kaminski-v/all_documents/2983.
500	0	data/samples/email/src/maildir/kaminski-v/all_documents/9765.
500	0	data/samples/email/src/maildir/kaminski-v/all_documents/9766.
500	0	data/samples/email/src/maildir/kaminski-v/all_documents/9767.
500	0	data/samples/email/src/maildir/kaminski-v/c/technote/mail/techmemos/232.
500	0	data/samples/email/src/maildir/kaminski-v/deleted_items/2375.
500	0	data/samples/email/src/maildir/kaminski-v/discussion_threads/2004.
500	0	data/samples/email/src/maildir/kaminski-v/discussion_threads/2916.
500	0	data/samples/email/src/maildir/kaminski-v/discussion_threads/4433.
500	0	data/samples/email/src/maildir/kaminski-v/discussion_threads/5275.
500	0	data/samples/email/src/maildir/kaminski-v/discussion_threads/5276.
500	0	data/samples/email/src/maildir/kaminski-v/discussion_threads/5277.
500	0	data/samples/email/src/maildir/kaminski-v/inbox/53.
500	0	data/samples/email/src/maildir/kaminski-v/resumes/305.
500	0	data/samples/email/src/maildir/kaminski-v/sent/4222.
500	0	data/samples/email/src/maildir/kaminski-v/sent/4223.
500	0	data/samples/email/src/maildir/kaminski-v/sent/4692.
500	0	data/samples/email/src/maildir/kaminski-v/sent_items/2597.
500	0	data/samples/email/src/maildir/kean-s/all_documents/1445.
500	0	data/samples/email/src/maildir/kean-s/all_documents/1750.
500	0	data/samples/email/src/maildir/kean-s/all_documents/2175.
500	0	data/samples/email/src/maildir/kean-s/all_documents/5588.
500	0	data/samples/email/src/maildir/kean-s/all_documents/5717.
500	0	data/samples/email/src/maildir/kean-s/all_documents/5781.
500	0	data/samples/email/src/maildir/kean-s/all_documents/6087.
500	0	data/samples/email/src/maildir/kean-s/all_documents/791.
500	0	data/samples/email/src/maildir/kean-s/all_documents/8746.
500	0	data/samples/email/src/maildir/kean-s/archiving/untitled/152.
500	0	data/samples/email/src/maildir/kean-s/archiving/untitled/1537.
500	0	data/samples/email/src/maildir/kean-s/archiving/untitled/5587.
500	0	data/samples/email/src/maildir/kean-s/archiving/untitled/5716.
500	0	data/samples/email/src/maildir/kean-s/archiving/untitled/577.
500	0	data/samples/email/src/maildir/kean-s/archiving/untitled/5780.
500	0	data/samples/email/src/maildir/kean-s/archiving/untitled/6086.
500	0	data/samples/email/src/maildir/kean-s/archiving/untitled/8746.
500	0	data/samples/email/src/maildir/kean-s/archiving/untitled/881.
500	0	data/samples/email/src/maildir/kean-s/attachments/243.
500	0	data/samples/email/src/maildir/kean-s/attachments/367.
500	0	data/samples/email/src/maildir/kean-s/attachments/368.
500	0	data/samples/email/src/maildir/kean-s/attachments/389.
500	0	data/samples/email/src/maildir/kean-s/attachments/860.
500	0	data/samples/email/src/maildir/kean-s/attachments/962.
500	0	data/samples/email/src/maildir/kean-s/calendar/untitled/13028.
500	0	data/samples/email/src/maildir/kean-s/calendar/untitled/1446.
500	0	data/samples/email/src/maildir/kean-s/calendar/untitled/1751.
500	0	data/samples/email/src/maildir/kean-s/calendar/untitled/2176.
500	0	data/samples/email/src/maildir/kean-s/calendar/untitled/7277.
500	0	data/samples/email/src/maildir/kean-s/calendar/untitled/7583.
500	0	data/samples/email/src/maildir/kean-s/calendar/untitled/7647.
500	0	data/samples/email/src/maildir/kean-s/calendar/untitled/7776.
500	0	data/samples/email/src/maildir/kean-s/calendar/untitled/791.
500	0	data/samples/email/src/maildir/kean-s/california/308.
500	0	data/samples/email/src/maildir/kean-s/california/369.
500	0	data/samples/email/src/maildir/kean-s/campaign_2000/1.
500	0	data/samples/email/src/maildir/kean-s/deleted_items/259.
500	0	data/samples/email/src/maildir/kean-s/discussion_threads/1236.
500	0	data/samples/email/src/maildir/kean-s/discussion_threads/1494.
500	0	data/samples/email/src/maildir/kean-s/discussion_threads/2247.
500	0	data/samples/email/src/maildir/kean-s/discussion_threads/2528.
500	0	data/samples/email/src/maildir/kean-s/discussion_threads/2583.
500	0	data/samples/email/src/maildir/kean-s/discussion_threads/2699.
500	0	data/samples/email/src/maildir/kean-s/discussion_threads/695.
500	0	data/samples/email/src/maildir/kean-s/discussion_threads/7220.
500	0	data/samples/email/src/maildir/kean-s/inbox/55.
500	0	data/samples/email/src/maildir/kean-s/notes_inbox/452.
500	0	data/samples/email/src/maildir/kean-s/notes_inbox/71.
500	0	data/samples/email/src/maildir/kean-s/pr_crisis_management/12.
500	0	data/samples/email/src/maildir/kean-s/project_summer/38.
500	0	data/samples/email/src/maildir/kean-s/sent/1584.
500	0	data/samples/email/src/maildir/kean-s/sent/1702.
500	0	data/samples/email/src/maildir/kean-s/sent/352.
500	0	data/samples/email/src/maildir/kitchen-l/_americas/business_plans/27.
500	0	data/samples/email/src/maildir/kitchen-l/_americas/business_plans/28.
500	0	data/samples/email/src/maildir/kitchen-l/_americas/esvl/691.
500	0	data/samples/email/src/maildir/kitchen-l/_americas/esvl/700.
500	0	data/samples/email/src/maildir/kitchen-l/_americas/ooc/188.
500	0	data/samples/email/src/maildir/kitchen-l/_americas/ooc/198.
500	0	data/samples/email/src/maildir/kitchen-l/_americas/regulatory/134.
500	0	data/samples/email/src/maildir/kitchen-l/_americas/regulatory/17.
500	0	data/samples/email/src/maildir/kitchen-l/_americas/sec_media/35.
500	0	data/samples/email/src/maildir/kitchen-l/_americas/sec_media/65.
500	0	data/samples/email/src/maildir/kitchen-l/_americas/sec_media/69.
500	0	data/samples/email/src/maildir/kitchen-l/_americas/sec_media/8.
500	0	data/samples/email/src/maildir/lavorato-j/sent_items/503.
500	0	data/samples/email/src/maildir/lay-k/all_documents/543.
500	0	data/samples/email/src/maildir/lay-k/discussion_threads/436.
500	0	data/samples/email/src/maildir/lay-k/inbox/826.
500	0	data/samples/email/src/maildir/lay-k/notes_inbox/333.
500	0	data/samples/email/src/maildir/lewis-a/deleted_items/1021.
500	0	data/samples/email/src/maildir/lewis-a/deleted_items/1055.
500	0	data/samples/email/src/maildir/lewis-a/deleted_items/1076.
500	0	data/samples/email/src/maildir/lewis-a/deleted_items/1090.
500	0	data/samples/email/src/maildir/lewis-a/deleted_items/1178.
500	0	data/samples/email/src/maildir/lewis-a/deleted_items/1282.
500	0	data/samples/email/src/maildir/lewis-a/deleted_items/1352.
500	0	data/samples/email/src/maildir/lewis-a/deleted_items/312.
500	0	data/samples/email/src/maildir/lewis-a/deleted_items/770.
500	0	data/samples/email/src/maildir/lewis-a/deleted_items/917.
500	0	data/samples/email/src/maildir/lewis-a/deleted_items/929.
500	0	data/samples/email/src/maildir/lewis-a/deleted_items/973.
500	0	data/samples/email/src/maildir/lewis-a/deleted_items/987.
500	0	data/samples/email/src/maildir/lewis-a/deleted_items/991.
500	0	data/samples/email/src/maildir/lewis-a/inbox/136.
500	0	data/samples/email/src/maildir/lokay-m/all_documents/129.
500	0	data/samples/email/src/maildir/lokay-m/articles/398.
500	0	data/samples/email/src/maildir/lokay-m/corporate/34.
500	0	data/samples/email/src/maildir/lokay-m/discussion_threads/124.
500	0	data/samples/email/src/maildir/love-p/_sent_mail/547.
500	0	data/samples/email/src/maildir/love-p/all_documents/713.
500	0	data/samples/email/src/maildir/love-p/discussion_threads/479.
500	0	data/samples/email/src/maildir/love-p/sent/547.
500	0	data/samples/email/src/maildir/lucci-p/deleted_items/438.
500	0	data/samples/email/src/maildir/mann-k/_sent_mail/1274.
500	0	data/samples/email/src/maildir/mann-k/_sent_mail/2148.
500	0	data/samples/email/src/maildir/mann-k/all_documents/2981.
500	0	data/samples/email/src/maildir/mann-k/all_documents/2984.
500	0	data/samples/email/src/maildir/mann-k/all_documents/4112.
500	0	data/samples/email/src/maildir/mann-k/all_documents/5468.
500	0	data/samples/email/src/maildir/mann-k/all_documents/5613.
500	0	data/samples/email/src/maildir/mann-k/deleted_items/121.
500	0	data/samples/email/src/maildir/mann-k/discussion_threads/2122.
500	0	data/samples/email/src/maildir/mann-k/discussion_threads/2123.
500	0	data/samples/email/src/maildir/mann-k/discussion_threads/3874.
500	0	data/samples/email/src/maildir/mann-k/discussion_threads/4001.
500	0	data/samples/email/src/maildir/mann-k/off_balance_sheet_form_contracts/52.
500	0	data/samples/email/src/maildir/mann-k/sent/2232.
500	0	data/samples/email/src/maildir/mann-k/sent/3131.
500	0	data/samples/email/src/maildir/mann-k/westinghouse/54.
500	0	data/samples/email/src/maildir/mann-k/westinghouse/55.
500	0	data/samples/email/src/maildir/mann-k/westinghouse/98.
500	0	data/samples/email/src/maildir/martin-t/deleted_items/40.
500	0	data/samples/email/src/maildir/martin-t/inbox/271.
500	0	data/samples/email/src/maildir/martin-t/inbox/284.
500	0	data/samples/email/src/maildir/martin-t/inbox/6.
500	0	data/samples/email/src/maildir/mccarty-d/deleted_items/101.
500	0	data/samples/email/src/maildir/mccarty-d/inbox/93.
500	0	data/samples/email/src/maildir/mcconnell-m/all_documents/143.
500	0	data/samples/email/src/maildir/mcconnell-m/discussion_threads/571.
500	0	data/samples/email/src/maildir/mcconnell-m/notes_inbox/99.
500	0	data/samples/email/src/maildir/mckay-b/deleted_items/21.
500	0	data/samples/email/src/maildir/mckay-b/inbox/7.
500	0	data/samples/email/src/maildir/mclaughlin-e/discussion_threads/28.
500	0	data/samples/email/src/maildir/mims-thurston-p/deleted_items/138.
500	0	data/samples/email/src/maildir/mims-thurston-p/deleted_items/526.
500	0	data/samples/email/src/maildir/mims-thurston-p/deleted_items/567.
500	0	data/samples/email/src/maildir/mims-thurston-p/deleted_items/688.
500	0	data/samples/email/src/maildir/mims-thurston-p/inbox/289.
500	0	data/samples/email/src/maildir/nemec-g/all_documents/1868.
500	0	data/samples/email/src/maildir/nemec-g/all_documents/1872.
500	0	data/samples/email/src/maildir/nemec-g/all_documents/4637.
500	0	data/samples/email/src/maildir/nemec-g/all_documents/933.
500	0	data/samples/email/src/maildir/nemec-g/inbox/1711.
500	0	data/samples/email/src/maildir/nemec-g/notes_inbox/228.
500	0	data/samples/email/src/maildir/nemec-g/notes_inbox/2445.
500	0	data/samples/email/src/maildir/nemec-g/notes_inbox/920.
500	0	data/samples/email/src/maildir/nemec-g/sent/913.
500	0	data/samples/email/src/maildir/panus-s/deleted_items/100.
500	0	data/samples/email/src/maildir/presto-k/deleted_items/263.
500	0	data/samples/email/src/maildir/richey-c/_sent_mail/3.
500	0	data/samples/email/src/maildir/rogers-b/all_documents/330.
500	0	data/samples/email/src/maildir/rogers-b/discussion_threads/1628.
500	0	data/samples/email/src/maildir/rogers-b/inbox/28.
500	0	data/samples/email/src/maildir/rogers-b/motley_fool_e_mails/137.
500	0	data/samples/email/src/maildir/rogers-b/motley_fool_e_mails/35.
500	0	data/samples/email/src/maildir/sager-e/inbox/864.
500	0	data/samples/email/src/maildir/sanders-r/all_documents/1392.
500	0	data/samples/email/src/maildir/sanders-r/all_documents/354.
500	0	data/samples/email/src/maildir/sanders-r/all_documents/3554.
500	0	data/samples/email/src/maildir/sanders-r/all_documents/3558.
500	0	data/samples/email/src/maildir/sanders-r/all_documents/397.
500	0	data/samples/email/src/maildir/sanders-r/all_documents/404.
500	0	data/samples/email/src/maildir/sanders-r/all_documents/85.
500	0	data/samples/email/src/maildir/sanders-r/india/2.
500	0	data/samples/email/src/maildir/sanders-r/nsm/21.
500	0	data/samples/email/src/maildir/sanders-r/pacific_virgo/27.
500	0	data/samples/email/src/maildir/sanders-r/project_stanley/16.
500	0	data/samples/email/src/maildir/sanders-r/sent/2068.
500	0	data/samples/email/src/maildir/sanders-r/sent/2072.
500	0	data/samples/email/src/maildir/sanders-r/sent/59.
500	0	data/samples/email/src/maildir/scholtes-d/stf/current_issues/17.
500	0	data/samples/email/src/maildir/scott-s/inbox/229.
500	0	data/samples/email/src/maildir/shackleton-s/all_documents/1124.
500	0	data/samples/email/src/maildir/shackleton-s/all_documents/2648.
500	0	data/samples/email/src/maildir/shackleton-s/all_documents/8638.
500	0	data/samples/email/src/maildir/shackleton-s/deleted_items/442.
500	0	data/samples/email/src/maildir/shackleton-s/glover/10.
500	0	data/samples/email/src/maildir/shackleton-s/inbox/1093.
500	0	data/samples/email/src/maildir/shackleton-s/inbox/320.
500	0	data/samples/email/src/maildir/shackleton-s/policy/20.
500	0	data/samples/email/src/maildir/shackleton-s/sent/1802.
500	0	data/samples/email/src/maildir/shackleton-s/sent/1803.
500	0	data/samples/email/src/maildir/shackleton-s/sent/5238.
500	0	data/samples/email/src/maildir/shankman-j/deleted_items/54.
500	0	data/samples/email/src/maildir/shankman-j/inbox/8.
500	0	data/samples/email/src/maildir/shapiro-r/all_documents/261.
500	0	data/samples/email/src/maildir/shapiro-r/all_documents/372.
500	0	data/samples/email/src/maildir/shapiro-r/deleted_items/251.
500	0	data/samples/email/src/maildir/shapiro-r/deleted_items/597.
500	0	data/samples/email/src/maildir/shapiro-r/deleted_items/667.
500	0	data/samples/email/src/maildir/shapiro-r/deleted_items/713.
500	0	data/samples/email/src/maildir/shapiro-r/deleted_items/774.
500	0	data/samples/email/src/maildir/shapiro-r/deleted_items/800.
500	0	data/samples/email/src/maildir/shapiro-r/discussion_threads/231.
500	0	data/samples/email/src/maildir/shapiro-r/discussion_threads/338.
500	0	data/samples/email/src/maildir/shapiro-r/humor/9.
500	0	data/samples/email/src/maildir/shapiro-r/synfuel_tax_crredits/2.
500	0	data/samples/email/src/maildir/skilling-j/_sent_mail/328.
500	0	data/samples/email/src/maildir/skilling-j/all_documents/1406.
500	0	data/samples/email/src/maildir/skilling-j/all_documents/1407.
500	0	data/samples/email/src/maildir/skilling-j/all_documents/1560.
500	0	data/samples/email/src/maildir/skilling-j/discussion_threads/1122.
500	0	data/samples/email/src/maildir/skilling-j/discussion_threads/1123.
500	0	data/samples/email/src/maildir/skilling-j/discussion_threads/1245.
500	0	data/samples/email/src/maildir/skilling-j/inbox/1057.
500	0	data/samples/email/src/maildir/skilling-j/inbox/239.
500	0	data/samples/email/src/maildir/skilling-j/notes_inbox/294.
500	0	data/samples/email/src/maildir/skilling-j/sent/430.
500	0	data/samples/email/src/maildir/smith-m/_sent_mail/210.
500	0	data/samples/email/src/maildir/smith-m/all_documents/27.
500	0	data/samples/email/src/maildir/smith-m/inbox/218.
500	0	data/samples/email/src/maildir/smith-m/inbox/74.
500	0	data/samples/email/src/maildir/smith-m/sent/19.
500	0	data/samples/email/src/maildir/steffes-j/deleted_items/394.
500	0	data/samples/email/src/maildir/steffes-j/deleted_items/480.
500	0	data/samples/email/src/maildir/symes-k/all_documents/722.
500	0	data/samples/email/src/maildir/symes-k/corporate_comm/72.
500	0	data/samples/email/src/maildir/symes-k/discussion_threads/679.
500	0	data/samples/email/src/maildir/taylor-m/all_documents/1224.
500	0	data/samples/email/src/maildir/taylor-m/all_documents/2910.
500	0	data/samples/email/src/maildir/taylor-m/all_documents/2920.
500	0	data/samples/email/src/maildir/taylor-m/all_documents/2927.
500	0	data/samples/email/src/maildir/taylor-m/archive/8_00/102.
500	0	data/samples/email/src/maildir/taylor-m/archive/8_00/91.
500	0	data/samples/email/src/maildir/taylor-m/archive/8_00/99.
500	0	data/samples/email/src/maildir/taylor-m/deleted_items/530.
500	0	data/samples/email/src/maildir/taylor-m/inbox/104.
500	0	data/samples/email/src/maildir/taylor-m/inbox/286.
500	0	data/samples/email/src/maildir/taylor-m/inbox/recruiting/4.
500	0	data/samples/email/src/maildir/taylor-m/notes_inbox/1215.
500	0	data/samples/email/src/maildir/taylor-m/notes_inbox/1224.
500	0	data/samples/email/src/maildir/taylor-m/notes_inbox/1228.
500	0	data/samples/email/src/maildir/taylor-m/notes_inbox/85.
500	0	data/samples/email/src/maildir/tholt-j/janie/153.
500	0	data/samples/email/src/maildir/tholt-j/sent_items/120.
500	0	data/samples/email/src/maildir/tholt-j/sent_items/121.
500	0	data/samples/email/src/maildir/thomas-p/deleted_items/214.
500	0	data/samples/email/src/maildir/thomas-p/deleted_items/34.
500	0	data/samples/email/src/maildir/townsend-j/deleted_items/39.
500	0	data/samples/email/src/maildir/ward-k/deleted_items/204.
500	0	data/samples/email/src/maildir/ward-k/deleted_items/4.
500	0	data/samples/email/src/maildir/ward-k/inbox/272.
500	0	data/samples/email/src/maildir/watson-k/inbox/65.
500	0	data/samples/email/src/maildir/whalley-g/all_documents/82.
500	0	data/samples/email/src/maildir/whalley-g/connect_deletes/142.
500	0	data/samples/email/src/maildir/whalley-g/discussion_threads/79.
500	0	data/samples/email/src/maildir/whalley-g/inbox/20.
500	0	data/samples/email/src/maildir/whalley-g/inbox/5.
500	0	data/samples/email/src/maildir/whalley-l/all_documents/551.
500	0	data/samples/email/src/maildir/whalley-l/all_documents/82.
500	0	data/samples/email/src/maildir/whalley-l/all_documents/986.
500	0	data/samples/email/src/maildir/whalley-l/connect_deletes/142.
500	0	data/samples/email/src/maildir/whalley-l/discussion_threads/1331.
500	0	data/samples/email/src/maildir/whalley-l/discussion_threads/79.
500	0	data/samples/email/src/maildir/whalley-l/notes_inbox/213.
500	0	data/samples/email/src/maildir/whalley-l/notes_inbox/449.
500	0	data/samples/email/src/maildir/williams-j/deleted_items/303.
500	0	data/samples/email/src/maildir/ybarbo-p/sent_items/123.
460	0	data/samples/email/src/maildir/benson-r/inbox/88.
460	0	data/samples/email/src/maildir/campbell-l/inbox/124.
460	0	data/samples/email/src/maildir/lokay-m/all_documents/130.
460	0	data/samples/email/src/maildir/lokay-m/corporate/35.
460	0	data/samples/email/src/maildir/lokay-m/discussion_threads/125.
460	0	data/samples/email/src/maildir/skilling-j/inbox/1275.
440	1	data/samples/email/src/maildir/benson-r/inbox/226.
440	1	data/samples/email/src/maildir/buy-r/inbox/664.
440	0	data/samples/email/src/maildir/campbell-l/inbox/1179.
440	0	data/samples/email/src/maildir/campbell-l/inbox/1233.
440	1	data/samples/email/src/maildir/campbell-l/inbox/827.
440	1	data/samples/email/src/maildir/campbell-l/inbox/963.
440	1	data/samples/email/src/maildir/dasovich-j/all_documents/11218.
440	1	data/samples/email/src/maildir/dasovich-j/notes_inbox/4199.
440	1	data/samples/email/src/maildir/donohoe-t/inbox/8.
440	1	data/samples/email/src/maildir/germany-c/all_documents/82.
440	1	data/samples/email/src/maildir/germany-c/discussion_threads/62.
440	1	data/samples/email/src/maildir/germany-c/systems/16.
440	1	data/samples/email/src/maildir/germany-c/systems/8.
440	1	data/samples/email/src/maildir/guzman-m/all_documents/400.
440	1	data/samples/email/src/maildir/guzman-m/discussion_threads/1536.
440	1	data/samples/email/src/maildir/guzman-m/notes_inbox/374.
440	1	data/samples/email/src/maildir/haedicke-m/all_documents/4948.
440	1	data/samples/email/src/maildir/haedicke-m/notes_inbox/1221.
440	1	data/samples/email/src/maildir/hain-m/all_documents/231.
440	1	data/samples/email/src/maildir/hain-m/discussion_threads/1009.
440	1	data/samples/email/src/maildir/hain-m/notes_inbox/231.
440	1	data/samples/email/src/maildir/jones-t/all_documents/11019.
440	1	data/samples/email/src/maildir/jones-t/notes_inbox/4147.
440	1	data/samples/email/src/maildir/kean-s/all_documents/5167.
440	1	data/samples/email/src/maildir/kean-s/all_documents/5172.
440	1	data/samples/email/src/maildir/kean-s/all_documents/5176.
440	1	data/samples/email/src/maildir/kean-s/archiving/untitled/5166.
440	1	data/samples/email/src/maildir/kean-s/archiving/untitled/5171.
440	1	data/samples/email/src/maildir/kean-s/archiving/untitled/5175.
440	1	data/samples/email/src/maildir/kean-s/calendar/untitled/8188.
440	1	data/samples/email/src/maildir/kean-s/calendar/untitled/8192.
440	1	data/samples/email/src/maildir/kean-s/calendar/untitled/8197.
440	1	data/samples/email/src/maildir/kean-s/discussion_threads/3041.
440	1	data/samples/email/src/maildir/kean-s/discussion_threads/3048.
440	1	data/samples/email/src/maildir/kean-s/internet_sites/29.
440	1	data/samples/email/src/maildir/kean-s/sent/1414.
440	1	data/samples/email/src/maildir/kean-s/sent/1417.
440	1	data/samples/email/src/maildir/keavey-p/inbox/241.
440	1	data/samples/email/src/maildir/kitchen-l/_americas/hr/262.
440	1	data/samples/email/src/maildir/lewis-a/inbox/43.
440	1	data/samples/email/src/maildir/lokay-m/corporate/543.
440	1	data/samples/email/src/maildir/lokay-m/corporate/554.
440	1	data/samples/email/src/maildir/mann-k/all_documents/4795.
440	1	data/samples/email/src/maildir/mann-k/discussion_threads/3312.
440	1	data/samples/email/src/maildir/mann-k/general_stuff/121.
440	1	data/samples/email/src/maildir/may-l/inbox/600.
440	1	data/samples/email/src/maildir/neal-s/inbox/93.
440	1	data/samples/email/src/maildir/nemec-g/all_documents/5832.
440	1	data/samples/email/src/maildir/nemec-g/notes_inbox/1588.
440	1	data/samples/email/src/maildir/salisbury-h/read/244.
440	1	data/samples/email/src/maildir/shackleton-s/all_documents/10597.
440	1	data/samples/email/src/maildir/shackleton-s/notes_inbox/2479.
440	1	data/samples/email/src/maildir/skilling-j/inbox/19.
440	1	data/samples/email/src/maildir/skilling-j/inbox/25.
440	1	data/samples/email/src/maildir/stokley-c/chris_stokley/enron_corp/16.
440	1	data/samples/email/src/maildir/symes-k/all_documents/3436.
440	1	data/samples/email/src/maildir/symes-k/corporate_comm/240.
440	1	data/samples/email/src/maildir/symes-k/discussion_threads/3307.
440	1	data/samples/email/src/maildir/taylor-m/all_documents/8194.
440	1	data/samples/email/src/maildir/taylor-m/notes_inbox/2191.
440	1	data/samples/email/src/maildir/tholt-j/all_documents/71.
440	1	data/samples/email/src/maildir/tholt-j/discussion_threads/68.
440	1	data/samples/email/src/maildir/tholt-j/janie/71.
440	1	data/samples/email/src/maildir/tholt-j/janie/82.
440	1	data/samples/email/src/maildir/weldon-c/all_documents/258.
440	1	data/samples/email/src/maildir/weldon-c/discussion_threads/158.
440	1	data/samples/email/src/maildir/weldon-c/private_folders/associate/1.
440	1	data/samples/email/src/maildir/weldon-c/private_folders/associate/3.
440	0	data/samples/email/src/maildir/williams-j/deleted_items/207.
440	1	data/samples/email/src/maildir/wolfe-j/all_documents/168.
440	1	data/samples/email/src/maildir/wolfe-j/discussion_threads/167.
440	1	data/samples/email/src/maildir/wolfe-j/saved_04/32.
400	0	data/samples/email/src/maildir/allen-p/deleted_items/100.
400	0	data/samples/email/src/maildir/allen-p/deleted_items/132.
400	0	data/samples/email/src/maildir/allen-p/deleted_items/216.
400	0	data/samples/email/src/maildir/arnold-j/all_documents/124.
400	1	data/samples/email/src/maildir/arnold-j/all_documents/3.
400	1	data/samples/email/src/maildir/arnold-j/all_documents/35.
400	1	data/samples/email/src/maildir/arnold-j/avaya/1.
400	0	data/samples/email/src/maildir/arnold-j/continental_airlines/12.
400	0	data/samples/email/src/maildir/arnold-j/deleted_items/203.
400	0	data/samples/email/src/maildir/arnold-j/deleted_items/493.
400	0	data/samples/email/src/maildir/arnold-j/deleted_items/638.
400	0	data/samples/email/src/maildir/arnold-j/deleted_items/657.
400	1	data/samples/email/src/maildir/arnold-j/sent_items/755.
400	1	data/samples/email/src/maildir/arnold-j/sony/4.
400	0	data/samples/email/src/maildir/bass-e/deleted_items/16.
400	0	data/samples/email/src/maildir/bass-e/deleted_items/297.
400	0	data/samples/email/src/maildir/baughman-d/deleted_items/112.
400	0	data/samples/email/src/maildir/baughman-d/deleted_items/276.
400	1	data/samples/email/src/maildir/baughman-d/inbox/302.
400	0	data/samples/email/src/maildir/baughman-d/inbox/99.
400	0	data/samples/email/src/maildir/benson-r/inbox/163.
400	0	data/samples/email/src/maildir/blair-l/deleted_items/121.
400	0	data/samples/email/src/maildir/blair-l/inbox/232.
400	0	data/samples/email/src/maildir/brawner-s/deleted_items/169.
400	0	data/samples/email/src/maildir/buy-r/deleted_items/106.
400	0	data/samples/email/src/maildir/buy-r/deleted_items/111.
400	0	data/samples/email/src/maildir/buy-r/deleted_items/80.
400	0	data/samples/email/src/maildir/campbell-l/all_documents/310.
400	0	data/samples/email/src/maildir/campbell-l/all_documents/315.
400	0	data/samples/email/src/maildir/campbell-l/inbox/615.
400	0	data/samples/email/src/maildir/carson-m/deleted_items/190.
400	0	data/samples/email/src/maildir/cash-m/all_documents/507.
400	0	data/samples/email/src/maildir/cash-m/deleted_items/161.
400	0	data/samples/email/src/maildir/cash-m/deleted_items/168.
400	0	data/samples/email/src/maildir/cash-m/deleted_items/205.
400	0	data/samples/email/src/maildir/cash-m/deleted_items/307.
400	0	data/samples/email/src/maildir/cash-m/general_research/22.
400	0	data/samples/email/src/maildir/cash-m/general_research/5.
400	0	data/samples/email/src/maildir/cash-m/inbox/310.
400	0	data/samples/email/src/maildir/cash-m/inbox/dlr/6.
400	0	data/samples/email/src/maildir/cash-m/sent/420.
400	0	data/samples/email/src/maildir/cash-m/sent_items/213.
400	0	data/samples/email/src/maildir/causholli-m/deleted_items/97.
400	0	data/samples/email/src/maildir/causholli-m/inbox/340.
400	0	data/samples/email/src/maildir/causholli-m/sent_items/64.
400	0	data/samples/email/src/maildir/corman-s/deleted_items/53.
400	0	data/samples/email/src/maildir/cuilla-m/deleted_items/151.
400	0	data/samples/email/src/maildir/cuilla-m/deleted_items/201.
400	0	data/samples/email/src/maildir/cuilla-m/deleted_items/98.
400	0	data/samples/email/src/maildir/dasovich-j/all_documents/10237.
400	1	data/samples/email/src/maildir/dasovich-j/all_documents/10537.
400	0	data/samples/email/src/maildir/dasovich-j/all_documents/1177.
400	0	data/samples/email/src/maildir/dasovich-j/all_documents/11874.
400	0	data/samples/email/src/maildir/dasovich-j/all_documents/11906.
400	0	data/samples/email/src/maildir/dasovich-j/all_documents/12040.
400	1	data/samples/email/src/maildir/dasovich-j/all_documents/12536.
400	0	data/samples/email/src/maildir/dasovich-j/all_documents/12604.
400	0	data/samples/email/src/maildir/dasovich-j/all_documents/12846.
400	0	data/samples/email/src/maildir/dasovich-j/all_documents/12858.
400	0	data/samples/email/src/maildir/dasovich-j/all_documents/12866.
400	0	data/samples/email/src/maildir/dasovich-j/all_documents/12957.
400	0	data/samples/email/src/maildir/dasovich-j/all_documents/13033.
400	0	data/samples/email/src/maildir/dasovich-j/all_documents/13043.
400	0	data/samples/email/src/maildir/dasovich-j/all_documents/13119.
400	0	data/samples/email/src/maildir/dasovich-j/all_documents/13223.
400	0	data/samples/email/src/maildir/dasovich-j/all_documents/13246.
400	0	data/samples/email/src/maildir/dasovich-j/all_documents/13357.
400	0	data/samples/email/src/maildir/dasovich-j/all_documents/1377.
400	0	data/samples/email/src/maildir/dasovich-j/all_documents/1411.
400	0	data/samples/email/src/maildir/dasovich-j/all_documents/1607.
400	0	data/samples/email/src/maildir/dasovich-j/all_documents/1745.
400	0	data/samples/email/src/maildir/dasovich-j/all_documents/27711.
400	0	data/samples/email/src/maildir/dasovich-j/all_documents/27886.
400	0	data/samples/email/src/maildir/dasovich-j/all_documents/27970.
400	0	data/samples/email/src/maildir/dasovich-j/all_documents/28128.
400	0	data/samples/email/src/maildir/dasovich-j/all_documents/28195.
400	0	data/samples/email/src/maildir/dasovich-j/all_documents/28292.
400	1	data/samples/email/src/maildir/dasovich-j/all_documents/2832.
400	0	data/samples/email/src/maildir/dasovich-j/all_documents/28731.
400	0	data/samples/email/src/maildir/dasovich-j/all_documents/3040.
400	0	data/samples/email/src/maildir/dasovich-j/all_documents/3196.
400	0	data/samples/email/src/maildir/dasovich-j/all_documents/3379.
400	0	data/samples/email/src/maildir/dasovich-j/all_documents/3408.
400	0	data/samples/email/src/maildir/dasovich-j/all_documents/3961.
400	0	data/samples/email/src/maildir/dasovich-j/all_documents/4318.
400	0	data/samples/email/src/maildir/dasovich-j/all_documents/4421.
400	0	data/samples/email/src/maildir/dasovich-j/all_documents/692.
400	0	data/samples/email/src/maildir/dasovich-j/all_documents/8344.
400	1	data/samples/email/src/maildir/dasovich-j/all_documents/8750.
400	0	data/samples/email/src/maildir/dasovich-j/all_documents/8924.
400	0	data/samples/email/src/maildir/dasovich-j/all_documents/9182.
400	0	data/samples/email/src/maildir/dasovich-j/all_documents/9197.
400	0	data/samples/email/src/maildir/dasovich-j/all_documents/9823.
400	0	data/samples/email/src/maildir/dasovich-j/deleted_items/1612.
400	0	data/samples/email/src/maildir/dasovich-j/deleted_items/1629.
400	0	data/samples/email/src/maildir/dasovich-j/deleted_items/1716.
400	0	data/samples/email/src/maildir/dasovich-j/deleted_items/1860.
400	0	data/samples/email/src/maildir/dasovich-j/deleted_items/2056.
400	0	data/samples/email/src/maildir/dasovich-j/deleted_items/342.
400	0	data/samples/email/src/maildir/dasovich-j/deleted_items/597.
400	0	data/samples/email/src/maildir/dasovich-j/deleted_items/737.
400	1	data/samples/email/src/maildir/dasovich-j/inbox/1575.
400	0	data/samples/email/src/maildir/dasovich-j/inbox/1592.
400	0	data/samples/email/src/maildir/dasovich-j/inbox/176.
400	0	data/samples/email/src/maildir/dasovich-j/inbox/1785.
400	0	data/samples/email/src/maildir/dasovich-j/inbox/303.
400	0	data/samples/email/src/maildir/dasovich-j/inbox/325.
400	0	data/samples/email/src/maildir/dasovich-j/notes_inbox/11923.
400	0	data/samples/email/src/maildir/dasovich-j/notes_inbox/12197.
400	0	data/samples/email/src/maildir/dasovich-j/notes_inbox/12268.
400	0	data/samples/email/src/maildir/dasovich-j/notes_inbox/12316.
400	0	data/samples/email/src/maildir/dasovich-j/notes_inbox/12442.
400	0	data/samples/email/src/maildir/dasovich-j/notes_inbox/12495.
400	1	data/samples/email/src/maildir/dasovich-j/notes_inbox/1266.
400	0	data/samples/email/src/maildir/dasovich-j/notes_inbox/12660.
400	0	data/samples/email/src/maildir/dasovich-j/notes_inbox/1422.
400	0	data/samples/email/src/maildir/dasovich-j/notes_inbox/15.
400	0	data/samples/email/src/maildir/dasovich-j/notes_inbox/1521.
400	0	data/samples/email/src/maildir/dasovich-j/notes_inbox/1623.
400	0	data/samples/email/src/maildir/dasovich-j/notes_inbox/1641.
400	0	data/samples/email/src/maildir/dasovich-j/notes_inbox/2013.
400	0	data/samples/email/src/maildir/dasovich-j/notes_inbox/2266.
400	0	data/samples/email/src/maildir/dasovich-j/notes_inbox/2350.
400	0	data/samples/email/src/maildir/dasovich-j/notes_inbox/259.
400	0	data/samples/email/src/maildir/dasovich-j/notes_inbox/2705.
400	0	data/samples/email/src/maildir/dasovich-j/notes_inbox/2786.
400	0	data/samples/email/src/maildir/dasovich-j/notes_inbox/2806.
400	0	data/samples/email/src/maildir/dasovich-j/notes_inbox/2874.
400	0	data/samples/email/src/maildir/dasovich-j/notes_inbox/2949.
400	0	data/samples/email/src/maildir/dasovich-j/notes_inbox/2959.
400	0	data/samples/email/src/maildir/dasovich-j/notes_inbox/3017.
400	0	data/samples/email/src/maildir/dasovich-j/notes_inbox/3093.
400	0	data/samples/email/src/maildir/dasovich-j/notes_inbox/3097.
400	0	data/samples/email/src/maildir/dasovich-j/notes_inbox/3108.
400	0	data/samples/email/src/maildir/dasovich-j/notes_inbox/3285.
400	1	data/samples/email/src/maildir/dasovich-j/notes_inbox/3334.
400	0	data/samples/email/src/maildir/dasovich-j/notes_inbox/3651.
400	0	data/samples/email/src/maildir/dasovich-j/notes_inbox/3763.
400	0	data/samples/email/src/maildir/dasovich-j/notes_inbox/3790.
400	0	data/samples/email/src/maildir/dasovich-j/notes_inbox/407.
400	0	data/samples/email/src/maildir/dasovich-j/notes_inbox/427.
400	1	data/samples/email/src/maildir/dasovich-j/notes_inbox/4623.
400	0	data/samples/email/src/maildir/dasovich-j/notes_inbox/4812.
400	0	data/samples/email/src/maildir/dasovich-j/notes_inbox/5305.
400	0	data/samples/email/src/maildir/dasovich-j/notes_inbox/5313.
400	0	data/samples/email/src/maildir/dasovich-j/notes_inbox/540.
400	0	data/samples/email/src/maildir/dasovich-j/notes_inbox/5429.
400	1	data/samples/email/src/maildir/dasovich-j/notes_inbox/5547.
400	0	data/samples/email/src/maildir/dasovich-j/notes_inbox/5789.
400	0	data/samples/email/src/maildir/dasovich-j/notes_inbox/631.
400	0	data/samples/email/src/maildir/dasovich-j/sent/3578.
400	0	data/samples/email/src/maildir/dasovich-j/sent_items/22.
400	0	data/samples/email/src/maildir/davis-d/deleted_items/16.
400	0	data/samples/email/src/maildir/dean-c/deleted_items/306.
400	0	data/samples/email/src/maildir/derrick-j/_sent_mail/36.
400	0	data/samples/email/src/maildir/derrick-j/all_documents/66.
400	1	data/samples/email/src/maildir/derrick-j/deleted_items/275.
400	1	data/samples/email/src/maildir/derrick-j/deleted_items/296.
400	0	data/samples/email/src/maildir/derrick-j/discussion_threads/28.
400	0	data/samples/email/src/maildir/derrick-j/discussion_threads/58.
400	0	data/samples/email/src/maildir/derrick-j/sent/16.
400	0	data/samples/email/src/maildir/derrick-j/sent_items/180.
400	0	data/samples/email/src/maildir/derrick-j/sent_items/181.
400	0	data/samples/email/src/maildir/donoho-l/deleted_items/10.
400	0	data/samples/email/src/maildir/donoho-l/inbox/junk_file/157.
400	0	data/samples/email/src/maildir/donoho-l/inbox/junk_file/548.
400	0	data/samples/email/src/maildir/donohoe-t/inbox/230.
400	0	data/samples/email/src/maildir/dorland-c/deleted_items/117.
400	0	data/samples/email/src/maildir/dorland-c/sent_items/525.
400	0	data/samples/email/src/maildir/ermis-f/all_documents/175.
400	0	data/samples/email/src/maildir/ermis-f/discussion_threads/11.
400	0	data/samples/email/src/maildir/ermis-f/inbox/487.
400	0	data/samples/email/src/maildir/ermis-f/inbox/671.
400	0	data/samples/email/src/maildir/ermis-f/notes_inbox/139.
400	0	data/samples/email/src/maildir/farmer-d/deleted_items/136.
400	0	data/samples/email/src/maildir/farmer-d/deleted_items/236.
400	0	data/samples/email/src/maildir/farmer-d/deleted_items/347.
400	1	data/samples/email/src/maildir/fischer-m/deleted_items/61.
400	0	data/samples/email/src/maildir/fischer-m/deleted_items/70.
400	0	data/samples/email/src/maildir/fischer-m/personal/1.
400	0	data/samples/email/src/maildir/fischer-m/personal/15.
400	0	data/samples/email/src/maildir/forney-j/deleted_items/47.
400	0	data/samples/email/src/maildir/forney-j/sent_items/254.
400	0	data/samples/email/src/maildir/geaccone-t/_sent_mail/123.
400	0	data/samples/email/src/maildir/geaccone-t/deleted_items/200.
400	0	data/samples/email/src/maildir/geaccone-t/inbox/523.
400	0	data/samples/email/src/maildir/germany-c/all_documents/343.
400	0	data/samples/email/src/maildir/germany-c/bankrupt/transport/33.
400	0	data/samples/email/src/maildir/germany-c/deleted_items/185.
400	1	data/samples/email/src/maildir/germany-c/deleted_items/24.
400	0	data/samples/email/src/maildir/germany-c/deleted_items/26.
400	0	data/samples/email/src/maildir/germany-c/deleted_items/37.
400	0	data/samples/email/src/maildir/germany-c/discussion_threads/1986.
400	0	data/samples/email/src/maildir/germany-c/notes_inbox/55.
400	0	data/samples/email/src/maildir/germany-c/sent_items/888.
400	0	data/samples/email/src/maildir/germany-c/sent_items/893.
400	0	data/samples/email/src/maildir/gilbertsmith-d/deleted_items/155.
400	0	data/samples/email/src/maildir/gilbertsmith-d/deleted_items/72.
400	0	data/samples/email/src/maildir/giron-d/deleted_items/305.
400	0	data/samples/email/src/maildir/giron-d/inbox/401.
400	0	data/samples/email/src/maildir/giron-d/sent_items/431.
400	0	data/samples/email/src/maildir/griffith-j/deleted_items/776.
400	0	data/samples/email/src/maildir/grigsby-m/deleted_items/33.
400	0	data/samples/email/src/maildir/guzman-m/_sent_mail/9.
400	0	data/samples/email/src/maildir/guzman-m/all_documents/180.
400	0	data/samples/email/src/maildir/guzman-m/all_documents/282.
400	0	data/samples/email/src/maildir/guzman-m/all_documents/539.
400	0	data/samples/email/src/maildir/guzman-m/all_documents/628.
400	0	data/samples/email/src/maildir/guzman-m/all_documents/758.
400	0	data/samples/email/src/maildir/guzman-m/discussion_threads/1178.
400	0	data/samples/email/src/maildir/guzman-m/discussion_threads/1305.
400	0	data/samples/email/src/maildir/guzman-m/discussion_threads/1394.
400	0	data/samples/email/src/maildir/guzman-m/discussion_threads/1651.
400	0	data/samples/email/src/maildir/guzman-m/discussion_threads/1753.
400	0	data/samples/email/src/maildir/guzman-m/notes_inbox/172.
400	0	data/samples/email/src/maildir/guzman-m/notes_inbox/513.
400	0	data/samples/email/src/maildir/guzman-m/notes_inbox/601.
400	0	data/samples/email/src/maildir/guzman-m/notes_inbox/712.
400	0	data/samples/email/src/maildir/haedicke-m/all_documents/5044.
400	0	data/samples/email/src/maildir/haedicke-m/all_documents/5067.
400	1	data/samples/email/src/maildir/haedicke-m/deleted_items/83.
400	0	data/samples/email/src/maildir/haedicke-m/inbox/46.
400	0	data/samples/email/src/maildir/haedicke-m/inbox/524.
400	0	data/samples/email/src/maildir/haedicke-m/inbox/528.
400	0	data/samples/email/src/maildir/haedicke-m/inbox/79.
400	0	data/samples/email/src/maildir/haedicke-m/notes_inbox/1148.
400	0	data/samples/email/src/maildir/haedicke-m/notes_inbox/1168.
400	0	data/samples/email/src/maildir/hain-m/all_documents/673.
400	0	data/samples/email/src/maildir/hain-m/discussion_threads/600.
400	0	data/samples/email/src/maildir/hain-m/notes_inbox/564.
400	0	data/samples/email/src/maildir/harris-s/deleted_items/246.
400	0	data/samples/email/src/maildir/harris-s/deleted_items/407.
400	0	data/samples/email/src/maildir/hayslett-r/deleted_items/85.
400	0	data/samples/email/src/maildir/hayslett-r/inbox/28.
400	0	data/samples/email/src/maildir/hayslett-r/sent_items/361.
400	0	data/samples/email/src/maildir/heard-m/inbox/95.
400	0	data/samples/email/src/maildir/hernandez-j/all_documents/390.
400	0	data/samples/email/src/maildir/hernandez-j/all_documents/466.
400	0	data/samples/email/src/maildir/hernandez-j/all_documents/467.
400	0	data/samples/email/src/maildir/hernandez-j/deleted_items/36.
400	0	data/samples/email/src/maildir/hernandez-j/discussion_threads/324.
400	0	data/samples/email/src/maildir/hernandez-j/discussion_threads/325.
400	0	data/samples/email/src/maildir/hernandez-j/discussion_threads/400.
400	0	data/samples/email/src/maildir/hernandez-j/notes_inbox/290.
400	0	data/samples/email/src/maildir/hernandez-j/notes_inbox/365.
400	0	data/samples/email/src/maildir/hernandez-j/notes_inbox/366.
400	0	data/samples/email/src/maildir/hodge-j/deleted_items/220.
400	0	data/samples/email/src/maildir/holst-k/deleted_items/21.
400	1	data/samples/email/src/maildir/holst-k/deleted_items/214.
400	0	data/samples/email/src/maildir/horton-s/deleted_items/247.
400	0	data/samples/email/src/maildir/hyatt-k/deleted_items/379.
400	1	data/samples/email/src/maildir/hyatt-k/deleted_items/477.
400	0	data/samples/email/src/maildir/hyatt-k/deleted_items/615.
400	1	data/samples/email/src/maildir/hyatt-k/inbox/46.
400	1	data/samples/email/src/maildir/hyatt-k/projects/23.
400	0	data/samples/email/src/maildir/hyatt-k/projects/sun_devil/114.
400	1	data/samples/email/src/maildir/jones-t/all_documents/11362.
400	1	data/samples/email/src/maildir/jones-t/all_documents/11373.
400	1	data/samples/email/src/maildir/jones-t/all_documents/11399.
400	0	data/samples/email/src/maildir/jones-t/all_documents/5934.
400	0	data/samples/email/src/maildir/jones-t/all_documents/9954.
400	0	data/samples/email/src/maildir/jones-t/inbox/552.
400	0	data/samples/email/src/maildir/jones-t/inbox/741.
400	0	data/samples/email/src/maildir/jones-t/notes_inbox/3399.
400	1	data/samples/email/src/maildir/jones-t/notes_inbox/4391.
400	1	data/samples/email/src/maildir/jones-t/notes_inbox/4421.
400	1	data/samples/email/src/maildir/jones-t/sent/6198.
400	1	data/samples/email/src/maildir/kaminski-v/_sent_mail/121.
400	0	data/samples/email/src/maildir/kaminski-v/_sent_mail/1639.
400	0	data/samples/email/src/maildir/kaminski-v/_sent_mail/2162.
400	0	data/samples/email/src/maildir/kaminski-v/_sent_mail/2229.
400	0	data/samples/email/src/maildir/kaminski-v/_sent_mail/4797.
400	1	data/samples/email/src/maildir/kaminski-v/_sent_mail/674.
400	0	data/samples/email/src/maildir/kaminski-v/all_documents/10174.
400	0	data/samples/email/src/maildir/kaminski-v/all_documents/10410.
400	0	data/samples/email/src/maildir/kaminski-v/all_documents/10962.
400	0	data/samples/email/src/maildir/kaminski-v/all_documents/11111.
400	0	data/samples/email/src/maildir/kaminski-v/all_documents/11116.
400	1	data/samples/email/src/maildir/kaminski-v/all_documents/1473.
400	0	data/samples/email/src/maildir/kaminski-v/all_documents/2151.
400	1	data/samples/email/src/maildir/kaminski-v/all_documents/300.
400	0	data/samples/email/src/maildir/kaminski-v/all_documents/3495.
400	0	data/samples/email/src/maildir/kaminski-v/all_documents/3510.
400	0	data/samples/email/src/maildir/kaminski-v/all_documents/4670.
400	0	data/samples/email/src/maildir/kaminski-v/all_documents/4673.
400	0	data/samples/email/src/maildir/kaminski-v/all_documents/4721.
400	0	data/samples/email/src/maildir/kaminski-v/all_documents/4840.
400	0	data/samples/email/src/maildir/kaminski-v/all_documents/4903.
400	0	data/samples/email/src/maildir/kaminski-v/c/mangmt/ene_ect/92.
400	0	data/samples/email/src/maildir/kaminski-v/c/mangmt/group/management/686.
400	0	data/samples/email/src/maildir/kaminski-v/conferences/117.
400	0	data/samples/email/src/maildir/kaminski-v/conferences/118.
400	0	data/samples/email/src/maildir/kaminski-v/conferences/264.
400	0	data/samples/email/src/maildir/kaminski-v/deleted_items/1241.
400	0	data/samples/email/src/maildir/kaminski-v/deleted_items/215.
400	0	data/samples/email/src/maildir/kaminski-v/deleted_items/2448.
400	0	data/samples/email/src/maildir/kaminski-v/deleted_items/248.
400	0	data/samples/email/src/maildir/kaminski-v/deleted_items/273.
400	0	data/samples/email/src/maildir/kaminski-v/deleted_items/350.
400	0	data/samples/email/src/maildir/kaminski-v/deleted_items/439.
400	0	data/samples/email/src/maildir/kaminski-v/deleted_items/586.
400	0	data/samples/email/src/maildir/kaminski-v/deleted_items/590.
400	0	data/samples/email/src/maildir/kaminski-v/deleted_items/604.
400	0	data/samples/email/src/maildir/kaminski-v/deleted_items/868.
400	0	data/samples/email/src/maildir/kaminski-v/discussion_threads/1610.
400	0	data/samples/email/src/maildir/kaminski-v/discussion_threads/1625.
400	0	data/samples/email/src/maildir/kaminski-v/discussion_threads/2585.
400	1	data/samples/email/src/maildir/kaminski-v/discussion_threads/3081.
400	1	data/samples/email/src/maildir/kaminski-v/discussion_threads/4029.
400	0	data/samples/email/src/maildir/kaminski-v/discussion_threads/4297.
400	0	data/samples/email/src/maildir/kaminski-v/discussion_threads/4298.
400	0	data/samples/email/src/maildir/kaminski-v/discussion_threads/4405.
400	0	data/samples/email/src/maildir/kaminski-v/discussion_threads/4854.
400	0	data/samples/email/src/maildir/kaminski-v/discussion_threads/5012.
400	0	data/samples/email/src/maildir/kaminski-v/discussion_threads/555.
400	0	data/samples/email/src/maildir/kaminski-v/discussion_threads/602.
400	0	data/samples/email/src/maildir/kaminski-v/discussion_threads/697.
400	0	data/samples/email/src/maildir/kaminski-v/inbox/282.
400	0	data/samples/email/src/maildir/kaminski-v/inbox/324.
400	0	data/samples/email/src/maildir/kaminski-v/resumes/802.
400	0	data/samples/email/src/maildir/kaminski-v/rice/260.
400	1	data/samples/email/src/maildir/kaminski-v/sent/121.
400	0	data/samples/email/src/maildir/kaminski-v/sent/1638.
400	0	data/samples/email/src/maildir/kaminski-v/sent/2161.
400	0	data/samples/email/src/maildir/kaminski-v/sent/2228.
400	0	data/samples/email/src/maildir/kaminski-v/sent/4796.
400	1	data/samples/email/src/maildir/kaminski-v/sent/674.
400	0	data/samples/email/src/maildir/kaminski-v/universities/227.
400	0	data/samples/email/src/maildir/kaminski-v/universities/348.
400	1	data/samples/email/src/maildir/kaminski-v/universities/76.
400	1	data/samples/email/src/maildir/kean-s/all_documents/17426.
400	1	data/samples/email/src/maildir/kean-s/all_documents/1784.
400	1	data/samples/email/src/maildir/kean-s/all_documents/1861.
400	1	data/samples/email/src/maildir/kean-s/all_documents/2081.
400	0	data/samples/email/src/maildir/kean-s/all_documents/4716.
400	0	data/samples/email/src/maildir/kean-s/all_documents/5057.
400	0	data/samples/email/src/maildir/kean-s/all_documents/5303.
400	1	data/samples/email/src/maildir/kean-s/all_documents/5362.
400	0	data/samples/email/src/maildir/kean-s/all_documents/6242.
400	1	data/samples/email/src/maildir/kean-s/all_documents/689.
400	0	data/samples/email/src/maildir/kean-s/all_documents/8986.
400	0	data/samples/email/src/maildir/kean-s/analyst_meeting_2001/1.
400	1	data/samples/email/src/maildir/kean-s/archiving/untitled/1639.
400	1	data/samples/email/src/maildir/kean-s/archiving/untitled/17426.
400	1	data/samples/email/src/maildir/kean-s/archiving/untitled/246.
400	1	data/samples/email/src/maildir/kean-s/archiving/untitled/466.
400	0	data/samples/email/src/maildir/kean-s/archiving/untitled/4715.
400	0	data/samples/email/src/maildir/kean-s/archiving/untitled/5056.
400	0	data/samples/email/src/maildir/kean-s/archiving/untitled/5302.
400	1	data/samples/email/src/maildir/kean-s/archiving/untitled/5361.
400	1	data/samples/email/src/maildir/kean-s/archiving/untitled/543.
400	0	data/samples/email/src/maildir/kean-s/archiving/untitled/6241.
400	1	data/samples/email/src/maildir/kean-s/attachments/135.
400	1	data/samples/email/src/maildir/kean-s/attachments/142.
400	0	data/samples/email/src/maildir/kean-s/attachments/1493.
400	1	data/samples/email/src/maildir/kean-s/calendar/untitled/17425.
400	1	data/samples/email/src/maildir/kean-s/calendar/untitled/1785.
400	1	data/samples/email/src/maildir/kean-s/calendar/untitled/1862.
400	1	data/samples/email/src/maildir/kean-s/calendar/untitled/2082.
400	1	data/samples/email/src/maildir/kean-s/calendar/untitled/689.
400	0	data/samples/email/src/maildir/kean-s/calendar/untitled/7122.
400	1	data/samples/email/src/maildir/kean-s/calendar/untitled/8002.
400	0	data/samples/email/src/maildir/kean-s/calendar/untitled/8061.
400	0	data/samples/email/src/maildir/kean-s/calendar/untitled/8307.
400	0	data/samples/email/src/maildir/kean-s/calendar/untitled/8648.
400	0	data/samples/email/src/maildir/kean-s/california/118.
400	0	data/samples/email/src/maildir/kean-s/california/200.
400	0	data/samples/email/src/maildir/kean-s/deleted_items/233.
400	0	data/samples/email/src/maildir/kean-s/deleted_items/296.
400	0	data/samples/email/src/maildir/kean-s/deleted_items/385.
400	1	data/samples/email/src/maildir/kean-s/discussion_threads/11026.
400	1	data/samples/email/src/maildir/kean-s/discussion_threads/1524.
400	1	data/samples/email/src/maildir/kean-s/discussion_threads/1586.
400	0	data/samples/email/src/maildir/kean-s/discussion_threads/2106.
400	0	data/samples/email/src/maildir/kean-s/discussion_threads/2924.
400	0	data/samples/email/src/maildir/kean-s/discussion_threads/3142.
400	0	data/samples/email/src/maildir/kean-s/discussion_threads/3426.
400	0	data/samples/email/src/maildir/kean-s/enron_mentions/14.
400	1	data/samples/email/src/maildir/kean-s/mexico/8.
400	1	data/samples/email/src/maildir/kean-s/notes_inbox/42.
400	1	data/samples/email/src/maildir/kean-s/sent/1460.
400	0	data/samples/email/src/maildir/kean-s/sent/2544.
400	1	data/samples/email/src/maildir/kean-s/sent/464.
400	1	data/samples/email/src/maildir/kean-s/sent/5077.
400	1	data/samples/email/src/maildir/kean-s/university_relations/2.
400	0	data/samples/email/src/maildir/keavey-p/deleted_items/39.
400	0	data/samples/email/src/maildir/king-j/deleted_items/187.
400	0	data/samples/email/src/maildir/kitchen-l/_americas/esvl/425.
400	0	data/samples/email/src/maildir/kitchen-l/_americas/hr/253.
400	0	data/samples/email/src/maildir/kitchen-l/_americas/sec_media/3.
400	1	data/samples/email/src/maildir/kitchen-l/_americas/sec_media/46.
400	0	data/samples/email/src/maildir/kitchen-l/_americas/sec_media/59.
400	0	data/samples/email/src/maildir/kuykendall-t/deleted_items/86.
400	0	data/samples/email/src/maildir/lavorato-j/inbox/285.
400	1	data/samples/email/src/maildir/lay-k/_sent/111.
400	1	data/samples/email/src/maildir/lay-k/all_documents/183.
400	0	data/samples/email/src/maildir/lay-k/all_documents/223.
400	0	data/samples/email/src/maildir/lay-k/all_documents/609.
400	0	data/samples/email/src/maildir/lay-k/discussion_threads/136.
400	0	data/samples/email/src/maildir/lay-k/discussion_threads/488.
400	0	data/samples/email/src/maildir/lay-k/inbox/1037.
400	0	data/samples/email/src/maildir/lay-k/inbox/743.
400	0	data/samples/email/src/maildir/lay-k/notes_inbox/398.
400	0	data/samples/email/src/maildir/lay-k/notes_inbox/42.
400	1	data/samples/email/src/maildir/lay-k/sent/63.
400	0	data/samples/email/src/maildir/lenhart-m/deleted_items/210.
400	1	data/samples/email/src/maildir/lewis-a/all_documents/108.
400	1	data/samples/email/src/maildir/lewis-a/all_documents/111.
400	1	data/samples/email/src/maildir/lewis-a/all_documents/119.
400	0	data/samples/email/src/maildir/lewis-a/all_documents/175.
400	0	data/samples/email/src/maildir/lewis-a/all_documents/180.
400	0	data/samples/email/src/maildir/lewis-a/all_documents/185.
400	0	data/samples/email/src/maildir/lewis-a/all_documents/94.
400	0	data/samples/email/src/maildir/lewis-a/deleted_items/1009.
400	0	data/samples/email/src/maildir/lewis-a/deleted_items/108.
400	0	data/samples/email/src/maildir/lewis-a/deleted_items/1088.
400	0	data/samples/email/src/maildir/lewis-a/deleted_items/1157.
400	0	data/samples/email/src/maildir/lewis-a/deleted_items/1183.
400	1	data/samples/email/src/maildir/lewis-a/deleted_items/1318.
400	0	data/samples/email/src/maildir/lewis-a/deleted_items/153.
400	0	data/samples/email/src/maildir/lewis-a/deleted_items/189.
400	0	data/samples/email/src/maildir/lewis-a/deleted_items/190.
400	0	data/samples/email/src/maildir/lewis-a/deleted_items/304.
400	0	data/samples/email/src/maildir/lewis-a/deleted_items/411.
400	0	data/samples/email/src/maildir/lewis-a/deleted_items/585.
400	0	data/samples/email/src/maildir/lewis-a/deleted_items/600.
400	0	data/samples/email/src/maildir/lewis-a/deleted_items/683.
400	0	data/samples/email/src/maildir/lewis-a/deleted_items/740.
400	0	data/samples/email/src/maildir/lewis-a/deleted_items/815.
400	0	data/samples/email/src/maildir/lewis-a/deleted_items/816.
400	0	data/samples/email/src/maildir/lewis-a/deleted_items/826.
400	0	data/samples/email/src/maildir/lewis-a/deleted_items/850.
400	0	data/samples/email/src/maildir/lewis-a/deleted_items/910.
400	1	data/samples/email/src/maildir/lewis-a/deleted_items/947.
400	1	data/samples/email/src/maildir/lewis-a/deleted_items/950.
400	0	data/samples/email/src/maildir/lewis-a/deleted_items/986.
400	0	data/samples/email/src/maildir/lewis-a/discussion_threads/188.
400	0	data/samples/email/src/maildir/lewis-a/discussion_threads/193.
400	0	data/samples/email/src/maildir/lewis-a/discussion_threads/198.
400	1	data/samples/email/src/maildir/lewis-a/discussion_threads/51.
400	1	data/samples/email/src/maildir/lewis-a/discussion_threads/59.
400	1	data/samples/email/src/maildir/lewis-a/discussion_threads/62.
400	0	data/samples/email/src/maildir/lewis-a/discussion_threads/76.
400	0	data/samples/email/src/maildir/lewis-a/inbox/127.
400	0	data/samples/email/src/maildir/lewis-a/inbox/128.
400	1	data/samples/email/src/maildir/lewis-a/notes_inbox/100.
400	1	data/samples/email/src/maildir/lewis-a/notes_inbox/103.
400	1	data/samples/email/src/maildir/lewis-a/notes_inbox/111.
400	0	data/samples/email/src/maildir/lewis-a/notes_inbox/86.
400	0	data/samples/email/src/maildir/linder-e/all_documents/638.
400	0	data/samples/email/src/maildir/linder-e/discussion_threads/620.
400	0	data/samples/email/src/maildir/linder-e/notes_inbox/307.
400	0	data/samples/email/src/maildir/lokay-m/corporate/501.
400	0	data/samples/email/src/maildir/lokay-m/deleted_items/149.
400	0	data/samples/email/src/maildir/lokay-m/personal/311.
400	0	data/samples/email/src/maildir/lokay-m/sent_items/143.
400	0	data/samples/email/src/maildir/lokay-m/sent_items/144.
400	0	data/samples/email/src/maildir/lokay-m/sent_items/77.
400	0	data/samples/email/src/maildir/lokey-t/inbox/28.
400	0	data/samples/email/src/maildir/lucci-p/inbox/202.
400	0	data/samples/email/src/maildir/maggi-m/deleted_items/842.
400	0	data/samples/email/src/maildir/mann-k/_sent_mail/2633.
400	0	data/samples/email/src/maildir/mann-k/_sent_mail/4232.
400	0	data/samples/email/src/maildir/mann-k/all_documents/7433.
400	0	data/samples/email/src/maildir/mann-k/discussion_threads/2869.
400	0	data/samples/email/src/maildir/mann-k/discussion_threads/4881.
400	0	data/samples/email/src/maildir/mann-k/sent/1711.
400	0	data/samples/email/src/maildir/mann-k/sent/4533.
400	0	data/samples/email/src/maildir/martin-t/deleted_items/162.
400	0	data/samples/email/src/maildir/martin-t/deleted_items/30.
400	0	data/samples/email/src/maildir/martin-t/deleted_items/53.
400	0	data/samples/email/src/maildir/martin-t/deleted_items/64.
400	0	data/samples/email/src/maildir/martin-t/inbox/101.
400	0	data/samples/email/src/maildir/martin-t/inbox/116.
400	0	data/samples/email/src/maildir/martin-t/inbox/22.
400	0	data/samples/email/src/maildir/martin-t/inbox/30.
400	0	data/samples/email/src/maildir/may-l/inbox/774.
400	0	data/samples/email/src/maildir/mccarty-d/deleted_items/97.
400	0	data/samples/email/src/maildir/mcconnell-m/all_documents/251.
400	0	data/samples/email/src/maildir/mcconnell-m/all_documents/347.
400	0	data/samples/email/src/maildir/mcconnell-m/all_documents/547.
400	0	data/samples/email/src/maildir/mcconnell-m/deleted_items/6.
400	0	data/samples/email/src/maildir/mcconnell-m/discussion_threads/336.
400	0	data/samples/email/src/maildir/mcconnell-m/discussion_threads/455.
400	0	data/samples/email/src/maildir/mcconnell-m/discussion_threads/501.
400	0	data/samples/email/src/maildir/mcconnell-m/house/4.
400	0	data/samples/email/src/maildir/mcconnell-m/japan/1.
400	1	data/samples/email/src/maildir/mcconnell-m/misc/106.
400	0	data/samples/email/src/maildir/mckay-b/deleted_items/37.
400	0	data/samples/email/src/maildir/mclaughlin-e/all_documents/417.
400	0	data/samples/email/src/maildir/mclaughlin-e/all_documents/77.
400	0	data/samples/email/src/maildir/mclaughlin-e/deleted_items/201.
400	0	data/samples/email/src/maildir/mclaughlin-e/discussion_threads/367.
400	0	data/samples/email/src/maildir/mclaughlin-e/discussion_threads/75.
400	0	data/samples/email/src/maildir/mclaughlin-e/private_folders/corp_info_announcements/19.
400	0	data/samples/email/src/maildir/mclaughlin-e/private_folders/personal_stuff/68.
400	0	data/samples/email/src/maildir/merriss-s/all_documents/247.
400	0	data/samples/email/src/maildir/merriss-s/discussion_threads/231.
400	0	data/samples/email/src/maildir/merriss-s/notes_inbox/304.
400	0	data/samples/email/src/maildir/mims-thurston-p/deleted_items/192.
400	0	data/samples/email/src/maildir/mims-thurston-p/deleted_items/199.
400	0	data/samples/email/src/maildir/mims-thurston-p/deleted_items/412.
400	0	data/samples/email/src/maildir/mims-thurston-p/deleted_items/652.
400	0	data/samples/email/src/maildir/mims-thurston-p/sent_items/57.
400	0	data/samples/email/src/maildir/motley-m/inbox/ene_portland/administrative/17.
400	0	data/samples/email/src/maildir/neal-s/deleted_items/475.
400	0	data/samples/email/src/maildir/nemec-g/all_documents/127.
400	0	data/samples/email/src/maildir/nemec-g/all_documents/211.
400	0	data/samples/email/src/maildir/nemec-g/all_documents/6227.
400	1	data/samples/email/src/maildir/nemec-g/inbox/1799.
400	1	data/samples/email/src/maildir/nemec-g/inbox/1801.
400	0	data/samples/email/src/maildir/nemec-g/inbox/46.
400	0	data/samples/email/src/maildir/nemec-g/notes_inbox/1318.
400	0	data/samples/email/src/maildir/nemec-g/sent/124.
400	0	data/samples/email/src/maildir/nemec-g/sent/208.
400	0	data/samples/email/src/maildir/panus-s/deleted_items/114.
400	0	data/samples/email/src/maildir/panus-s/deleted_items/198.
400	0	data/samples/email/src/maildir/parks-j/deleted_items/665.
400	0	data/samples/email/src/maildir/parks-j/inbox/276.
400	0	data/samples/email/src/maildir/parks-j/inbox/278.
400	0	data/samples/email/src/maildir/parks-j/inbox/522.
400	0	data/samples/email/src/maildir/pereira-s/deleted_items/22.
400	0	data/samples/email/src/maildir/perlingiere-d/deleted_items/25.
400	0	data/samples/email/src/maildir/pimenov-v/deleted_items/201.
400	0	data/samples/email/src/maildir/presto-k/all_documents/24.
400	0	data/samples/email/src/maildir/presto-k/deleted_items/1412.
400	0	data/samples/email/src/maildir/presto-k/deleted_items/420.
400	0	data/samples/email/src/maildir/presto-k/discussion_threads/21.
400	1	data/samples/email/src/maildir/presto-k/sent_items/1103.
400	0	data/samples/email/src/maildir/quenet-j/deleted_items/37.
400	0	data/samples/email/src/maildir/quigley-d/deleted_items/294.
400	0	data/samples/email/src/maildir/quigley-d/inbox/1.
400	0	data/samples/email/src/maildir/quigley-d/inbox/53.
400	1	data/samples/email/src/maildir/rapp-b/deleted_items/16.
400	0	data/samples/email/src/maildir/rapp-b/inbox/39.
400	0	data/samples/email/src/maildir/reitmeyer-j/deleted_items/62.
400	0	data/samples/email/src/maildir/reitmeyer-j/deleted_items/9.
400	0	data/samples/email/src/maildir/ring-r/deleted_items/15.
400	1	data/samples/email/src/maildir/ring-r/inbox/67.
400	0	data/samples/email/src/maildir/rogers-b/all_documents/2090.
400	1	data/samples/email/src/maildir/rogers-b/all_documents/756.
400	1	data/samples/email/src/maildir/rogers-b/discussion_threads/1219.
400	0	data/samples/email/src/maildir/rogers-b/discussion_threads/15.
400	0	data/samples/email/src/maildir/rogers-b/inbox/255.
400	0	data/samples/email/src/maildir/rogers-b/teco/30.
400	1	data/samples/email/src/maildir/rogers-b/texas_b_school/3.
400	0	data/samples/email/src/maildir/ruscitti-k/inbox/80.
400	0	data/samples/email/src/maildir/sager-e/inbox/36.
400	0	data/samples/email/src/maildir/saibi-e/inbox/755.
400	0	data/samples/email/src/maildir/salisbury-h/read/226.
400	0	data/samples/email/src/maildir/sanders-r/all_documents/1659.
400	0	data/samples/email/src/maildir/sanders-r/all_documents/1744.
400	0	data/samples/email/src/maildir/sanders-r/all_documents/1780.
400	0	data/samples/email/src/maildir/sanders-r/all_documents/458.
400	0	data/samples/email/src/maildir/sanders-r/all_documents/459.
400	0	data/samples/email/src/maildir/sanders-r/all_documents/591.
400	0	data/samples/email/src/maildir/sanders-r/all_documents/598.
400	0	data/samples/email/src/maildir/sanders-r/all_documents/7523.
400	0	data/samples/email/src/maildir/sanders-r/all_documents/920.
400	0	data/samples/email/src/maildir/sanders-r/all_documents/933.
400	0	data/samples/email/src/maildir/sanders-r/all_documents/938.
400	0	data/samples/email/src/maildir/sanders-r/deleted_items/165.
400	0	data/samples/email/src/maildir/sanders-r/deleted_items/290.
400	0	data/samples/email/src/maildir/sanders-r/deleted_items/96.
400	0	data/samples/email/src/maildir/sanders-r/heof_intrust/5.
400	0	data/samples/email/src/maildir/sanders-r/misc/30.
400	0	data/samples/email/src/maildir/sanders-r/notes_inbox/382.
400	0	data/samples/email/src/maildir/sanders-r/pacific_virgo/44.
400	0	data/samples/email/src/maildir/sanders-r/pacific_virgo/45.
400	0	data/samples/email/src/maildir/sanders-r/sent/261.
400	0	data/samples/email/src/maildir/sanders-r/sent/340.
400	0	data/samples/email/src/maildir/sanders-r/sent/345.
400	0	data/samples/email/src/maildir/sanders-r/sent/501.
400	0	data/samples/email/src/maildir/sanders-r/sent/898.
400	0	data/samples/email/src/maildir/sanders-r/sent/966.
400	0	data/samples/email/src/maildir/schoolcraft-d/deleted_items/175.
400	0	data/samples/email/src/maildir/schoolcraft-d/inbox/junk/123.
400	0	data/samples/email/src/maildir/schwieger-j/deleted_items/92.
400	0	data/samples/email/src/maildir/scott-s/deleted_items/165.
400	1	data/samples/email/src/maildir/scott-s/inbox/137.
400	0	data/samples/email/src/maildir/scott-s/inbox/288.
400	1	data/samples/email/src/maildir/scott-s/inbox/357.
400	0	data/samples/email/src/maildir/shackleton-s/all_documents/1095.
400	0	data/samples/email/src/maildir/shackleton-s/all_documents/11129.
400	0	data/samples/email/src/maildir/shackleton-s/all_documents/11167.
400	0	data/samples/email/src/maildir/shackleton-s/all_documents/1216.
400	0	data/samples/email/src/maildir/shackleton-s/all_documents/1412.
400	1	data/samples/email/src/maildir/shackleton-s/all_documents/9400.
400	0	data/samples/email/src/maildir/shackleton-s/brazil_news/1.
400	0	data/samples/email/src/maildir/shackleton-s/inbox/487.
400	0	data/samples/email/src/maildir/shackleton-s/nelson/138.
400	0	data/samples/email/src/maildir/shackleton-s/nelson/146.
400	0	data/samples/email/src/maildir/shackleton-s/nelson/339.
400	0	data/samples/email/src/maildir/shackleton-s/nelson/353.
400	1	data/samples/email/src/maildir/shackleton-s/nelson/7.
400	0	data/samples/email/src/maildir/shackleton-s/sent/783.
400	0	data/samples/email/src/maildir/shackleton-s/sent/874.
400	0	data/samples/email/src/maildir/shankman-j/deleted_items/81.
400	1	data/samples/email/src/maildir/shapiro-r/2001_prc__midyear/16.
400	0	data/samples/email/src/maildir/shapiro-r/all_documents/907.
400	0	data/samples/email/src/maildir/shapiro-r/deleted_items/1125.
400	0	data/samples/email/src/maildir/shapiro-r/deleted_items/1126.
400	0	data/samples/email/src/maildir/shapiro-r/deleted_items/1303.
400	0	data/samples/email/src/maildir/shapiro-r/deleted_items/327.
400	0	data/samples/email/src/maildir/shapiro-r/deleted_items/639.
400	0	data/samples/email/src/maildir/shapiro-r/discussion_threads/818.
400	0	data/samples/email/src/maildir/shapiro-r/notes_inbox/39.
400	1	data/samples/email/src/maildir/skilling-j/deleted_items/457.
400	1	data/samples/email/src/maildir/skilling-j/inbox/132.
400	1	data/samples/email/src/maildir/skilling-j/inbox/333.
400	0	data/samples/email/src/maildir/skilling-j/inbox/861.
400	0	data/samples/email/src/maildir/smith-m/deleted_items/27.
400	0	data/samples/email/src/maildir/staab-t/deleted_items/154.
400	0	data/samples/email/src/maildir/steffes-j/deleted_items/343.
400	0	data/samples/email/src/maildir/steffes-j/deleted_items/496.
400	1	data/samples/email/src/maildir/steffes-j/inbox/250.
400	0	data/samples/email/src/maildir/steffes-j/sent_items/1228.
400	1	data/samples/email/src/maildir/steffes-j/sent_items/255.
400	0	data/samples/email/src/maildir/stepenovitch-j/deleted_items/37.
400	0	data/samples/email/src/maildir/storey-g/deleted_items/289.
400	0	data/samples/email/src/maildir/storey-g/sent_items/26.
400	0	data/samples/email/src/maildir/storey-g/sent_items/32.
400	0	data/samples/email/src/maildir/sturm-f/inbox/125.
400	0	data/samples/email/src/maildir/swerzbin-m/inbox/216.
400	0	data/samples/email/src/maildir/symes-k/all_documents/1081.
400	1	data/samples/email/src/maildir/symes-k/all_documents/1544.
400	0	data/samples/email/src/maildir/symes-k/all_documents/1866.
400	0	data/samples/email/src/maildir/symes-k/all_documents/3571.
400	0	data/samples/email/src/maildir/symes-k/corporate_comm/113.
400	0	data/samples/email/src/maildir/symes-k/discussion_threads/1030.
400	1	data/samples/email/src/maildir/symes-k/discussion_threads/1483.
400	0	data/samples/email/src/maildir/symes-k/discussion_threads/1799.
400	0	data/samples/email/src/maildir/symes-k/discussion_threads/3432.
400	0	data/samples/email/src/maildir/symes-k/power_marketer/127.
400	1	data/samples/email/src/maildir/symes-k/power_marketer/46.
400	0	data/samples/email/src/maildir/symes-k/power_marketer/59.
400	0	data/samples/email/src/maildir/taylor-m/all_documents/1127.
400	0	data/samples/email/src/maildir/taylor-m/all_documents/1165.
400	0	data/samples/email/src/maildir/taylor-m/all_documents/150.
400	0	data/samples/email/src/maildir/taylor-m/all_documents/2849.
400	0	data/samples/email/src/maildir/taylor-m/all_documents/3036.
400	0	data/samples/email/src/maildir/taylor-m/all_documents/3068.
400	0	data/samples/email/src/maildir/taylor-m/all_documents/7756.
400	0	data/samples/email/src/maildir/taylor-m/archive/1_00/19.
400	0	data/samples/email/src/maildir/taylor-m/archive/8_00/163.
400	0	data/samples/email/src/maildir/taylor-m/archive/8_00/186.
400	0	data/samples/email/src/maildir/taylor-m/archive/8_00/59.
400	0	data/samples/email/src/maildir/taylor-m/deleted_items/221.
400	0	data/samples/email/src/maildir/taylor-m/deleted_items/86.
400	0	data/samples/email/src/maildir/taylor-m/inbox/lisa_j/8.
400	0	data/samples/email/src/maildir/taylor-m/notes_inbox/1177.
400	0	data/samples/email/src/maildir/taylor-m/notes_inbox/1298.
400	0	data/samples/email/src/maildir/taylor-m/notes_inbox/1325.
400	0	data/samples/email/src/maildir/taylor-m/notes_inbox/32.
400	0	data/samples/email/src/maildir/taylor-m/notes_inbox/49.
400	0	data/samples/email/src/maildir/taylor-m/sent/136.
400	0	data/samples/email/src/maildir/taylor-m/sent/3220.
400	0	data/samples/email/src/maildir/tholt-j/deleted_items/201.
400	0	data/samples/email/src/maildir/tholt-j/inbox/4.
400	0	data/samples/email/src/maildir/tholt-j/sent_items/27.
400	0	data/samples/email/src/maildir/thomas-p/deleted_items/647.
400	0	data/samples/email/src/maildir/thomas-p/inbox/274.
400	0	data/samples/email/src/maildir/thomas-p/inbox/74.
400	0	data/samples/email/src/maildir/townsend-j/deleted_items/41.
400	0	data/samples/email/src/maildir/townsend-j/deleted_items/55.
400	0	data/samples/email/src/maildir/townsend-j/inbox/115.
400	0	data/samples/email/src/maildir/tycholiz-b/deleted_items/62.
400	0	data/samples/email/src/maildir/tycholiz-b/sent_items/260.
400	0	data/samples/email/src/maildir/ward-k/deleted_items/130.
400	0	data/samples/email/src/maildir/watson-k/deleted_items/125.
400	0	data/samples/email/src/maildir/watson-k/deleted_items/170.
400	0	data/samples/email/src/maildir/watson-k/e_mail_bin/118.
400	0	data/samples/email/src/maildir/watson-k/e_mail_bin/169.
400	0	data/samples/email/src/maildir/watson-k/e_mail_bin/591.
400	1	data/samples/email/src/maildir/watson-k/inbox/324.
400	0	data/samples/email/src/maildir/weldon-c/deleted_items/232.
400	1	data/samples/email/src/maildir/whalley-l/all_documents/1054.
400	1	data/samples/email/src/maildir/whalley-l/all_documents/991.
400	1	data/samples/email/src/maildir/whalley-l/discussion_threads/1263.
400	1	data/samples/email/src/maildir/whalley-l/discussion_threads/1326.
400	1	data/samples/email/src/maildir/whalley-l/notes_inbox/454.
400	1	data/samples/email/src/maildir/whalley-l/notes_inbox/513.
400	0	data/samples/email/src/maildir/white-s/deleted_items/550.
400	0	data/samples/email/src/maildir/whitt-m/deleted_items/41.
400	1	data/samples/email/src/maildir/whitt-m/inbox/444.
400	0	data/samples/email/src/maildir/williams-j/deleted_items/14.
400	0	data/samples/email/src/maildir/williams-j/deleted_items/27.
400	0	data/samples/email/src/maildir/williams-j/deleted_items/284.
400	0	data/samples/email/src/maildir/ybarbo-p/deleted_items/138.
400	0	data/samples/email/src/maildir/ybarbo-p/deleted_items/56.
400	0	data/samples/email/src/maildir/ybarbo-p/inbox/241.
400	0	data/samples/email/src/maildir/ybarbo-p/inbox/317.
400	0	data/samples/email/src/maildir/ybarbo-p/inbox/559.
400	0	data/samples/email/src/maildir/zipper-a/deleted_items/495.
380	0	data/samples/email/src/maildir/jones-t/all_documents/2687.
380	0	data/samples/email/src/maildir/jones-t/notes_inbox/977.
380	0	data/samples/email/src/maildir/lokay-m/all_documents/154.
380	0	data/samples/email/src/maildir/lokay-m/corporate/44.
380	0	data/samples/email/src/maildir/lokay-m/discussion_threads/147.
380	0	data/samples/email/src/maildir/stclair-c/all_documents/2884.
380	0	data/samples/email/src/maildir/stclair-c/sent/2512.
300	0	data/samples/email/src/maildir/allen-p/deleted_items/407.
300	0	data/samples/email/src/maildir/allen-p/sent_items/409.
300	0	data/samples/email/src/maildir/arnold-j/_sent_mail/540.
300	0	data/samples/email/src/maildir/arnold-j/all_documents/777.
300	0	data/samples/email/src/maildir/arnold-j/deleted_items/731.
300	0	data/samples/email/src/maildir/arnold-j/inbox/51.
300	0	data/samples/email/src/maildir/arnold-j/sent/544.
300	0	data/samples/email/src/maildir/arora-h/deleted_items/14.
300	0	data/samples/email/src/maildir/arora-h/inbox/14.
300	0	data/samples/email/src/maildir/arora-h/inbox/24.
300	0	data/samples/email/src/maildir/bass-e/_sent_mail/288.
300	0	data/samples/email/src/maildir/bass-e/_sent_mail/315.
300	0	data/samples/email/src/maildir/bass-e/_sent_mail/350.
300	0	data/samples/email/src/maildir/bass-e/_sent_mail/398.
300	0	data/samples/email/src/maildir/bass-e/all_documents/265.
300	0	data/samples/email/src/maildir/bass-e/all_documents/492.
300	0	data/samples/email/src/maildir/bass-e/all_documents/668.
300	0	data/samples/email/src/maildir/bass-e/all_documents/859.
300	0	data/samples/email/src/maildir/bass-e/all_documents/886.
300	0	data/samples/email/src/maildir/bass-e/all_documents/922.
300	0	data/samples/email/src/maildir/bass-e/all_documents/970.
300	0	data/samples/email/src/maildir/bass-e/deleted_items/12.
300	0	data/samples/email/src/maildir/bass-e/deleted_items/23.
300	0	data/samples/email/src/maildir/bass-e/deleted_items/292.
300	0	data/samples/email/src/maildir/bass-e/discussion_threads/1007.
300	0	data/samples/email/src/maildir/bass-e/discussion_threads/381.
300	0	data/samples/email/src/maildir/bass-e/discussion_threads/411.
300	0	data/samples/email/src/maildir/bass-e/discussion_threads/429.
300	0	data/samples/email/src/maildir/bass-e/discussion_threads/452.
300	0	data/samples/email/src/maildir/bass-e/discussion_threads/606.
300	0	data/samples/email/src/maildir/bass-e/discussion_threads/782.
300	0	data/samples/email/src/maildir/bass-e/inbox/11.
300	0	data/samples/email/src/maildir/bass-e/inbox/162.
300	0	data/samples/email/src/maildir/bass-e/inbox/257.
300	0	data/samples/email/src/maildir/bass-e/inbox/265.
300	0	data/samples/email/src/maildir/bass-e/notes_inbox/219.
300	0	data/samples/email/src/maildir/bass-e/notes_inbox/414.
300	0	data/samples/email/src/maildir/bass-e/sent/190.
300	0	data/samples/email/src/maildir/bass-e/sent/217.
300	0	data/samples/email/src/maildir/bass-e/sent/252.
300	0	data/samples/email/src/maildir/bass-e/sent/300.
300	0	data/samples/email/src/maildir/bass-e/sent_items/76.
300	0	data/samples/email/src/maildir/baughman-d/deleted_items/251.
300	0	data/samples/email/src/maildir/baughman-d/deleted_items/349.
300	0	data/samples/email/src/maildir/baughman-d/inbox/126.
300	0	data/samples/email/src/maildir/baughman-d/personal/internet/3.
300	0	data/samples/email/src/maildir/baughman-d/personal/travel/3.
300	0	data/samples/email/src/maildir/beck-s/_sent_mail/689.
300	0	data/samples/email/src/maildir/beck-s/all_documents/1663.
300	0	data/samples/email/src/maildir/beck-s/all_documents/1674.
300	0	data/samples/email/src/maildir/beck-s/all_documents/2841.
300	0	data/samples/email/src/maildir/beck-s/discussion_threads/1467.
300	0	data/samples/email/src/maildir/beck-s/discussion_threads/1478.
300	0	data/samples/email/src/maildir/beck-s/discussion_threads/4195.
300	0	data/samples/email/src/maildir/beck-s/inbox/248.
300	0	data/samples/email/src/maildir/beck-s/org_announc____chrts/18.
300	0	data/samples/email/src/maildir/beck-s/org_announc____chrts/19.
300	0	data/samples/email/src/maildir/beck-s/sent/696.
300	0	data/samples/email/src/maildir/beck-s/sent_items/89.
300	0	data/samples/email/src/maildir/blair-l/sent_items/659.
300	0	data/samples/email/src/maildir/buy-r/inbox/416.
300	0	data/samples/email/src/maildir/buy-r/inbox/852.
300	0	data/samples/email/src/maildir/buy-r/inbox/874.
300	0	data/samples/email/src/maildir/buy-r/inbox/879.
300	0	data/samples/email/src/maildir/buy-r/sent_items/199.
300	0	data/samples/email/src/maildir/buy-r/sent_items/200.
300	0	data/samples/email/src/maildir/buy-r/sent_items/247.
300	0	data/samples/email/src/maildir/campbell-l/all_documents/1439.
300	0	data/samples/email/src/maildir/campbell-l/all_documents/1478.
300	0	data/samples/email/src/maildir/campbell-l/all_documents/1620.
300	0	data/samples/email/src/maildir/campbell-l/all_documents/329.
300	0	data/samples/email/src/maildir/campbell-l/all_documents/504.
300	0	data/samples/email/src/maildir/campbell-l/all_documents/65.
300	0	data/samples/email/src/maildir/campbell-l/all_documents/978.
300	0	data/samples/email/src/maildir/campbell-l/discussion_threads/1270.
300	0	data/samples/email/src/maildir/campbell-l/discussion_threads/1309.
300	0	data/samples/email/src/maildir/campbell-l/discussion_threads/1451.
300	0	data/samples/email/src/maildir/campbell-l/discussion_threads/268.
300	0	data/samples/email/src/maildir/campbell-l/discussion_threads/422.
300	0	data/samples/email/src/maildir/campbell-l/discussion_threads/56.
300	0	data/samples/email/src/maildir/campbell-l/discussion_threads/853.
300	0	data/samples/email/src/maildir/campbell-l/eott_midland/33.
300	0	data/samples/email/src/maildir/campbell-l/inbox/1061.
300	0	data/samples/email/src/maildir/campbell-l/inbox/13.
300	0	data/samples/email/src/maildir/campbell-l/inbox/681.
300	0	data/samples/email/src/maildir/campbell-l/inbox/690.
300	0	data/samples/email/src/maildir/campbell-l/notes_inbox/320.
300	0	data/samples/email/src/maildir/campbell-l/notes_inbox/724.
300	0	data/samples/email/src/maildir/campbell-l/notes_inbox/785.
300	0	data/samples/email/src/maildir/campbell-l/sent/21.
300	0	data/samples/email/src/maildir/carson-m/deleted_items/24.
300	0	data/samples/email/src/maildir/carson-m/deleted_items/334.
300	0	data/samples/email/src/maildir/carson-m/inbox/98.
300	0	data/samples/email/src/maildir/cash-m/all_documents/294.
300	0	data/samples/email/src/maildir/cash-m/all_documents/505.
300	0	data/samples/email/src/maildir/cash-m/deleted_items/195.
300	0	data/samples/email/src/maildir/cash-m/general_research/13.
300	0	data/samples/email/src/maildir/cash-m/general_research/9.
300	0	data/samples/email/src/maildir/cash-m/inbox/119.
300	0	data/samples/email/src/maildir/cash-m/inbox/dlr/21.
300	0	data/samples/email/src/maildir/cash-m/inbox/dlr/36.
300	0	data/samples/email/src/maildir/cash-m/sent/211.
300	0	data/samples/email/src/maildir/cash-m/sent/418.
300	0	data/samples/email/src/maildir/corman-s/deleted_items/306.
300	0	data/samples/email/src/maildir/corman-s/deleted_items/427.
300	0	data/samples/email/src/maildir/corman-s/inbox/archives/167.
300	0	data/samples/email/src/maildir/corman-s/sent_items/218.
300	0	data/samples/email/src/maildir/corman-s/sent_items/278.
300	0	data/samples/email/src/maildir/cuilla-m/deleted_items/159.
300	0	data/samples/email/src/maildir/cuilla-m/deleted_items/272.
300	0	data/samples/email/src/maildir/cuilla-m/deleted_items/275.
300	0	data/samples/email/src/maildir/cuilla-m/inbox/29.
300	0	data/samples/email/src/maildir/cuilla-m/sent_items/76.
300	0	data/samples/email/src/maildir/dasovich-j/all_documents/10085.
300	0	data/samples/email/src/maildir/dasovich-j/all_documents/10088.
300	0	data/samples/email/src/maildir/dasovich-j/all_documents/10090.
300	0	data/samples/email/src/maildir/dasovich-j/all_documents/10105.
300	0	data/samples/email/src/maildir/dasovich-j/all_documents/10416.
300	0	data/samples/email/src/maildir/dasovich-j/all_documents/10418.
300	0	data/samples/email/src/maildir/dasovich-j/all_documents/10629.
300	0	data/samples/email/src/maildir/dasovich-j/all_documents/12183.
300	0	data/samples/email/src/maildir/dasovich-j/all_documents/12940.
300	0	data/samples/email/src/maildir/dasovich-j/all_documents/13122.
300	0	data/samples/email/src/maildir/dasovich-j/all_documents/13389.
300	0	data/samples/email/src/maildir/dasovich-j/all_documents/13419.
300	0	data/samples/email/src/maildir/dasovich-j/all_documents/13490.
300	0	data/samples/email/src/maildir/dasovich-j/all_documents/177.
300	0	data/samples/email/src/maildir/dasovich-j/all_documents/27816.
300	0	data/samples/email/src/maildir/dasovich-j/all_documents/29335.
300	0	data/samples/email/src/maildir/dasovich-j/all_documents/4168.
300	0	data/samples/email/src/maildir/dasovich-j/all_documents/4169.
300	0	data/samples/email/src/maildir/dasovich-j/all_documents/4343.
300	0	data/samples/email/src/maildir/dasovich-j/all_documents/8473.
300	0	data/samples/email/src/maildir/dasovich-j/all_documents/9688.
300	0	data/samples/email/src/maildir/dasovich-j/deleted_items/1577.
300	0	data/samples/email/src/maildir/dasovich-j/deleted_items/1713.
300	0	data/samples/email/src/maildir/dasovich-j/deleted_items/1726.
300	0	data/samples/email/src/maildir/dasovich-j/deleted_items/1727.
300	0	data/samples/email/src/maildir/dasovich-j/deleted_items/786.
300	0	data/samples/email/src/maildir/dasovich-j/deleted_items/841.
300	0	data/samples/email/src/maildir/dasovich-j/inbox/1538.
300	0	data/samples/email/src/maildir/dasovich-j/inbox/1552.
300	0	data/samples/email/src/maildir/dasovich-j/inbox/163.
300	0	data/samples/email/src/maildir/dasovich-j/inbox/164.
300	0	data/samples/email/src/maildir/dasovich-j/inbox/181.
300	0	data/samples/email/src/maildir/dasovich-j/inbox/366.
300	0	data/samples/email/src/maildir/dasovich-j/inbox/428.
300	0	data/samples/email/src/maildir/dasovich-j/inbox/667.
300	0	data/samples/email/src/maildir/dasovich-j/inbox/668.
300	0	data/samples/email/src/maildir/dasovich-j/inbox/700.
300	0	data/samples/email/src/maildir/dasovich-j/inbox/859.
300	0	data/samples/email/src/maildir/dasovich-j/mba__advanced_finance/10.
300	0	data/samples/email/src/maildir/dasovich-j/mba__macroeconomics/33.
300	0	data/samples/email/src/maildir/dasovich-j/notes_inbox/11536.
300	0	data/samples/email/src/maildir/dasovich-j/notes_inbox/12563.
300	0	data/samples/email/src/maildir/dasovich-j/notes_inbox/2156.
300	0	data/samples/email/src/maildir/dasovich-j/notes_inbox/2157.
300	0	data/samples/email/src/maildir/dasovich-j/notes_inbox/2291.
300	0	data/samples/email/src/maildir/dasovich-j/notes_inbox/2589.
300	0	data/samples/email/src/maildir/dasovich-j/notes_inbox/2660.
300	0	data/samples/email/src/maildir/dasovich-j/notes_inbox/2674.
300	0	data/samples/email/src/maildir/dasovich-j/notes_inbox/2872.
300	0	data/samples/email/src/maildir/dasovich-j/notes_inbox/3034.
300	0	data/samples/email/src/maildir/dasovich-j/notes_inbox/3536.
300	0	data/samples/email/src/maildir/dasovich-j/notes_inbox/4572.
300	0	data/samples/email/src/maildir/dasovich-j/notes_inbox/4716.
300	0	data/samples/email/src/maildir/dasovich-j/notes_inbox/4875.
300	0	data/samples/email/src/maildir/dasovich-j/notes_inbox/4888.
300	0	data/samples/email/src/maildir/dasovich-j/notes_inbox/4891.
300	0	data/samples/email/src/maildir/dasovich-j/notes_inbox/5711.
300	0	data/samples/email/src/maildir/dasovich-j/sent/3513.
300	0	data/samples/email/src/maildir/dasovich-j/sent/3882.
300	0	data/samples/email/src/maildir/dasovich-j/sent_items/139.
300	0	data/samples/email/src/maildir/dasovich-j/sent_items/149.
300	0	data/samples/email/src/maildir/dasovich-j/sent_items/1901.
300	0	data/samples/email/src/maildir/dasovich-j/sent_items/681.
300	0	data/samples/email/src/maildir/dasovich-j/sent_items/682.
300	0	data/samples/email/src/maildir/dasovich-j/sent_items/690.
300	0	data/samples/email/src/maildir/dasovich-j/sent_items/92.
300	0	data/samples/email/src/maildir/dean-c/deleted_items/301.
300	0	data/samples/email/src/maildir/dean-c/deleted_items/416.
300	0	data/samples/email/src/maildir/delainey-d/_sent_mail/119.
300	0	data/samples/email/src/maildir/delainey-d/_sent_mail/642.
300	0	data/samples/email/src/maildir/delainey-d/_sent_mail/679.
300	0	data/samples/email/src/maildir/delainey-d/_sent_mail/784.
300	0	data/samples/email/src/maildir/delainey-d/_sent_mail/86.
300	0	data/samples/email/src/maildir/delainey-d/all_documents/114.
300	0	data/samples/email/src/maildir/delainey-d/all_documents/147.
300	0	data/samples/email/src/maildir/delainey-d/all_documents/678.
300	0	data/samples/email/src/maildir/delainey-d/all_documents/715.
300	0	data/samples/email/src/maildir/delainey-d/all_documents/820.
300	0	data/samples/email/src/maildir/delainey-d/discussion_threads/1261.
300	0	data/samples/email/src/maildir/delainey-d/discussion_threads/35.
300	0	data/samples/email/src/maildir/delainey-d/discussion_threads/4.
300	0	data/samples/email/src/maildir/delainey-d/discussion_threads/500.
300	0	data/samples/email/src/maildir/delainey-d/discussion_threads/532.
300	0	data/samples/email/src/maildir/delainey-d/sent/119.
300	0	data/samples/email/src/maildir/delainey-d/sent/647.
300	0	data/samples/email/src/maildir/delainey-d/sent/684.
300	0	data/samples/email/src/maildir/delainey-d/sent/789.
300	0	data/samples/email/src/maildir/delainey-d/sent/86.
300	0	data/samples/email/src/maildir/derrick-j/inbox/199.
300	0	data/samples/email/src/maildir/derrick-j/sent_items/94.
300	0	data/samples/email/src/maildir/donoho-l/inbox/79.
300	0	data/samples/email/src/maildir/donoho-l/inbox/junk_file/165.
300	0	data/samples/email/src/maildir/donohoe-t/inbox/12.
300	0	data/samples/email/src/maildir/donohoe-t/inbox/27.
300	0	data/samples/email/src/maildir/dorland-c/_sent_mail/83.
300	0	data/samples/email/src/maildir/dorland-c/all_documents/65.
300	0	data/samples/email/src/maildir/dorland-c/deleted_items/13.
300	0	data/samples/email/src/maildir/dorland-c/deleted_items/177.
300	0	data/samples/email/src/maildir/dorland-c/deleted_items/18.
300	0	data/samples/email/src/maildir/dorland-c/deleted_items/68.
300	0	data/samples/email/src/maildir/dorland-c/sent/48.
300	0	data/samples/email/src/maildir/dorland-c/sent_items/296.
300	0	data/samples/email/src/maildir/ermis-f/all_documents/308.
300	0	data/samples/email/src/maildir/ermis-f/all_documents/326.
300	0	data/samples/email/src/maildir/ermis-f/discussion_threads/192.
300	0	data/samples/email/src/maildir/ermis-f/discussion_threads/210.
300	0	data/samples/email/src/maildir/ermis-f/inbox/518.
300	0	data/samples/email/src/maildir/farmer-d/all_documents/3618.
300	0	data/samples/email/src/maildir/farmer-d/cleburne_plant____cornhusker_/39.
300	0	data/samples/email/src/maildir/farmer-d/cleburne_plant____cornhusker_/41.
300	0	data/samples/email/src/maildir/farmer-d/discussion_threads/4499.
300	0	data/samples/email/src/maildir/farmer-d/enron_news/31.
300	0	data/samples/email/src/maildir/farmer-d/personal/353.
300	0	data/samples/email/src/maildir/forney-j/sent_items/252.
300	0	data/samples/email/src/maildir/fossum-d/_sent_mail/575.
300	0	data/samples/email/src/maildir/fossum-d/_sent_mail/627.
300	0	data/samples/email/src/maildir/fossum-d/_sent_mail/66.
300	0	data/samples/email/src/maildir/fossum-d/all_documents/25.
300	0	data/samples/email/src/maildir/fossum-d/all_documents/689.
300	0	data/samples/email/src/maildir/fossum-d/all_documents/78.
300	0	data/samples/email/src/maildir/fossum-d/discussion_threads/17.
300	0	data/samples/email/src/maildir/fossum-d/discussion_threads/444.
300	0	data/samples/email/src/maildir/fossum-d/discussion_threads/48.
300	0	data/samples/email/src/maildir/fossum-d/sent/25.
300	0	data/samples/email/src/maildir/fossum-d/sent/585.
300	0	data/samples/email/src/maildir/fossum-d/sent/77.
300	0	data/samples/email/src/maildir/gay-r/all_documents/129.
300	0	data/samples/email/src/maildir/gay-r/all_documents/161.
300	0	data/samples/email/src/maildir/gay-r/all_documents/162.
300	0	data/samples/email/src/maildir/gay-r/all_documents/167.
300	0	data/samples/email/src/maildir/gay-r/deleted_items/34.
300	0	data/samples/email/src/maildir/gay-r/discussion_threads/55.
300	0	data/samples/email/src/maildir/gay-r/sent/128.
300	0	data/samples/email/src/maildir/gay-r/sent/160.
300	0	data/samples/email/src/maildir/gay-r/sent/161.
300	0	data/samples/email/src/maildir/gay-r/sent/166.
300	0	data/samples/email/src/maildir/geaccone-t/inbox/48.
300	0	data/samples/email/src/maildir/geaccone-t/tracy/2.
300	0	data/samples/email/src/maildir/germany-c/_sent_mail/1440.
300	0	data/samples/email/src/maildir/germany-c/_sent_mail/1561.
300	0	data/samples/email/src/maildir/germany-c/_sent_mail/478.
300	0	data/samples/email/src/maildir/germany-c/all_documents/1881.
300	0	data/samples/email/src/maildir/germany-c/all_documents/2073.
300	0	data/samples/email/src/maildir/germany-c/all_documents/2240.
300	0	data/samples/email/src/maildir/germany-c/all_documents/442.
300	0	data/samples/email/src/maildir/germany-c/all_documents/83.
300	0	data/samples/email/src/maildir/germany-c/bankrupt/transport/36.
300	0	data/samples/email/src/maildir/germany-c/bankrupt/transport/trailblazer/2.
300	0	data/samples/email/src/maildir/germany-c/discussion_threads/1911.
300	0	data/samples/email/src/maildir/germany-c/discussion_threads/511.
300	0	data/samples/email/src/maildir/germany-c/discussion_threads/63.
300	0	data/samples/email/src/maildir/germany-c/discussion_threads/637.
300	0	data/samples/email/src/maildir/germany-c/discussion_threads/794.
300	0	data/samples/email/src/maildir/germany-c/memos/32.
300	0	data/samples/email/src/maildir/germany-c/memos/36.
300	0	data/samples/email/src/maildir/germany-c/sent/1201.
300	0	data/samples/email/src/maildir/germany-c/sent/1322.
300	0	data/samples/email/src/maildir/germany-c/sent/186.
300	0	data/samples/email/src/maildir/germany-c/transport/161.
300	0	data/samples/email/src/maildir/gilbertsmith-d/deleted_items/63.
300	0	data/samples/email/src/maildir/gilbertsmith-d/deleted_items/64.
300	0	data/samples/email/src/maildir/gilbertsmith-d/deleted_items/65.
300	0	data/samples/email/src/maildir/gilbertsmith-d/deleted_items/66.
300	0	data/samples/email/src/maildir/gilbertsmith-d/deleted_items/68.
300	0	data/samples/email/src/maildir/giron-d/_sent_mail/620.
300	0	data/samples/email/src/maildir/giron-d/_sent_mail/637.
300	0	data/samples/email/src/maildir/giron-d/all_documents/689.
300	0	data/samples/email/src/maildir/giron-d/all_documents/706.
300	0	data/samples/email/src/maildir/giron-d/discussion_threads/117.
300	0	data/samples/email/src/maildir/giron-d/discussion_threads/127.
300	0	data/samples/email/src/maildir/giron-d/inbox/86.
300	0	data/samples/email/src/maildir/giron-d/sent/620.
300	0	data/samples/email/src/maildir/giron-d/sent/637.
300	0	data/samples/email/src/maildir/giron-d/sent_items/41.
300	0	data/samples/email/src/maildir/griffith-j/all_documents/174.
300	0	data/samples/email/src/maildir/griffith-j/discussion_threads/162.
300	0	data/samples/email/src/maildir/griffith-j/ebay/2.
300	0	data/samples/email/src/maildir/griffith-j/inbox/54.
300	0	data/samples/email/src/maildir/grigsby-m/_sent_mail/66.
300	0	data/samples/email/src/maildir/grigsby-m/all_documents/237.
300	0	data/samples/email/src/maildir/grigsby-m/deleted_items/150.
300	0	data/samples/email/src/maildir/grigsby-m/deleted_items/202.
300	0	data/samples/email/src/maildir/grigsby-m/deleted_items/234.
300	0	data/samples/email/src/maildir/grigsby-m/deleted_items/54.
300	0	data/samples/email/src/maildir/grigsby-m/discussion_threads/128.
300	0	data/samples/email/src/maildir/grigsby-m/sent/66.
300	0	data/samples/email/src/maildir/guzman-m/all_documents/1738.
300	0	data/samples/email/src/maildir/guzman-m/all_documents/348.
300	0	data/samples/email/src/maildir/guzman-m/discussion_threads/1586.
300	0	data/samples/email/src/maildir/guzman-m/discussion_threads/234.
300	0	data/samples/email/src/maildir/guzman-m/notes_inbox/1560.
300	0	data/samples/email/src/maildir/guzman-m/notes_inbox/330.
300	0	data/samples/email/src/maildir/haedicke-m/all_documents/1930.
300	0	data/samples/email/src/maildir/haedicke-m/all_documents/4618.
300	0	data/samples/email/src/maildir/haedicke-m/all_documents/4968.
300	0	data/samples/email/src/maildir/haedicke-m/all_documents/5330.
300	0	data/samples/email/src/maildir/haedicke-m/cuiaba/1.
300	0	data/samples/email/src/maildir/haedicke-m/inbox/497.
300	0	data/samples/email/src/maildir/haedicke-m/inbox/527.
300	0	data/samples/email/src/maildir/haedicke-m/notes_inbox/1205.
300	0	data/samples/email/src/maildir/haedicke-m/notes_inbox/1436.
300	0	data/samples/email/src/maildir/haedicke-m/notes_inbox/193.
300	0	data/samples/email/src/maildir/haedicke-m/notes_inbox/910.
300	0	data/samples/email/src/maildir/hain-m/all_documents/1.
300	0	data/samples/email/src/maildir/hain-m/all_documents/1341.
300	0	data/samples/email/src/maildir/hain-m/all_documents/217.
300	0	data/samples/email/src/maildir/hain-m/discussion_threads/1023.
300	0	data/samples/email/src/maildir/hain-m/discussion_threads/1239.
300	0	data/samples/email/src/maildir/hain-m/discussion_threads/15.
300	0	data/samples/email/src/maildir/hain-m/notes_inbox/1.
300	0	data/samples/email/src/maildir/hain-m/notes_inbox/217.
300	0	data/samples/email/src/maildir/hayslett-r/inbox/218.
300	0	data/samples/email/src/maildir/hayslett-r/projects/hold/24.
300	0	data/samples/email/src/maildir/hendrickson-s/all_documents/110.
300	0	data/samples/email/src/maildir/hendrickson-s/deleted_items/98.
300	0	data/samples/email/src/maildir/hendrickson-s/discussion_threads/8.
300	0	data/samples/email/src/maildir/hendrickson-s/inbox/78.
300	0	data/samples/email/src/maildir/hernandez-j/all_documents/250.
300	0	data/samples/email/src/maildir/hernandez-j/all_documents/324.
300	0	data/samples/email/src/maildir/hernandez-j/all_documents/399.
300	0	data/samples/email/src/maildir/hernandez-j/all_documents/405.
300	0	data/samples/email/src/maildir/hernandez-j/all_documents/419.
300	0	data/samples/email/src/maildir/hernandez-j/discussion_threads/371.
300	0	data/samples/email/src/maildir/hernandez-j/discussion_threads/385.
300	0	data/samples/email/src/maildir/hernandez-j/discussion_threads/391.
300	0	data/samples/email/src/maildir/hernandez-j/discussion_threads/466.
300	0	data/samples/email/src/maildir/hernandez-j/discussion_threads/538.
300	0	data/samples/email/src/maildir/hernandez-j/notes_inbox/159.
300	0	data/samples/email/src/maildir/hernandez-j/notes_inbox/229.
300	0	data/samples/email/src/maildir/hernandez-j/notes_inbox/299.
300	0	data/samples/email/src/maildir/hernandez-j/notes_inbox/305.
300	0	data/samples/email/src/maildir/hernandez-j/notes_inbox/319.
300	0	data/samples/email/src/maildir/hodge-j/inbox/103.
300	0	data/samples/email/src/maildir/hodge-j/inbox/3.
300	0	data/samples/email/src/maildir/hodge-j/inbox/449.
300	0	data/samples/email/src/maildir/hodge-j/inbox/99.
300	0	data/samples/email/src/maildir/holst-k/sent_items/42.
300	0	data/samples/email/src/maildir/horton-s/all_documents/263.
300	0	data/samples/email/src/maildir/horton-s/all_documents/287.
300	0	data/samples/email/src/maildir/horton-s/discussion_threads/245.
300	0	data/samples/email/src/maildir/horton-s/discussion_threads/269.
300	0	data/samples/email/src/maildir/hyatt-k/personal/14.
300	0	data/samples/email/src/maildir/hyatt-k/sent_items/75.
300	0	data/samples/email/src/maildir/hyvl-d/all_documents/1203.
300	0	data/samples/email/src/maildir/hyvl-d/all_documents/1417.
300	0	data/samples/email/src/maildir/hyvl-d/all_documents/1420.
300	0	data/samples/email/src/maildir/hyvl-d/miscellaneous/43.
300	0	data/samples/email/src/maildir/hyvl-d/miscellaneous/6.
300	0	data/samples/email/src/maildir/hyvl-d/sent/508.
300	0	data/samples/email/src/maildir/jones-t/all_documents/1033.
300	0	data/samples/email/src/maildir/jones-t/all_documents/11063.
300	0	data/samples/email/src/maildir/jones-t/all_documents/11132.
300	0	data/samples/email/src/maildir/jones-t/all_documents/1488.
300	0	data/samples/email/src/maildir/jones-t/all_documents/1784.
300	0	data/samples/email/src/maildir/jones-t/all_documents/1795.
300	0	data/samples/email/src/maildir/jones-t/all_documents/1805.
300	0	data/samples/email/src/maildir/jones-t/all_documents/1806.
300	0	data/samples/email/src/maildir/jones-t/all_documents/1931.
300	0	data/samples/email/src/maildir/jones-t/all_documents/2286.
300	0	data/samples/email/src/maildir/jones-t/all_documents/3245.
300	0	data/samples/email/src/maildir/jones-t/all_documents/329.
300	0	data/samples/email/src/maildir/jones-t/all_documents/4593.
300	0	data/samples/email/src/maildir/jones-t/all_documents/5596.
300	0	data/samples/email/src/maildir/jones-t/all_documents/5601.
300	0	data/samples/email/src/maildir/jones-t/all_documents/5628.
300	0	data/samples/email/src/maildir/jones-t/notes_inbox/1310.
300	0	data/samples/email/src/maildir/jones-t/notes_inbox/264.
300	0	data/samples/email/src/maildir/jones-t/notes_inbox/2746.
300	0	data/samples/email/src/maildir/jones-t/notes_inbox/2762.
300	0	data/samples/email/src/maildir/jones-t/notes_inbox/4178.
300	0	data/samples/email/src/maildir/jones-t/notes_inbox/4230.
300	0	data/samples/email/src/maildir/jones-t/notes_inbox/439.
300	0	data/samples/email/src/maildir/jones-t/notes_inbox/453.
300	0	data/samples/email/src/maildir/jones-t/notes_inbox/534.
300	0	data/samples/email/src/maildir/jones-t/sent/1173.
300	0	data/samples/email/src/maildir/jones-t/sent/1177.
300	0	data/samples/email/src/maildir/jones-t/sent/1349.
300	0	data/samples/email/src/maildir/jones-t/sent/2157.
300	0	data/samples/email/src/maildir/jones-t/sent/2529.
300	0	data/samples/email/src/maildir/jones-t/sent/327.
300	0	data/samples/email/src/maildir/jones-t/sent/895.
300	0	data/samples/email/src/maildir/jones-t/sent_items/330.
300	0	data/samples/email/src/maildir/kaminski-v/_sent_mail/1015.
300	0	data/samples/email/src/maildir/kaminski-v/_sent_mail/1657.
300	0	data/samples/email/src/maildir/kaminski-v/_sent_mail/2491.
300	0	data/samples/email/src/maildir/kaminski-v/_sent_mail/4100.
300	0	data/samples/email/src/maildir/kaminski-v/_sent_mail/4123.
300	0	data/samples/email/src/maildir/kaminski-v/_sent_mail/4466.
300	0	data/samples/email/src/maildir/kaminski-v/_sent_mail/638.
300	0	data/samples/email/src/maildir/kaminski-v/_sent_mail/687.
300	0	data/samples/email/src/maildir/kaminski-v/all_documents/10108.
300	0	data/samples/email/src/maildir/kaminski-v/all_documents/10211.
300	0	data/samples/email/src/maildir/kaminski-v/all_documents/10231.
300	0	data/samples/email/src/maildir/kaminski-v/all_documents/10380.
300	0	data/samples/email/src/maildir/kaminski-v/all_documents/10976.
300	0	data/samples/email/src/maildir/kaminski-v/all_documents/1416.
300	0	data/samples/email/src/maildir/kaminski-v/all_documents/1500.
300	0	data/samples/email/src/maildir/kaminski-v/all_documents/2168.
300	0	data/samples/email/src/maildir/kaminski-v/all_documents/329.
300	0	data/samples/email/src/maildir/kaminski-v/all_documents/3542.
300	0	data/samples/email/src/maildir/kaminski-v/all_documents/3557.
300	0	data/samples/email/src/maildir/kaminski-v/all_documents/415.
300	0	data/samples/email/src/maildir/kaminski-v/all_documents/438.
300	0	data/samples/email/src/maildir/kaminski-v/all_documents/4692.
300	0	data/samples/email/src/maildir/kaminski-v/all_documents/483.
300	0	data/samples/email/src/maildir/kaminski-v/all_documents/5008.
300	0	data/samples/email/src/maildir/kaminski-v/all_documents/5046.
300	0	data/samples/email/src/maildir/kaminski-v/all_documents/5506.
300	0	data/samples/email/src/maildir/kaminski-v/all_documents/9409.
300	0	data/samples/email/src/maildir/kaminski-v/all_documents/9515.
300	0	data/samples/email/src/maildir/kaminski-v/all_documents/9559.
300	0	data/samples/email/src/maildir/kaminski-v/all_documents/9835.
300	0	data/samples/email/src/maildir/kaminski-v/c/mangmt/ene_ect/190.
300	0	data/samples/email/src/maildir/kaminski-v/c/mangmt/ene_ect/37.
300	0	data/samples/email/src/maildir/kaminski-v/c/mangmt/ene_ect/5.
300	0	data/samples/email/src/maildir/kaminski-v/c/mangmt/group/management/12.
300	0	data/samples/email/src/maildir/kaminski-v/c/mangmt/group/management/67.
300	0	data/samples/email/src/maildir/kaminski-v/c/technote/mail/projects/118.
300	0	data/samples/email/src/maildir/kaminski-v/c/technote/mail/techmemos/146.
300	0	data/samples/email/src/maildir/kaminski-v/conferences/258.
300	0	data/samples/email/src/maildir/kaminski-v/credit/15.
300	0	data/samples/email/src/maildir/kaminski-v/deleted_items/135.
300	0	data/samples/email/src/maildir/kaminski-v/deleted_items/1404.
300	0	data/samples/email/src/maildir/kaminski-v/deleted_items/2121.
300	0	data/samples/email/src/maildir/kaminski-v/deleted_items/2323.
300	0	data/samples/email/src/maildir/kaminski-v/deleted_items/42.
300	0	data/samples/email/src/maildir/kaminski-v/deleted_items/940.
300	0	data/samples/email/src/maildir/kaminski-v/deleted_items/945.
300	0	data/samples/email/src/maildir/kaminski-v/discussion_threads/153.
300	0	data/samples/email/src/maildir/kaminski-v/discussion_threads/1577.
300	0	data/samples/email/src/maildir/kaminski-v/discussion_threads/1578.
300	0	data/samples/email/src/maildir/kaminski-v/discussion_threads/3068.
300	0	data/samples/email/src/maildir/kaminski-v/discussion_threads/3133.
300	0	data/samples/email/src/maildir/kaminski-v/discussion_threads/3897.
300	0	data/samples/email/src/maildir/kaminski-v/discussion_threads/3934.
300	0	data/samples/email/src/maildir/kaminski-v/discussion_threads/3948.
300	0	data/samples/email/src/maildir/kaminski-v/discussion_threads/4006.
300	0	data/samples/email/src/maildir/kaminski-v/discussion_threads/4400.
300	0	data/samples/email/src/maildir/kaminski-v/discussion_threads/452.
300	0	data/samples/email/src/maildir/kaminski-v/discussion_threads/483.
300	0	data/samples/email/src/maildir/kaminski-v/discussion_threads/4988.
300	0	data/samples/email/src/maildir/kaminski-v/discussion_threads/5058.
300	0	data/samples/email/src/maildir/kaminski-v/discussion_threads/5418.
300	0	data/samples/email/src/maildir/kaminski-v/discussion_threads/5452.
300	0	data/samples/email/src/maildir/kaminski-v/discussion_threads/5528.
300	0	data/samples/email/src/maildir/kaminski-v/discussion_threads/719.
300	0	data/samples/email/src/maildir/kaminski-v/eci/eci/62.
300	0	data/samples/email/src/maildir/kaminski-v/esai/33.
300	0	data/samples/email/src/maildir/kaminski-v/esai/5.
300	0	data/samples/email/src/maildir/kaminski-v/gpg/20.
300	0	data/samples/email/src/maildir/kaminski-v/inbox/177.
300	0	data/samples/email/src/maildir/kaminski-v/inbox/180.
300	0	data/samples/email/src/maildir/kaminski-v/inbox/231.
300	0	data/samples/email/src/maildir/kaminski-v/london/265.
300	0	data/samples/email/src/maildir/kaminski-v/resumes/143.
300	0	data/samples/email/src/maildir/kaminski-v/resumes/34.
300	0	data/samples/email/src/maildir/kaminski-v/resumes/803.
300	0	data/samples/email/src/maildir/kaminski-v/sent/1014.
300	0	data/samples/email/src/maildir/kaminski-v/sent/1656.
300	0	data/samples/email/src/maildir/kaminski-v/sent/2490.
300	0	data/samples/email/src/maildir/kaminski-v/sent/4099.
300	0	data/samples/email/src/maildir/kaminski-v/sent/4122.
300	0	data/samples/email/src/maildir/kaminski-v/sent/4465.
300	0	data/samples/email/src/maildir/kaminski-v/sent/638.
300	0	data/samples/email/src/maildir/kaminski-v/sent/687.
300	0	data/samples/email/src/maildir/kaminski-v/sent_items/2563.
300	0	data/samples/email/src/maildir/kaminski-v/sent_items/2653.
300	0	data/samples/email/src/maildir/kaminski-v/sent_items/798.
300	0	data/samples/email/src/maildir/kaminski-v/universities/228.
300	0	data/samples/email/src/maildir/kaminski-v/universities/230.
300	0	data/samples/email/src/maildir/kean-s/all_documents/1931.
300	0	data/samples/email/src/maildir/kean-s/all_documents/4666.
300	0	data/samples/email/src/maildir/kean-s/all_documents/4675.
300	0	data/samples/email/src/maildir/kean-s/all_documents/5379.
300	0	data/samples/email/src/maildir/kean-s/all_documents/5427.
300	0	data/samples/email/src/maildir/kean-s/all_documents/787.
300	0	data/samples/email/src/maildir/kean-s/all_documents/8880.
300	0	data/samples/email/src/maildir/kean-s/all_documents/926.
300	0	data/samples/email/src/maildir/kean-s/archiving/untitled/1402.
300	0	data/samples/email/src/maildir/kean-s/archiving/untitled/1541.
300	0	data/samples/email/src/maildir/kean-s/archiving/untitled/396.
300	0	data/samples/email/src/maildir/kean-s/archiving/untitled/4665.
300	0	data/samples/email/src/maildir/kean-s/archiving/untitled/4674.
300	0	data/samples/email/src/maildir/kean-s/archiving/untitled/5365.
300	0	data/samples/email/src/maildir/kean-s/archiving/untitled/5378.
300	0	data/samples/email/src/maildir/kean-s/archiving/untitled/5426.
300	0	data/samples/email/src/maildir/kean-s/archiving/untitled/8880.
300	0	data/samples/email/src/maildir/kean-s/calendar/untitled/12894.
300	0	data/samples/email/src/maildir/kean-s/calendar/untitled/1932.
300	0	data/samples/email/src/maildir/kean-s/calendar/untitled/787.
300	0	data/samples/email/src/maildir/kean-s/calendar/untitled/7937.
300	0	data/samples/email/src/maildir/kean-s/calendar/untitled/7985.
300	0	data/samples/email/src/maildir/kean-s/calendar/untitled/7998.
300	0	data/samples/email/src/maildir/kean-s/calendar/untitled/8689.
300	0	data/samples/email/src/maildir/kean-s/calendar/untitled/8698.
300	0	data/samples/email/src/maildir/kean-s/calendar/untitled/926.
300	0	data/samples/email/src/maildir/kean-s/california/235.
300	0	data/samples/email/src/maildir/kean-s/california_pg_e_bankruptcy/36.
300	0	data/samples/email/src/maildir/kean-s/discussion_threads/1644.
300	0	data/samples/email/src/maildir/kean-s/discussion_threads/2865.
300	0	data/samples/email/src/maildir/kean-s/discussion_threads/2876.
300	0	data/samples/email/src/maildir/kean-s/discussion_threads/3465.
300	0	data/samples/email/src/maildir/kean-s/discussion_threads/3470.
300	0	data/samples/email/src/maildir/kean-s/discussion_threads/692.
300	0	data/samples/email/src/maildir/kean-s/discussion_threads/806.
300	0	data/samples/email/src/maildir/kean-s/ferc/38.
300	0	data/samples/email/src/maildir/kean-s/korea/1.
300	0	data/samples/email/src/maildir/kean-s/notes_inbox/414.
300	0	data/samples/email/src/maildir/kean-s/notes_inbox/416.
300	0	data/samples/email/src/maildir/kean-s/performance_management/9.
300	0	data/samples/email/src/maildir/kean-s/sent/1484.
300	0	data/samples/email/src/maildir/kean-s/tax_issues/2.
300	0	data/samples/email/src/maildir/kean-s/tax_issues/8.
300	0	data/samples/email/src/maildir/keavey-p/all_documents/425.
300	0	data/samples/email/src/maildir/keavey-p/all_documents/444.
300	0	data/samples/email/src/maildir/keavey-p/discussion_threads/202.
300	0	data/samples/email/src/maildir/keavey-p/discussion_threads/221.
300	0	data/samples/email/src/maildir/keavey-p/inbox/208.
300	0	data/samples/email/src/maildir/keavey-p/inbox/228.
300	0	data/samples/email/src/maildir/keavey-p/notes_inbox/292.
300	0	data/samples/email/src/maildir/keiser-k/deleted_items/160.
300	0	data/samples/email/src/maildir/king-j/deleted_items/360.
300	0	data/samples/email/src/maildir/kitchen-l/_americas/asset_marketing/14.
300	0	data/samples/email/src/maildir/kitchen-l/_americas/east_power/106.
300	0	data/samples/email/src/maildir/kitchen-l/_americas/east_power/233.
300	0	data/samples/email/src/maildir/kitchen-l/_americas/east_power/236.
300	0	data/samples/email/src/maildir/kitchen-l/_americas/esvl/442.
300	0	data/samples/email/src/maildir/kitchen-l/_americas/esvl/607.
300	0	data/samples/email/src/maildir/kitchen-l/_americas/finance/14.
300	0	data/samples/email/src/maildir/kitchen-l/_americas/hpl/1.
300	0	data/samples/email/src/maildir/kitchen-l/_americas/mrha/15.
300	0	data/samples/email/src/maildir/kitchen-l/_americas/press/35.
300	0	data/samples/email/src/maildir/kitchen-l/_americas/regulatory/63.
300	0	data/samples/email/src/maildir/kitchen-l/deleted_items/92.
300	0	data/samples/email/src/maildir/kitchen-l/sent_items/1555.
300	0	data/samples/email/src/maildir/kitchen-l/sent_items/629.
300	0	data/samples/email/src/maildir/kitchen-l/sent_items/630.
300	0	data/samples/email/src/maildir/kitchen-l/sent_items/635.
300	0	data/samples/email/src/maildir/kuykendall-t/deleted_items/159.
300	0	data/samples/email/src/maildir/lavorato-j/inbox/201.
300	0	data/samples/email/src/maildir/lavorato-j/inbox/317.
300	0	data/samples/email/src/maildir/lavorato-j/inbox/350.
300	0	data/samples/email/src/maildir/lay-k/all_documents/1018.
300	0	data/samples/email/src/maildir/lay-k/discussion_threads/875.
300	0	data/samples/email/src/maildir/lay-k/notes_inbox/779.
300	0	data/samples/email/src/maildir/lenhart-m/deleted_items/454.
300	0	data/samples/email/src/maildir/lewis-a/all_documents/132.
300	0	data/samples/email/src/maildir/lewis-a/deleted_items/1239.
300	0	data/samples/email/src/maildir/lewis-a/deleted_items/144.
300	0	data/samples/email/src/maildir/lewis-a/deleted_items/253.
300	0	data/samples/email/src/maildir/lewis-a/deleted_items/290.
300	0	data/samples/email/src/maildir/lewis-a/deleted_items/946.
300	0	data/samples/email/src/maildir/lewis-a/discussion_threads/38.
300	0	data/samples/email/src/maildir/lewis-a/inbox/46.
300	0	data/samples/email/src/maildir/lewis-a/notes_inbox/124.
300	0	data/samples/email/src/maildir/linder-e/all_documents/699.
300	0	data/samples/email/src/maildir/linder-e/discussion_threads/681.
300	0	data/samples/email/src/maildir/linder-e/notes_inbox/246.
300	0	data/samples/email/src/maildir/lokay-m/all_documents/1988.
300	0	data/samples/email/src/maildir/lokay-m/all_documents/325.
300	0	data/samples/email/src/maildir/lokay-m/all_documents/326.
300	0	data/samples/email/src/maildir/lokay-m/all_documents/359.
300	0	data/samples/email/src/maildir/lokay-m/all_documents/37.
300	0	data/samples/email/src/maildir/lokay-m/all_documents/445.
300	0	data/samples/email/src/maildir/lokay-m/corporate/82.
300	0	data/samples/email/src/maildir/lokay-m/corporate/83.
300	0	data/samples/email/src/maildir/lokay-m/discussion_threads/306.
300	0	data/samples/email/src/maildir/lokay-m/discussion_threads/307.
300	0	data/samples/email/src/maildir/lokay-m/discussion_threads/339.
300	0	data/samples/email/src/maildir/lokay-m/discussion_threads/34.
300	0	data/samples/email/src/maildir/lokay-m/discussion_threads/421.
300	0	data/samples/email/src/maildir/lokay-m/enron_t_s/20.
300	0	data/samples/email/src/maildir/lokay-m/hea_nesa/10.
300	0	data/samples/email/src/maildir/lokay-m/hea_nesa/39.
300	0	data/samples/email/src/maildir/lokay-m/hea_nesa/62.
300	0	data/samples/email/src/maildir/lokay-m/hea_nesa/84.
300	0	data/samples/email/src/maildir/lokay-m/personal/117.
300	0	data/samples/email/src/maildir/lokay-m/publications/11.
300	0	data/samples/email/src/maildir/lokay-m/systems/7.
300	0	data/samples/email/src/maildir/lokey-t/inbox/985.
300	0	data/samples/email/src/maildir/lokey-t/inbox/986.
300	0	data/samples/email/src/maildir/lokey-t/inbox/988.
300	0	data/samples/email/src/maildir/lokey-t/inbox/989.
300	0	data/samples/email/src/maildir/lucci-p/deleted_items/473.
300	0	data/samples/email/src/maildir/mann-k/_sent_mail/1119.
300	0	data/samples/email/src/maildir/mann-k/_sent_mail/2144.
300	0	data/samples/email/src/maildir/mann-k/_sent_mail/447.
300	0	data/samples/email/src/maildir/mann-k/_sent_mail/833.
300	0	data/samples/email/src/maildir/mann-k/all_documents/2988.
300	0	data/samples/email/src/maildir/mann-k/all_documents/3737.
300	0	data/samples/email/src/maildir/mann-k/all_documents/4113.
300	0	data/samples/email/src/maildir/mann-k/all_documents/4327.
300	0	data/samples/email/src/maildir/mann-k/all_documents/4699.
300	0	data/samples/email/src/maildir/mann-k/all_documents/4839.
300	0	data/samples/email/src/maildir/mann-k/all_documents/5371.
300	0	data/samples/email/src/maildir/mann-k/all_documents/5381.
300	0	data/samples/email/src/maildir/mann-k/all_documents/5390.
300	0	data/samples/email/src/maildir/mann-k/all_documents/5391.
300	0	data/samples/email/src/maildir/mann-k/all_documents/5394.
300	0	data/samples/email/src/maildir/mann-k/all_documents/5399.
300	0	data/samples/email/src/maildir/mann-k/all_documents/5400.
300	0	data/samples/email/src/maildir/mann-k/all_documents/5405.
300	0	data/samples/email/src/maildir/mann-k/all_documents/5628.
300	0	data/samples/email/src/maildir/mann-k/all_documents/5737.
300	0	data/samples/email/src/maildir/mann-k/all_documents/5747.
300	0	data/samples/email/src/maildir/mann-k/all_documents/5785.
300	0	data/samples/email/src/maildir/mann-k/all_documents/591.
300	0	data/samples/email/src/maildir/mann-k/all_documents/5928.
300	0	data/samples/email/src/maildir/mann-k/discussion_threads/2612.
300	0	data/samples/email/src/maildir/mann-k/discussion_threads/2870.
300	0	data/samples/email/src/maildir/mann-k/discussion_threads/3352.
300	0	data/samples/email/src/maildir/mann-k/discussion_threads/3789.
300	0	data/samples/email/src/maildir/mann-k/discussion_threads/3805.
300	0	data/samples/email/src/maildir/mann-k/discussion_threads/3806.
300	0	data/samples/email/src/maildir/mann-k/discussion_threads/3810.
300	0	data/samples/email/src/maildir/mann-k/discussion_threads/3815.
300	0	data/samples/email/src/maildir/mann-k/discussion_threads/3816.
300	0	data/samples/email/src/maildir/mann-k/discussion_threads/3821.
300	0	data/samples/email/src/maildir/mann-k/discussion_threads/4016.
300	0	data/samples/email/src/maildir/mann-k/discussion_threads/408.
300	0	data/samples/email/src/maildir/mann-k/discussion_threads/4096.
300	0	data/samples/email/src/maildir/mann-k/discussion_threads/4104.
300	0	data/samples/email/src/maildir/mann-k/discussion_threads/4270.
300	0	data/samples/email/src/maildir/mann-k/florida/2.
300	0	data/samples/email/src/maildir/mann-k/florida/41.
300	0	data/samples/email/src/maildir/mann-k/ge_general/86.
300	0	data/samples/email/src/maildir/mann-k/general_stuff/123.
300	0	data/samples/email/src/maildir/mann-k/general_stuff/8.
300	0	data/samples/email/src/maildir/mann-k/inbox/122.
300	0	data/samples/email/src/maildir/mann-k/notes_inbox/479.
300	0	data/samples/email/src/maildir/mann-k/notes_inbox/497.
300	0	data/samples/email/src/maildir/mann-k/notes_inbox/499.
300	0	data/samples/email/src/maildir/mann-k/notes_inbox/641.
300	0	data/samples/email/src/maildir/mann-k/notes_inbox/643.
300	0	data/samples/email/src/maildir/mann-k/notes_inbox/647.
300	0	data/samples/email/src/maildir/mann-k/notes_inbox/649.
300	0	data/samples/email/src/maildir/mann-k/notes_inbox/653.
300	0	data/samples/email/src/maildir/mann-k/sent/2236.
300	0	data/samples/email/src/maildir/mann-k/sent/3288.
300	0	data/samples/email/src/maildir/mann-k/sent/3576.
300	0	data/samples/email/src/maildir/mann-k/sent/3985.
300	0	data/samples/email/src/maildir/mann-k/westinghouse/44.
300	0	data/samples/email/src/maildir/martin-t/deleted_items/220.
300	0	data/samples/email/src/maildir/may-l/all_documents/36.
300	0	data/samples/email/src/maildir/may-l/all_documents/52.
300	0	data/samples/email/src/maildir/may-l/discussion_threads/24.
300	0	data/samples/email/src/maildir/may-l/discussion_threads/40.
300	0	data/samples/email/src/maildir/may-l/inbox/574.
300	0	data/samples/email/src/maildir/may-l/inbox/590.
300	0	data/samples/email/src/maildir/mccarty-d/sent_items/282.
300	0	data/samples/email/src/maildir/mccarty-d/sent_items/283.
300	0	data/samples/email/src/maildir/mcconnell-m/_sent_mail/620.
300	0	data/samples/email/src/maildir/mcconnell-m/_sent_mail/622.
300	0	data/samples/email/src/maildir/mcconnell-m/_sent_mail/625.
300	0	data/samples/email/src/maildir/mcconnell-m/_sent_mail/748.
300	0	data/samples/email/src/maildir/mcconnell-m/_sent_mail/749.
300	0	data/samples/email/src/maildir/mcconnell-m/_sent_mail/750.
300	0	data/samples/email/src/maildir/mcconnell-m/all_documents/1070.
300	0	data/samples/email/src/maildir/mcconnell-m/all_documents/1071.
300	0	data/samples/email/src/maildir/mcconnell-m/all_documents/1072.
300	0	data/samples/email/src/maildir/mcconnell-m/all_documents/71.
300	0	data/samples/email/src/maildir/mcconnell-m/all_documents/917.
300	0	data/samples/email/src/maildir/mcconnell-m/all_documents/919.
300	0	data/samples/email/src/maildir/mcconnell-m/all_documents/922.
300	0	data/samples/email/src/maildir/mcconnell-m/discussion_threads/120.
300	0	data/samples/email/src/maildir/mcconnell-m/discussion_threads/121.
300	0	data/samples/email/src/maildir/mcconnell-m/discussion_threads/123.
300	0	data/samples/email/src/maildir/mcconnell-m/discussion_threads/50.
300	0	data/samples/email/src/maildir/mcconnell-m/discussion_threads/51.
300	0	data/samples/email/src/maildir/mcconnell-m/discussion_threads/52.
300	0	data/samples/email/src/maildir/mcconnell-m/discussion_threads/632.
300	0	data/samples/email/src/maildir/mcconnell-m/notes_inbox/52.
300	0	data/samples/email/src/maildir/mcconnell-m/sent/620.
300	0	data/samples/email/src/maildir/mcconnell-m/sent/622.
300	0	data/samples/email/src/maildir/mcconnell-m/sent/625.
300	0	data/samples/email/src/maildir/mcconnell-m/sent/749.
300	0	data/samples/email/src/maildir/mcconnell-m/sent/750.
300	0	data/samples/email/src/maildir/mcconnell-m/sent/751.
300	0	data/samples/email/src/maildir/mckay-j/deleted_items/233.
300	0	data/samples/email/src/maildir/mclaughlin-e/_sent_mail/271.
300	0	data/samples/email/src/maildir/mclaughlin-e/all_documents/292.
300	0	data/samples/email/src/maildir/mclaughlin-e/all_documents/294.
300	0	data/samples/email/src/maildir/mclaughlin-e/all_documents/344.
300	0	data/samples/email/src/maildir/mclaughlin-e/all_documents/358.
300	0	data/samples/email/src/maildir/mclaughlin-e/deleted_items/354.
300	0	data/samples/email/src/maildir/mclaughlin-e/deleted_items/356.
300	0	data/samples/email/src/maildir/mclaughlin-e/discussion_threads/272.
300	0	data/samples/email/src/maildir/mclaughlin-e/discussion_threads/274.
300	0	data/samples/email/src/maildir/mclaughlin-e/discussion_threads/322.
300	0	data/samples/email/src/maildir/mclaughlin-e/discussion_threads/330.
300	0	data/samples/email/src/maildir/mclaughlin-e/private_folders/corp_info_announcements/174.
300	0	data/samples/email/src/maildir/mclaughlin-e/private_folders/corp_info_announcements/68.
300	0	data/samples/email/src/maildir/mclaughlin-e/private_folders/corp_info_announcements/69.
300	0	data/samples/email/src/maildir/mclaughlin-e/private_folders/corp_info_announcements/79.
300	0	data/samples/email/src/maildir/mclaughlin-e/private_folders/corp_info_announcements/80.
300	0	data/samples/email/src/maildir/mclaughlin-e/sent/20.
300	0	data/samples/email/src/maildir/merriss-s/all_documents/308.
300	0	data/samples/email/src/maildir/merriss-s/discussion_threads/291.
300	0	data/samples/email/src/maildir/merriss-s/notes_inbox/244.
300	0	data/samples/email/src/maildir/mims-thurston-p/deleted_items/122.
300	0	data/samples/email/src/maildir/mims-thurston-p/deleted_items/16.
300	0	data/samples/email/src/maildir/mims-thurston-p/deleted_items/176.
300	0	data/samples/email/src/maildir/mims-thurston-p/deleted_items/29.
300	0	data/samples/email/src/maildir/mims-thurston-p/deleted_items/46.
300	0	data/samples/email/src/maildir/mims-thurston-p/deleted_items/73.
300	0	data/samples/email/src/maildir/mims-thurston-p/deleted_items/82.
300	0	data/samples/email/src/maildir/mims-thurston-p/inbox/16.
300	0	data/samples/email/src/maildir/mims-thurston-p/sent_items/67.
300	0	data/samples/email/src/maildir/neal-s/all_documents/520.
300	0	data/samples/email/src/maildir/neal-s/deleted_items/495.
300	0	data/samples/email/src/maildir/neal-s/discussion_threads/69.
300	0	data/samples/email/src/maildir/neal-s/miscellaneous/9.
300	0	data/samples/email/src/maildir/nemec-g/all_documents/1215.
300	0	data/samples/email/src/maildir/nemec-g/all_documents/126.
300	0	data/samples/email/src/maildir/nemec-g/all_documents/1323.
300	0	data/samples/email/src/maildir/nemec-g/all_documents/5857.
300	0	data/samples/email/src/maildir/nemec-g/all_documents/5908.
300	0	data/samples/email/src/maildir/nemec-g/all_documents/6.
300	0	data/samples/email/src/maildir/nemec-g/inbox/1294.
300	0	data/samples/email/src/maildir/nemec-g/inbox/1731.
300	0	data/samples/email/src/maildir/nemec-g/inbox/208.
300	0	data/samples/email/src/maildir/nemec-g/notes_inbox/1528.
300	0	data/samples/email/src/maildir/nemec-g/notes_inbox/1567.
300	0	data/samples/email/src/maildir/nemec-g/notes_inbox/436.
300	0	data/samples/email/src/maildir/nemec-g/notes_inbox/522.
300	0	data/samples/email/src/maildir/nemec-g/sent/123.
300	0	data/samples/email/src/maildir/nemec-g/sent/6.
300	0	data/samples/email/src/maildir/nemec-g/sent_items/531.
300	0	data/samples/email/src/maildir/nemec-g/sent_items/665.
300	0	data/samples/email/src/maildir/parks-j/inbox/242.
300	0	data/samples/email/src/maildir/pereira-s/deleted_items/96.
300	0	data/samples/email/src/maildir/perlingiere-d/all_documents/1923.
300	0	data/samples/email/src/maildir/perlingiere-d/sent/1798.
300	0	data/samples/email/src/maildir/perlingiere-d/sent_items/512.
300	0	data/samples/email/src/maildir/perlingiere-d/sent_items/527.
300	0	data/samples/email/src/maildir/platter-p/deleted_items/60.
300	0	data/samples/email/src/maildir/presto-k/deleted_items/493.
300	0	data/samples/email/src/maildir/presto-k/sent_items/1002.
300	0	data/samples/email/src/maildir/presto-k/sent_items/983.
300	0	data/samples/email/src/maildir/presto-k/sent_items/984.
300	0	data/samples/email/src/maildir/presto-k/sent_items/987.
300	0	data/samples/email/src/maildir/quigley-d/deleted_items/326.
300	0	data/samples/email/src/maildir/quigley-d/deleted_items/69.
300	0	data/samples/email/src/maildir/rapp-b/deleted_items/116.
300	0	data/samples/email/src/maildir/rapp-b/inbox/129.
300	0	data/samples/email/src/maildir/rapp-b/inbox/135.
300	0	data/samples/email/src/maildir/reitmeyer-j/deleted_items/65.
300	0	data/samples/email/src/maildir/ring-a/_sent_mail/71.
300	0	data/samples/email/src/maildir/ring-a/all_documents/29.
300	0	data/samples/email/src/maildir/ring-a/discussion_threads/76.
300	0	data/samples/email/src/maildir/ring-a/sent/20.
300	0	data/samples/email/src/maildir/ring-r/deleted_items/227.
300	0	data/samples/email/src/maildir/rodrique-r/sent/354.
300	0	data/samples/email/src/maildir/rogers-b/_sent_mail/265.
300	0	data/samples/email/src/maildir/rogers-b/all_documents/1114.
300	0	data/samples/email/src/maildir/rogers-b/all_documents/1621.
300	0	data/samples/email/src/maildir/rogers-b/all_documents/356.
300	0	data/samples/email/src/maildir/rogers-b/all_documents/725.
300	0	data/samples/email/src/maildir/rogers-b/all_documents/827.
300	0	data/samples/email/src/maildir/rogers-b/ctg_deals/75.
300	0	data/samples/email/src/maildir/rogers-b/discussion_threads/1603.
300	0	data/samples/email/src/maildir/rogers-b/discussion_threads/432.
300	0	data/samples/email/src/maildir/rogers-b/discussion_threads/900.
300	0	data/samples/email/src/maildir/rogers-b/enron_news/105.
300	0	data/samples/email/src/maildir/rogers-b/enron_news/5.
300	0	data/samples/email/src/maildir/rogers-b/genco_jv_ipo/252.
300	0	data/samples/email/src/maildir/rogers-b/motley_fool_e_mails/10.
300	0	data/samples/email/src/maildir/rogers-b/motley_fool_e_mails/138.
300	0	data/samples/email/src/maildir/rogers-b/sent/266.
300	0	data/samples/email/src/maildir/ruscitti-k/_sent_mail/88.
300	0	data/samples/email/src/maildir/ruscitti-k/all_documents/120.
300	0	data/samples/email/src/maildir/ruscitti-k/all_documents/122.
300	0	data/samples/email/src/maildir/ruscitti-k/all_documents/312.
300	0	data/samples/email/src/maildir/ruscitti-k/discussion_threads/104.
300	0	data/samples/email/src/maildir/ruscitti-k/discussion_threads/105.
300	0	data/samples/email/src/maildir/ruscitti-k/discussion_threads/299.
300	0	data/samples/email/src/maildir/ruscitti-k/eol_rqsts/1.
300	0	data/samples/email/src/maildir/ruscitti-k/sent/36.
300	0	data/samples/email/src/maildir/sager-e/all_documents/1380.
300	0	data/samples/email/src/maildir/sager-e/all_documents/1716.
300	0	data/samples/email/src/maildir/sager-e/inbox/832.
300	0	data/samples/email/src/maildir/sager-e/inbox/840.
300	0	data/samples/email/src/maildir/sager-e/notes_inbox/272.
300	0	data/samples/email/src/maildir/sager-e/sent/958.
300	0	data/samples/email/src/maildir/salisbury-h/inbox/1147.
300	0	data/samples/email/src/maildir/salisbury-h/inbox/873.
300	0	data/samples/email/src/maildir/salisbury-h/read/219.
300	0	data/samples/email/src/maildir/salisbury-h/read/235.
300	0	data/samples/email/src/maildir/sanders-r/all_documents/1471.
300	0	data/samples/email/src/maildir/sanders-r/all_documents/1903.
300	0	data/samples/email/src/maildir/sanders-r/all_documents/2110.
300	0	data/samples/email/src/maildir/sanders-r/deleted_items/10.
300	0	data/samples/email/src/maildir/sanders-r/deleted_items/127.
300	0	data/samples/email/src/maildir/sanders-r/deleted_items/201.
300	0	data/samples/email/src/maildir/sanders-r/deleted_items/295.
300	0	data/samples/email/src/maildir/sanders-r/deleted_items/304.
300	0	data/samples/email/src/maildir/sanders-r/deleted_items/84.
300	0	data/samples/email/src/maildir/sanders-r/deleted_items/95.
300	0	data/samples/email/src/maildir/sanders-r/inbox/74.
300	0	data/samples/email/src/maildir/sanders-r/pacific_virgo/48.
300	0	data/samples/email/src/maildir/sanders-r/sent/1047.
300	0	data/samples/email/src/maildir/sanders-r/sent/786.
300	0	data/samples/email/src/maildir/schoolcraft-d/deleted_items/529.
300	0	data/samples/email/src/maildir/scott-s/_sent_mail/305.
300	0	data/samples/email/src/maildir/scott-s/all_documents/106.
300	0	data/samples/email/src/maildir/scott-s/all_documents/282.
300	0	data/samples/email/src/maildir/scott-s/deleted_items/118.
300	0	data/samples/email/src/maildir/scott-s/deleted_items/146.
300	0	data/samples/email/src/maildir/scott-s/deleted_items/352.
300	0	data/samples/email/src/maildir/scott-s/deleted_items/360.
300	0	data/samples/email/src/maildir/scott-s/deleted_items/484.
300	0	data/samples/email/src/maildir/scott-s/discussion_threads/222.
300	0	data/samples/email/src/maildir/scott-s/discussion_threads/78.
300	0	data/samples/email/src/maildir/scott-s/gir/91.
300	0	data/samples/email/src/maildir/scott-s/inbox/355.
300	0	data/samples/email/src/maildir/scott-s/sent/101.
300	0	data/samples/email/src/maildir/semperger-c/deleted_items/251.
300	0	data/samples/email/src/maildir/shackleton-s/all_documents/10290.
300	0	data/samples/email/src/maildir/shackleton-s/all_documents/10624.
300	0	data/samples/email/src/maildir/shackleton-s/all_documents/10698.
300	0	data/samples/email/src/maildir/shackleton-s/all_documents/1366.
300	0	data/samples/email/src/maildir/shackleton-s/all_documents/1367.
300	0	data/samples/email/src/maildir/shackleton-s/all_documents/2966.
300	0	data/samples/email/src/maildir/shackleton-s/all_documents/2967.
300	0	data/samples/email/src/maildir/shackleton-s/all_documents/3047.
300	0	data/samples/email/src/maildir/shackleton-s/all_documents/3199.
300	0	data/samples/email/src/maildir/shackleton-s/all_documents/3210.
300	0	data/samples/email/src/maildir/shackleton-s/all_documents/3844.
300	0	data/samples/email/src/maildir/shackleton-s/all_documents/8741.
300	0	data/samples/email/src/maildir/shackleton-s/all_documents/9524.
300	0	data/samples/email/src/maildir/shackleton-s/all_documents/9525.
300	0	data/samples/email/src/maildir/shackleton-s/all_documents/9534.
300	0	data/samples/email/src/maildir/shackleton-s/all_documents/9560.
300	0	data/samples/email/src/maildir/shackleton-s/brazil_news/4.
300	0	data/samples/email/src/maildir/shackleton-s/deleted_items/12.
300	0	data/samples/email/src/maildir/shackleton-s/inbox/140.
300	0	data/samples/email/src/maildir/shackleton-s/nelson/77.
300	0	data/samples/email/src/maildir/shackleton-s/notes_inbox/1321.
300	0	data/samples/email/src/maildir/shackleton-s/notes_inbox/140.
300	0	data/samples/email/src/maildir/shackleton-s/notes_inbox/3058.
300	0	data/samples/email/src/maildir/shackleton-s/notes_inbox/3073.
300	0	data/samples/email/src/maildir/shackleton-s/notes_inbox/3077.
300	0	data/samples/email/src/maildir/shackleton-s/organizational_changes/17.
300	0	data/samples/email/src/maildir/shackleton-s/policy/35.
300	0	data/samples/email/src/maildir/shackleton-s/policy/36.
300	0	data/samples/email/src/maildir/shackleton-s/sent/1914.
300	0	data/samples/email/src/maildir/shackleton-s/sent/5335.
300	0	data/samples/email/src/maildir/shackleton-s/sent/5711.
300	0	data/samples/email/src/maildir/shackleton-s/sent/987.
300	0	data/samples/email/src/maildir/shankman-j/all_documents/203.
300	0	data/samples/email/src/maildir/shankman-j/all_documents/581.
300	0	data/samples/email/src/maildir/shankman-j/all_documents/704.
300	0	data/samples/email/src/maildir/shankman-j/deleted_items/513.
300	0	data/samples/email/src/maildir/shankman-j/discussion_threads/277.
300	0	data/samples/email/src/maildir/shankman-j/personal/13.
300	0	data/samples/email/src/maildir/shankman-j/sent/141.
300	0	data/samples/email/src/maildir/shankman-j/sent/478.
300	0	data/samples/email/src/maildir/shapiro-r/all_documents/1614.
300	0	data/samples/email/src/maildir/shapiro-r/all_documents/1619.
300	0	data/samples/email/src/maildir/shapiro-r/all_documents/519.
300	0	data/samples/email/src/maildir/shapiro-r/all_documents/595.
300	0	data/samples/email/src/maildir/shapiro-r/california/33.
300	0	data/samples/email/src/maildir/shapiro-r/canada/32.
300	0	data/samples/email/src/maildir/shapiro-r/canada/33.
300	0	data/samples/email/src/maildir/shapiro-r/canada/63.
300	0	data/samples/email/src/maildir/shapiro-r/canada/64.
300	0	data/samples/email/src/maildir/shapiro-r/deleted_items/312.
300	0	data/samples/email/src/maildir/shapiro-r/deleted_items/359.
300	0	data/samples/email/src/maildir/shapiro-r/deleted_items/715.
300	0	data/samples/email/src/maildir/shapiro-r/discussion_threads/1436.
300	0	data/samples/email/src/maildir/shapiro-r/discussion_threads/1442.
300	0	data/samples/email/src/maildir/shapiro-r/discussion_threads/467.
300	0	data/samples/email/src/maildir/shapiro-r/discussion_threads/533.
300	0	data/samples/email/src/maildir/shapiro-r/value/7.
300	0	data/samples/email/src/maildir/skilling-j/all_documents/1563.
300	0	data/samples/email/src/maildir/skilling-j/all_documents/374.
300	0	data/samples/email/src/maildir/skilling-j/deleted_items/417.
300	0	data/samples/email/src/maildir/skilling-j/discussion_threads/1248.
300	0	data/samples/email/src/maildir/skilling-j/discussion_threads/294.
300	0	data/samples/email/src/maildir/skilling-j/inbox/242.
300	0	data/samples/email/src/maildir/skilling-j/inbox/403.
300	0	data/samples/email/src/maildir/skilling-j/notes_inbox/110.
300	0	data/samples/email/src/maildir/skilling-j/notes_inbox/295.
300	0	data/samples/email/src/maildir/smith-m/all_documents/21.
300	0	data/samples/email/src/maildir/smith-m/discussion_threads/9.
300	0	data/samples/email/src/maildir/smith-m/inbox/116.
300	0	data/samples/email/src/maildir/smith-m/inbox/50.
300	0	data/samples/email/src/maildir/smith-m/sent_items/118.
300	0	data/samples/email/src/maildir/south-s/all_documents/42.
300	0	data/samples/email/src/maildir/south-s/all_documents/67.
300	0	data/samples/email/src/maildir/south-s/discussion_threads/18.
300	0	data/samples/email/src/maildir/south-s/discussion_threads/42.
300	0	data/samples/email/src/maildir/stclair-c/all_documents/1028.
300	0	data/samples/email/src/maildir/stclair-c/all_documents/1030.
300	0	data/samples/email/src/maildir/stclair-c/all_documents/11.
300	0	data/samples/email/src/maildir/stclair-c/all_documents/433.
300	0	data/samples/email/src/maildir/stclair-c/all_documents/488.
300	0	data/samples/email/src/maildir/stclair-c/all_documents/534.
300	0	data/samples/email/src/maildir/stclair-c/all_documents/535.
300	0	data/samples/email/src/maildir/stclair-c/all_documents/674.
300	0	data/samples/email/src/maildir/stclair-c/all_documents/726.
300	0	data/samples/email/src/maildir/stclair-c/sent/1020.
300	0	data/samples/email/src/maildir/stclair-c/sent/1022.
300	0	data/samples/email/src/maildir/stclair-c/sent/428.
300	0	data/samples/email/src/maildir/stclair-c/sent/483.
300	0	data/samples/email/src/maildir/stclair-c/sent/529.
300	0	data/samples/email/src/maildir/stclair-c/sent/530.
300	0	data/samples/email/src/maildir/stclair-c/sent/669.
300	0	data/samples/email/src/maildir/stclair-c/sent/721.
300	0	data/samples/email/src/maildir/stclair-c/sent/9.
300	0	data/samples/email/src/maildir/steffes-j/california_issues/10.
300	0	data/samples/email/src/maildir/steffes-j/deleted_items/246.
300	0	data/samples/email/src/maildir/steffes-j/sent_items/174.
300	0	data/samples/email/src/maildir/steffes-j/sent_items/342.
300	0	data/samples/email/src/maildir/steffes-j/sent_items/414.
300	0	data/samples/email/src/maildir/steffes-j/sent_items/899.
300	0	data/samples/email/src/maildir/stepenovitch-j/all_documents/202.
300	0	data/samples/email/src/maildir/stepenovitch-j/discussion_threads/182.
300	0	data/samples/email/src/maildir/stokley-c/chris_stokley/enron_corp/12.
300	0	data/samples/email/src/maildir/stokley-c/chris_stokley/enron_corp/14.
300	0	data/samples/email/src/maildir/storey-g/all_documents/17.
300	0	data/samples/email/src/maildir/storey-g/deleted_items/245.
300	0	data/samples/email/src/maildir/storey-g/deleted_items/337.
300	0	data/samples/email/src/maildir/storey-g/discussion_threads/16.
300	0	data/samples/email/src/maildir/storey-g/tcpl/23.
300	0	data/samples/email/src/maildir/swerzbin-m/inbox/84.
300	0	data/samples/email/src/maildir/symes-k/all_documents/3481.
300	0	data/samples/email/src/maildir/symes-k/all_documents/3542.
300	0	data/samples/email/src/maildir/symes-k/corporate_comm/243.
300	0	data/samples/email/src/maildir/symes-k/corporate_comm/247.
300	0	data/samples/email/src/maildir/symes-k/discussion_threads/3342.
300	0	data/samples/email/src/maildir/symes-k/discussion_threads/3405.
300	0	data/samples/email/src/maildir/taylor-m/all_documents/143.
300	0	data/samples/email/src/maildir/taylor-m/all_documents/174.
300	0	data/samples/email/src/maildir/taylor-m/all_documents/1928.
300	0	data/samples/email/src/maildir/taylor-m/all_documents/2104.
300	0	data/samples/email/src/maildir/taylor-m/all_documents/2172.
300	0	data/samples/email/src/maildir/taylor-m/all_documents/2425.
300	0	data/samples/email/src/maildir/taylor-m/all_documents/2537.
300	0	data/samples/email/src/maildir/taylor-m/all_documents/2763.
300	0	data/samples/email/src/maildir/taylor-m/all_documents/2806.
300	0	data/samples/email/src/maildir/taylor-m/all_documents/3066.
300	0	data/samples/email/src/maildir/taylor-m/all_documents/3451.
300	0	data/samples/email/src/maildir/taylor-m/all_documents/3465.
300	0	data/samples/email/src/maildir/taylor-m/all_documents/3859.
300	0	data/samples/email/src/maildir/taylor-m/all_documents/391.
300	0	data/samples/email/src/maildir/taylor-m/all_documents/3926.
300	0	data/samples/email/src/maildir/taylor-m/all_documents/626.
300	0	data/samples/email/src/maildir/taylor-m/all_documents/627.
300	0	data/samples/email/src/maildir/taylor-m/all_documents/8208.
300	0	data/samples/email/src/maildir/taylor-m/all_documents/8353.
300	0	data/samples/email/src/maildir/taylor-m/all_documents/925.
300	0	data/samples/email/src/maildir/taylor-m/archive/5_00/108.
300	0	data/samples/email/src/maildir/taylor-m/archive/5_00/150.
300	0	data/samples/email/src/maildir/taylor-m/archive/6_00/108.
300	0	data/samples/email/src/maildir/taylor-m/archive/7_00/139.
300	0	data/samples/email/src/maildir/taylor-m/archive/7_00/27.
300	0	data/samples/email/src/maildir/taylor-m/archive/8_00/27.
300	0	data/samples/email/src/maildir/taylor-m/australia_trading/2.
300	0	data/samples/email/src/maildir/taylor-m/deleted_items/500.
300	0	data/samples/email/src/maildir/taylor-m/inbox/357.
300	0	data/samples/email/src/maildir/taylor-m/inbox/social/56.
300	0	data/samples/email/src/maildir/taylor-m/notes_inbox/1112.
300	0	data/samples/email/src/maildir/taylor-m/notes_inbox/1144.
300	0	data/samples/email/src/maildir/taylor-m/notes_inbox/1323.
300	0	data/samples/email/src/maildir/taylor-m/notes_inbox/1590.
300	0	data/samples/email/src/maildir/taylor-m/notes_inbox/1601.
300	0	data/samples/email/src/maildir/taylor-m/notes_inbox/1833.
300	0	data/samples/email/src/maildir/taylor-m/notes_inbox/1889.
300	0	data/samples/email/src/maildir/taylor-m/notes_inbox/2118.
300	0	data/samples/email/src/maildir/taylor-m/notes_inbox/2180.
300	0	data/samples/email/src/maildir/taylor-m/notes_inbox/637.
300	0	data/samples/email/src/maildir/taylor-m/notes_inbox/684.
300	0	data/samples/email/src/maildir/taylor-m/notes_inbox/873.
300	0	data/samples/email/src/maildir/taylor-m/notes_inbox/965.
300	0	data/samples/email/src/maildir/taylor-m/online_trading/94.
300	0	data/samples/email/src/maildir/taylor-m/sent/129.
300	0	data/samples/email/src/maildir/taylor-m/sent/155.
300	0	data/samples/email/src/maildir/taylor-m/sent/323.
300	0	data/samples/email/src/maildir/taylor-m/sent/477.
300	0	data/samples/email/src/maildir/taylor-m/sent/663.
300	0	data/samples/email/src/maildir/taylor-m/sent_items/520.
300	0	data/samples/email/src/maildir/tholt-j/_sent_mail/214.
300	0	data/samples/email/src/maildir/tholt-j/all_documents/448.
300	0	data/samples/email/src/maildir/tholt-j/all_documents/72.
300	0	data/samples/email/src/maildir/tholt-j/all_documents/74.
300	0	data/samples/email/src/maildir/tholt-j/deleted_items/204.
300	0	data/samples/email/src/maildir/tholt-j/discussion_threads/69.
300	0	data/samples/email/src/maildir/tholt-j/discussion_threads/71.
300	0	data/samples/email/src/maildir/tholt-j/discussion_threads/87.
300	0	data/samples/email/src/maildir/tholt-j/janie/111.
300	0	data/samples/email/src/maildir/tholt-j/janie/72.
300	0	data/samples/email/src/maildir/tholt-j/janie/74.
300	0	data/samples/email/src/maildir/tholt-j/janie/83.
300	0	data/samples/email/src/maildir/tholt-j/sent/214.
300	0	data/samples/email/src/maildir/thomas-p/deleted_items/110.
300	0	data/samples/email/src/maildir/thomas-p/deleted_items/396.
300	0	data/samples/email/src/maildir/townsend-j/inbox/63.
300	0	data/samples/email/src/maildir/ward-k/inbox/15.
300	0	data/samples/email/src/maildir/watson-k/deleted_items/307.
300	0	data/samples/email/src/maildir/watson-k/e_mail_bin/119.
300	0	data/samples/email/src/maildir/watson-k/e_mail_bin/178.
300	0	data/samples/email/src/maildir/watson-k/e_mail_bin/489.
300	0	data/samples/email/src/maildir/watson-k/e_mail_bin/51.
300	0	data/samples/email/src/maildir/watson-k/inbox/10.
300	0	data/samples/email/src/maildir/watson-k/inbox/549.
300	0	data/samples/email/src/maildir/watson-k/rm_science_review/1.
300	0	data/samples/email/src/maildir/watson-k/sent_items/234.
300	0	data/samples/email/src/maildir/watson-k/sent_items/789.
300	0	data/samples/email/src/maildir/weldon-c/inbox/41.
300	0	data/samples/email/src/maildir/whalley-l/all_documents/996.
300	0	data/samples/email/src/maildir/whalley-l/discussion_threads/1321.
300	0	data/samples/email/src/maildir/whalley-l/notes_inbox/459.
300	0	data/samples/email/src/maildir/white-s/personal/1.
300	0	data/samples/email/src/maildir/williams-j/deleted_items/12.
300	0	data/samples/email/src/maildir/williams-j/deleted_items/271.
300	0	data/samples/email/src/maildir/williams-j/deleted_items/355.
300	0	data/samples/email/src/maildir/williams-j/inbox/198.
300	0	data/samples/email/src/maildir/williams-w3/sent_items/271.
300	0	data/samples/email/src/maildir/wolfe-j/05_saved/47.
300	0	data/samples/email/src/maildir/wolfe-j/05_saved/62.
300	0	data/samples/email/src/maildir/wolfe-j/all_documents/156.
300	0	data/samples/email/src/maildir/wolfe-j/calendar/1.
300	0	data/samples/email/src/maildir/wolfe-j/calendar/2.
300	0	data/samples/email/src/maildir/wolfe-j/discussion_threads/155.
300	0	data/samples/email/src/maildir/wolfe-j/inbox/18.
300	0	data/samples/email/src/maildir/wolfe-j/inbox/270.
300	0	data/samples/email/src/maildir/wolfe-j/inbox/274.
300	0	data/samples/email/src/maildir/wolfe-j/inbox/3.
300	0	data/samples/email/src/maildir/wolfe-j/inbox/68.
300	0	data/samples/email/src/maildir/wolfe-j/saved_04/20.
300	0	data/samples/email/src/maildir/wolfe-j/sent_items/82.
300	0	data/samples/email/src/maildir/wolfe-j/sent_items/84.
300	0	data/samples/email/src/maildir/ybarbo-p/all_documents/97.
300	0	data/samples/email/src/maildir/ybarbo-p/discussion_threads/80.
300	0	data/samples/email/src/maildir/ybarbo-p/inbox/151.
300	0	data/samples/email/src/maildir/ybarbo-p/procaribe/29.
300	0	data/samples/email/src/maildir/ybarbo-p/procaribe/5.
300	0	data/samples/email/src/maildir/zipper-a/deleted_items/90.
300	0	data/samples/email/src/maildir/zipper-a/deleted_items/91.
300	0	data/samples/email/src/maildir/zufferli-j/sent_items/317.
240	0	data/samples/email/src/maildir/quigley-d/ina/20.
240	0	data/samples/email/src/maildir/sturm-f/sent_items/115.
240	0	data/samples/email/src/maildir/sturm-f/sent_items/117.
240	0	data/samples/email/src/maildir/sturm-f/sent_items/118.
210	0	data/samples/email/src/maildir/arnold-j/deleted_items/148.
210	0	data/samples/email/src/maildir/campbell-l/inbox/470.
210	0	data/samples/email/src/maildir/dean-c/inbox/888.
210	0	data/samples/email/src/maildir/donoho-l/deleted_items/58.
210	0	data/samples/email/src/maildir/donohoe-t/inbox/307.
210	0	data/samples/email/src/maildir/farmer-d/_sent_mail/815.
210	0	data/samples/email/src/maildir/farmer-d/all_documents/3623.
210	0	data/samples/email/src/maildir/farmer-d/all_documents/3627.
210	0	data/samples/email/src/maildir/farmer-d/discussion_threads/4494.
210	0	data/samples/email/src/maildir/farmer-d/logistics/2056.
210	0	data/samples/email/src/maildir/farmer-d/sent/653.
210	0	data/samples/email/src/maildir/hernandez-j/inbox/132.
210	0	data/samples/email/src/maildir/hodge-j/inbox/305.
210	0	data/samples/email/src/maildir/lokey-t/deleted_items/64.
210	0	data/samples/email/src/maildir/lokey-t/inbox/123.
210	0	data/samples/email/src/maildir/may-l/inbox/901.
210	0	data/samples/email/src/maildir/perlingiere-d/deleted_items/227.
210	0	data/samples/email/src/maildir/pimenov-v/deleted_items/353.
210	0	data/samples/email/src/maildir/presto-k/deleted_items/829.
210	0	data/samples/email/src/maildir/rogers-b/inbox/160.
210	0	data/samples/email/src/maildir/ruscitti-k/inbox/172.
210	0	data/samples/email/src/maildir/saibi-e/inbox/608.
210	0	data/samples/email/src/maildir/salisbury-h/inbox/476.
210	0	data/samples/email/src/maildir/schoolcraft-d/deleted_items/146.
210	0	data/samples/email/src/maildir/shackleton-s/inbox/381.
210	0	data/samples/email/src/maildir/skilling-j/inbox/984.
210	0	data/samples/email/src/maildir/ybarbo-p/deleted_items/113.
201	0	data/samples/email/src/maildir/whalley-l/_sent_mail/52.
201	0	data/samples/email/src/maildir/whalley-l/all_documents/759.
201	0	data/samples/email/src/maildir/whalley-l/discussion_threads/431.
201	0	data/samples/email/src/maildir/whalley-l/sent/71.
200	1	data/samples/email/src/maildir/allen-p/_sent_mail/102.
200	0	data/samples/email/src/maildir/allen-p/_sent_mail/32.
200	0	data/samples/email/src/maildir/allen-p/_sent_mail/377.
200	0	data/samples/email/src/maildir/allen-p/_sent_mail/393.
200	0	data/samples/email/src/maildir/allen-p/all_documents/393.
200	0	data/samples/email/src/maildir/allen-p/all_documents/410.
200	1	data/samples/email/src/maildir/allen-p/all_documents/97.
200	1	data/samples/email/src/maildir/allen-p/deleted_items/59.
200	1	data/samples/email/src/maildir/allen-p/discussion_threads/162.
200	0	data/samples/email/src/maildir/allen-p/inbox/73.
200	0	data/samples/email/src/maildir/allen-p/sent/330.
200	0	data/samples/email/src/maildir/allen-p/sent/346.
200	1	data/samples/email/src/maildir/allen-p/sent/55.
200	0	data/samples/email/src/maildir/allen-p/sent_items/67.
200	1	data/samples/email/src/maildir/arnold-j/_sent_mail/181.
200	1	data/samples/email/src/maildir/arnold-j/_sent_mail/182.
200	1	data/samples/email/src/maildir/arnold-j/all_documents/14.
200	1	data/samples/email/src/maildir/arnold-j/all_documents/19.
200	1	data/samples/email/src/maildir/arnold-j/all_documents/25.
200	1	data/samples/email/src/maildir/arnold-j/all_documents/366.
200	1	data/samples/email/src/maildir/arnold-j/all_documents/367.
200	1	data/samples/email/src/maildir/arnold-j/all_documents/40.
200	1	data/samples/email/src/maildir/arnold-j/all_documents/44.
200	1	data/samples/email/src/maildir/arnold-j/all_documents/6.
200	1	data/samples/email/src/maildir/arnold-j/all_documents/8.
200	1	data/samples/email/src/maildir/arnold-j/all_documents/80.
200	1	data/samples/email/src/maildir/arnold-j/avaya/2.
200	1	data/samples/email/src/maildir/arnold-j/avaya/3.
200	1	data/samples/email/src/maildir/arnold-j/avaya/4.
200	1	data/samples/email/src/maildir/arnold-j/bmc/1.
200	1	data/samples/email/src/maildir/arnold-j/bmc/2.
200	1	data/samples/email/src/maildir/arnold-j/bmc/4.
200	1	data/samples/email/src/maildir/arnold-j/bmc/7.
200	1	data/samples/email/src/maildir/arnold-j/bridge/1.
200	0	data/samples/email/src/maildir/arnold-j/deleted_items/497.
200	1	data/samples/email/src/maildir/arnold-j/discussion_threads/107.
200	1	data/samples/email/src/maildir/arnold-j/discussion_threads/108.
200	1	data/samples/email/src/maildir/arnold-j/sent/183.
200	1	data/samples/email/src/maildir/arnold-j/sent/184.
200	1	data/samples/email/src/maildir/arnold-j/sent_items/267.
200	0	data/samples/email/src/maildir/arora-h/deleted_items/172.
200	0	data/samples/email/src/maildir/arora-h/inbox/7.
200	1	data/samples/email/src/maildir/bailey-s/deleted_items/338.
200	0	data/samples/email/src/maildir/bass-e/all_documents/103.
200	0	data/samples/email/src/maildir/bass-e/all_documents/323.
200	0	data/samples/email/src/maildir/bass-e/all_documents/349.
200	0	data/samples/email/src/maildir/bass-e/deleted_items/287.
200	0	data/samples/email/src/maildir/bass-e/deleted_items/291.
200	0	data/samples/email/src/maildir/bass-e/deleted_items/293.
200	0	data/samples/email/src/maildir/bass-e/discussion_threads/1166.
200	0	data/samples/email/src/maildir/bass-e/discussion_threads/924.
200	0	data/samples/email/src/maildir/bass-e/discussion_threads/951.
200	0	data/samples/email/src/maildir/bass-e/inbox/117.
200	0	data/samples/email/src/maildir/bass-e/inbox/139.
200	0	data/samples/email/src/maildir/bass-e/notes_inbox/270.
200	0	data/samples/email/src/maildir/bass-e/notes_inbox/291.
200	0	data/samples/email/src/maildir/bass-e/notes_inbox/89.
200	0	data/samples/email/src/maildir/bass-e/sent_items/152.
200	0	data/samples/email/src/maildir/baughman-d/all_documents/19.
200	0	data/samples/email/src/maildir/baughman-d/deleted_items/130.
200	0	data/samples/email/src/maildir/baughman-d/deleted_items/338.
200	0	data/samples/email/src/maildir/baughman-d/discussion_threads/19.
200	1	data/samples/email/src/maildir/baughman-d/inbox/124.
200	0	data/samples/email/src/maildir/baughman-d/personal/internet/28.
200	0	data/samples/email/src/maildir/beck-s/_sent_mail/658.
200	0	data/samples/email/src/maildir/beck-s/all_documents/2771.
200	0	data/samples/email/src/maildir/beck-s/all_documents/603.
200	0	data/samples/email/src/maildir/beck-s/all_documents/642.
200	0	data/samples/email/src/maildir/beck-s/all_documents/664.
200	0	data/samples/email/src/maildir/beck-s/all_documents/702.
200	0	data/samples/email/src/maildir/beck-s/deleted_items/139.
200	0	data/samples/email/src/maildir/beck-s/deleted_items/182.
200	0	data/samples/email/src/maildir/beck-s/deleted_items/274.
200	0	data/samples/email/src/maildir/beck-s/discussion_threads/2299.
200	0	data/samples/email/src/maildir/beck-s/discussion_threads/2331.
200	0	data/samples/email/src/maildir/beck-s/discussion_threads/2352.
200	0	data/samples/email/src/maildir/beck-s/discussion_threads/2389.
200	0	data/samples/email/src/maildir/beck-s/discussion_threads/560.
200	0	data/samples/email/src/maildir/beck-s/inbox/333.
200	1	data/samples/email/src/maildir/beck-s/inbox/359.
200	1	data/samples/email/src/maildir/beck-s/inbox/420.
200	1	data/samples/email/src/maildir/beck-s/inbox/422.
200	1	data/samples/email/src/maildir/beck-s/inbox/428.
200	0	data/samples/email/src/maildir/beck-s/notes_inbox/2.
200	0	data/samples/email/src/maildir/beck-s/notes_inbox/27.
200	0	data/samples/email/src/maildir/beck-s/notes_inbox/46.
200	0	data/samples/email/src/maildir/beck-s/notes_inbox/61.
200	0	data/samples/email/src/maildir/beck-s/sent/665.
200	0	data/samples/email/src/maildir/beck-s/sent_items/527.
200	0	data/samples/email/src/maildir/benson-r/all_documents/54.
200	0	data/samples/email/src/maildir/benson-r/discussion_threads/48.
200	0	data/samples/email/src/maildir/benson-r/inbox/137.
200	0	data/samples/email/src/maildir/benson-r/notes_inbox/31.
200	1	data/samples/email/src/maildir/blair-l/sent_items/638.
200	1	data/samples/email/src/maildir/blair-l/sent_items/99.
200	0	data/samples/email/src/maildir/brawner-s/all_documents/98.
200	0	data/samples/email/src/maildir/brawner-s/deleted_items/127.
200	0	data/samples/email/src/maildir/brawner-s/deleted_items/137.
200	0	data/samples/email/src/maildir/brawner-s/deleted_items/72.
200	0	data/samples/email/src/maildir/brawner-s/discussion_threads/129.
200	0	data/samples/email/src/maildir/brawner-s/notes_inbox/33.
200	0	data/samples/email/src/maildir/buy-r/deleted_items/24.
200	0	data/samples/email/src/maildir/buy-r/deleted_items/46.
200	0	data/samples/email/src/maildir/buy-r/inbox/126.
200	0	data/samples/email/src/maildir/buy-r/inbox/172.
200	0	data/samples/email/src/maildir/buy-r/inbox/212.
200	0	data/samples/email/src/maildir/buy-r/inbox/242.
200	0	data/samples/email/src/maildir/buy-r/inbox/42.
200	0	data/samples/email/src/maildir/buy-r/inbox/434.
200	0	data/samples/email/src/maildir/buy-r/inbox/47.
200	0	data/samples/email/src/maildir/buy-r/inbox/62.
200	0	data/samples/email/src/maildir/buy-r/inbox/78.
200	1	data/samples/email/src/maildir/buy-r/inbox/877.
200	1	data/samples/email/src/maildir/buy-r/inbox/886.
200	1	data/samples/email/src/maildir/buy-r/inbox/911.
200	0	data/samples/email/src/maildir/buy-r/inbox/924.
200	0	data/samples/email/src/maildir/buy-r/inbox/932.
200	1	data/samples/email/src/maildir/buy-r/inbox/960.
200	0	data/samples/email/src/maildir/buy-r/sent_items/229.
200	0	data/samples/email/src/maildir/buy-r/sent_items/230.
200	0	data/samples/email/src/maildir/campbell-l/all_documents/1770.
200	0	data/samples/email/src/maildir/campbell-l/all_documents/337.
200	0	data/samples/email/src/maildir/campbell-l/all_documents/497.
200	0	data/samples/email/src/maildir/campbell-l/discussion_threads/1602.
200	0	data/samples/email/src/maildir/campbell-l/discussion_threads/416.
200	0	data/samples/email/src/maildir/campbell-l/inbox/1411.
200	1	data/samples/email/src/maildir/campbell-l/inbox/366.
200	0	data/samples/email/src/maildir/campbell-l/inbox/734.
200	0	data/samples/email/src/maildir/campbell-l/notes_inbox/579.
200	0	data/samples/email/src/maildir/campbell-l/sent/169.
200	0	data/samples/email/src/maildir/carson-m/deleted_items/273.
200	0	data/samples/email/src/maildir/cash-m/all_documents/164.
200	0	data/samples/email/src/maildir/cash-m/deleted_items/126.
200	0	data/samples/email/src/maildir/cash-m/inbox/116.
200	0	data/samples/email/src/maildir/cash-m/inbox/dlr/18.
200	0	data/samples/email/src/maildir/cash-m/inbox/dlr/38.
200	0	data/samples/email/src/maildir/cash-m/organizational_announcements/19.
200	0	data/samples/email/src/maildir/cash-m/organizational_announcements/25.
200	0	data/samples/email/src/maildir/cash-m/sent_items/281.
200	0	data/samples/email/src/maildir/causholli-m/deleted_items/189.
200	0	data/samples/email/src/maildir/causholli-m/deleted_items/214.
200	0	data/samples/email/src/maildir/causholli-m/inbox/187.
200	1	data/samples/email/src/maildir/corman-s/deleted_items/172.
200	0	data/samples/email/src/maildir/corman-s/deleted_items/173.
200	0	data/samples/email/src/maildir/corman-s/deleted_items/288.
200	1	data/samples/email/src/maildir/corman-s/deleted_items/62.
200	0	data/samples/email/src/maildir/corman-s/inbox/archives/38.
200	0	data/samples/email/src/maildir/corman-s/inbox/archives/old_messages/39.
200	0	data/samples/email/src/maildir/cuilla-m/deleted_items/407.
200	1	data/samples/email/src/maildir/dasovich-j/all_documents/1032.
200	0	data/samples/email/src/maildir/dasovich-j/all_documents/10682.
200	1	data/samples/email/src/maildir/dasovich-j/all_documents/1075.
200	1	data/samples/email/src/maildir/dasovich-j/all_documents/1089.
200	1	data/samples/email/src/maildir/dasovich-j/all_documents/10918.
200	0	data/samples/email/src/maildir/dasovich-j/all_documents/11195.
200	0	data/samples/email/src/maildir/dasovich-j/all_documents/112.
200	1	data/samples/email/src/maildir/dasovich-j/all_documents/11223.
200	0	data/samples/email/src/maildir/dasovich-j/all_documents/11611.
200	0	data/samples/email/src/maildir/dasovich-j/all_documents/11612.
200	1	data/samples/email/src/maildir/dasovich-j/all_documents/11659.
200	1	data/samples/email/src/maildir/dasovich-j/all_documents/11661.
200	1	data/samples/email/src/maildir/dasovich-j/all_documents/11736.
200	1	data/samples/email/src/maildir/dasovich-j/all_documents/1180.
200	0	data/samples/email/src/maildir/dasovich-j/all_documents/11903.
200	0	data/samples/email/src/maildir/dasovich-j/all_documents/12495.
200	0	data/samples/email/src/maildir/dasovich-j/all_documents/12567.
200	0	data/samples/email/src/maildir/dasovich-j/all_documents/12722.
200	0	data/samples/email/src/maildir/dasovich-j/all_documents/13235.
200	0	data/samples/email/src/maildir/dasovich-j/all_documents/13267.
200	0	data/samples/email/src/maildir/dasovich-j/all_documents/13348.
200	0	data/samples/email/src/maildir/dasovich-j/all_documents/13456.
200	0	data/samples/email/src/maildir/dasovich-j/all_documents/1426.
200	0	data/samples/email/src/maildir/dasovich-j/all_documents/1427.
200	1	data/samples/email/src/maildir/dasovich-j/all_documents/175.
200	0	data/samples/email/src/maildir/dasovich-j/all_documents/2234.
200	0	data/samples/email/src/maildir/dasovich-j/all_documents/238.
200	0	data/samples/email/src/maildir/dasovich-j/all_documents/2769.
200	0	data/samples/email/src/maildir/dasovich-j/all_documents/28063.
200	1	data/samples/email/src/maildir/dasovich-j/all_documents/28158.
200	0	data/samples/email/src/maildir/dasovich-j/all_documents/28205.
200	1	data/samples/email/src/maildir/dasovich-j/all_documents/2821.
200	0	data/samples/email/src/maildir/dasovich-j/all_documents/28328.
200	0	data/samples/email/src/maildir/dasovich-j/all_documents/28874.
200	1	data/samples/email/src/maildir/dasovich-j/all_documents/3999.
200	0	data/samples/email/src/maildir/dasovich-j/all_documents/4070.
200	0	data/samples/email/src/maildir/dasovich-j/all_documents/4269.
200	0	data/samples/email/src/maildir/dasovich-j/all_documents/686.
200	0	data/samples/email/src/maildir/dasovich-j/all_documents/7860.
200	0	data/samples/email/src/maildir/dasovich-j/all_documents/893.
200	1	data/samples/email/src/maildir/dasovich-j/all_documents/931.
200	1	data/samples/email/src/maildir/dasovich-j/all_documents/9702.
200	1	data/samples/email/src/maildir/dasovich-j/calendar/4.
200	1	data/samples/email/src/maildir/dasovich-j/california_crisis__press/4.
200	0	data/samples/email/src/maildir/dasovich-j/deleted_items/1666.
200	0	data/samples/email/src/maildir/dasovich-j/deleted_items/1899.
200	0	data/samples/email/src/maildir/dasovich-j/deleted_items/1905.
200	0	data/samples/email/src/maildir/dasovich-j/deleted_items/2079.
200	1	data/samples/email/src/maildir/dasovich-j/deleted_items/308.
200	0	data/samples/email/src/maildir/dasovich-j/deleted_items/349.
200	0	data/samples/email/src/maildir/dasovich-j/deleted_items/544.
200	0	data/samples/email/src/maildir/dasovich-j/deleted_items/910.
200	0	data/samples/email/src/maildir/dasovich-j/eci/109.
200	0	data/samples/email/src/maildir/dasovich-j/inbox/1453.
200	0	data/samples/email/src/maildir/dasovich-j/inbox/244.
200	1	data/samples/email/src/maildir/dasovich-j/inbox/916.
200	1	data/samples/email/src/maildir/dasovich-j/mba_program/23.
200	0	data/samples/email/src/maildir/dasovich-j/mba_program/31.
200	0	data/samples/email/src/maildir/dasovich-j/notes_inbox/11.
200	0	data/samples/email/src/maildir/dasovich-j/notes_inbox/11817.
200	0	data/samples/email/src/maildir/dasovich-j/notes_inbox/1211.
200	0	data/samples/email/src/maildir/dasovich-j/notes_inbox/12176.
200	0	data/samples/email/src/maildir/dasovich-j/notes_inbox/12263.
200	1	data/samples/email/src/maildir/dasovich-j/notes_inbox/12299.
200	0	data/samples/email/src/maildir/dasovich-j/notes_inbox/123.
200	0	data/samples/email/src/maildir/dasovich-j/notes_inbox/12372.
200	1	data/samples/email/src/maildir/dasovich-j/notes_inbox/1254.
200	1	data/samples/email/src/maildir/dasovich-j/notes_inbox/183.
200	1	data/samples/email/src/maildir/dasovich-j/notes_inbox/2046.
200	1	data/samples/email/src/maildir/dasovich-j/notes_inbox/208.
200	0	data/samples/email/src/maildir/dasovich-j/notes_inbox/2088.
200	0	data/samples/email/src/maildir/dasovich-j/notes_inbox/2221.
200	0	data/samples/email/src/maildir/dasovich-j/notes_inbox/2623.
200	0	data/samples/email/src/maildir/dasovich-j/notes_inbox/2714.
200	0	data/samples/email/src/maildir/dasovich-j/notes_inbox/2770.
200	0	data/samples/email/src/maildir/dasovich-j/notes_inbox/2794.
200	0	data/samples/email/src/maildir/dasovich-j/notes_inbox/3193.
200	0	data/samples/email/src/maildir/dasovich-j/notes_inbox/3307.
200	0	data/samples/email/src/maildir/dasovich-j/notes_inbox/3355.
200	0	data/samples/email/src/maildir/dasovich-j/notes_inbox/3766.
200	1	data/samples/email/src/maildir/dasovich-j/notes_inbox/3891.
200	1	data/samples/email/src/maildir/dasovich-j/notes_inbox/3932.
200	0	data/samples/email/src/maildir/dasovich-j/notes_inbox/3958.
200	1	data/samples/email/src/maildir/dasovich-j/notes_inbox/4195.
200	0	data/samples/email/src/maildir/dasovich-j/notes_inbox/4212.
200	0	data/samples/email/src/maildir/dasovich-j/notes_inbox/437.
200	0	data/samples/email/src/maildir/dasovich-j/notes_inbox/438.
200	1	data/samples/email/src/maildir/dasovich-j/notes_inbox/4408.
200	0	data/samples/email/src/maildir/dasovich-j/notes_inbox/4547.
200	0	data/samples/email/src/maildir/dasovich-j/notes_inbox/6067.
200	0	data/samples/email/src/maildir/dasovich-j/notes_inbox/905.
200	1	data/samples/email/src/maildir/dasovich-j/sent/161.
200	1	data/samples/email/src/maildir/dasovich-j/sent/3519.
200	0	data/samples/email/src/maildir/dasovich-j/sent/4317.
200	1	data/samples/email/src/maildir/dasovich-j/sent/4339.
200	1	data/samples/email/src/maildir/dasovich-j/sent/80.
200	1	data/samples/email/src/maildir/dasovich-j/sent_items/2317.
200	1	data/samples/email/src/maildir/dean-c/deleted_items/157.
200	1	data/samples/email/src/maildir/dean-c/deleted_items/336.
200	0	data/samples/email/src/maildir/dean-c/inbox/31.
200	1	data/samples/email/src/maildir/dean-c/sent_items/16.
200	0	data/samples/email/src/maildir/delainey-d/_sent_mail/102.
200	0	data/samples/email/src/maildir/delainey-d/_sent_mail/588.
200	0	data/samples/email/src/maildir/delainey-d/_sent_mail/643.
200	0	data/samples/email/src/maildir/delainey-d/all_documents/130.
200	0	data/samples/email/src/maildir/delainey-d/all_documents/623.
200	0	data/samples/email/src/maildir/delainey-d/all_documents/679.
200	0	data/samples/email/src/maildir/delainey-d/discussion_threads/34.
200	0	data/samples/email/src/maildir/delainey-d/discussion_threads/518.
200	0	data/samples/email/src/maildir/delainey-d/discussion_threads/81.
200	0	data/samples/email/src/maildir/delainey-d/sent/102.
200	0	data/samples/email/src/maildir/delainey-d/sent/592.
200	0	data/samples/email/src/maildir/delainey-d/sent/648.
200	1	data/samples/email/src/maildir/derrick-j/all_documents/53.
200	0	data/samples/email/src/maildir/derrick-j/deleted_items/187.
200	1	data/samples/email/src/maildir/derrick-j/discussion_threads/49.
200	0	data/samples/email/src/maildir/derrick-j/inbox/11.
200	1	data/samples/email/src/maildir/derrick-j/inbox/113.
200	0	data/samples/email/src/maildir/derrick-j/inbox/115.
200	0	data/samples/email/src/maildir/derrick-j/inbox/59.
200	0	data/samples/email/src/maildir/derrick-j/inbox/6.
200	1	data/samples/email/src/maildir/derrick-j/notes_inbox/60.
200	1	data/samples/email/src/maildir/derrick-j/sent_items/156.
200	0	data/samples/email/src/maildir/derrick-j/sent_items/540.
200	1	data/samples/email/src/maildir/donoho-l/inbox/179.
200	1	data/samples/email/src/maildir/donoho-l/inbox/junk_file/400.
200	0	data/samples/email/src/maildir/donohoe-t/inbox/124.
200	0	data/samples/email/src/maildir/donohoe-t/inbox/186.
200	1	data/samples/email/src/maildir/donohoe-t/inbox/357.
200	0	data/samples/email/src/maildir/dorland-c/deleted_items/108.
200	0	data/samples/email/src/maildir/dorland-c/deleted_items/143.
200	0	data/samples/email/src/maildir/dorland-c/deleted_items/160.
200	0	data/samples/email/src/maildir/dorland-c/deleted_items/164.
200	0	data/samples/email/src/maildir/dorland-c/deleted_items/17.
200	0	data/samples/email/src/maildir/dorland-c/deleted_items/182.
200	0	data/samples/email/src/maildir/dorland-c/deleted_items/184.
200	0	data/samples/email/src/maildir/dorland-c/deleted_items/191.
200	0	data/samples/email/src/maildir/dorland-c/deleted_items/23.
200	0	data/samples/email/src/maildir/dorland-c/deleted_items/49.
200	0	data/samples/email/src/maildir/dorland-c/deleted_items/59.
200	0	data/samples/email/src/maildir/dorland-c/deleted_items/7.
200	0	data/samples/email/src/maildir/dorland-c/deleted_items/72.
200	0	data/samples/email/src/maildir/ermis-f/all_documents/225.
200	1	data/samples/email/src/maildir/ermis-f/all_documents/293.
200	1	data/samples/email/src/maildir/ermis-f/discussion_threads/225.
200	0	data/samples/email/src/maildir/ermis-f/discussion_threads/293.
200	0	data/samples/email/src/maildir/ermis-f/inbox/124.
200	0	data/samples/email/src/maildir/ermis-f/inbox/536.
200	0	data/samples/email/src/maildir/ermis-f/inbox/669.
200	0	data/samples/email/src/maildir/ermis-f/inbox/678.
200	0	data/samples/email/src/maildir/ermis-f/notes_inbox/174.
200	0	data/samples/email/src/maildir/farmer-d/all_documents/199.
200	1	data/samples/email/src/maildir/farmer-d/all_documents/2198.
200	0	data/samples/email/src/maildir/farmer-d/all_documents/3780.
200	0	data/samples/email/src/maildir/farmer-d/deleted_items/13.
200	0	data/samples/email/src/maildir/farmer-d/deleted_items/personal/61.
200	0	data/samples/email/src/maildir/farmer-d/discussion_threads/2678.
200	0	data/samples/email/src/maildir/farmer-d/discussion_threads/4345.
200	0	data/samples/email/src/maildir/farmer-d/discussion_threads/4490.
200	1	data/samples/email/src/maildir/farmer-d/discussion_threads/837.
200	0	data/samples/email/src/maildir/farmer-d/logistics/2040.
200	1	data/samples/email/src/maildir/farmer-d/logistics/983.
200	0	data/samples/email/src/maildir/farmer-d/personal/108.
200	0	data/samples/email/src/maildir/farmer-d/personal/316.
200	1	data/samples/email/src/maildir/fischer-m/all_documents/54.
200	1	data/samples/email/src/maildir/fischer-m/all_documents/60.
200	1	data/samples/email/src/maildir/fischer-m/all_documents/62.
200	1	data/samples/email/src/maildir/fischer-m/all_documents/63.
200	1	data/samples/email/src/maildir/fischer-m/current_estimate/6.
200	1	data/samples/email/src/maildir/fischer-m/current_estimate/7.
200	1	data/samples/email/src/maildir/fischer-m/discussion_threads/48.
200	1	data/samples/email/src/maildir/fischer-m/discussion_threads/50.
200	1	data/samples/email/src/maildir/fischer-m/notes_inbox/345.
200	1	data/samples/email/src/maildir/fischer-m/notes_inbox/346.
200	1	data/samples/email/src/maildir/fischer-m/notes_inbox/348.
200	1	data/samples/email/src/maildir/fischer-m/notes_inbox/354.
200	0	data/samples/email/src/maildir/fossum-d/all_documents/897.
200	0	data/samples/email/src/maildir/fossum-d/discussion_threads/649.
200	0	data/samples/email/src/maildir/fossum-d/notes_inbox/163.
200	0	data/samples/email/src/maildir/gang-l/inbox/33.
200	0	data/samples/email/src/maildir/gay-r/all_documents/106.
200	0	data/samples/email/src/maildir/gay-r/all_documents/141.
200	0	data/samples/email/src/maildir/gay-r/discussion_threads/63.
200	0	data/samples/email/src/maildir/gay-r/discussion_threads/75.
200	1	data/samples/email/src/maildir/gay-r/inbox/5.
200	0	data/samples/email/src/maildir/gay-r/sent/140.
200	1	data/samples/email/src/maildir/gay-r/sent_items/5.
200	1	data/samples/email/src/maildir/geaccone-t/_sent_mail/165.
200	1	data/samples/email/src/maildir/geaccone-t/deleted_items/127.
200	0	data/samples/email/src/maildir/geaccone-t/deleted_items/172.
200	0	data/samples/email/src/maildir/geaccone-t/deleted_items/175.
200	0	data/samples/email/src/maildir/geaccone-t/deleted_items/180.
200	1	data/samples/email/src/maildir/geaccone-t/deleted_items/227.
200	1	data/samples/email/src/maildir/geaccone-t/inbox/231.
200	0	data/samples/email/src/maildir/geaccone-t/inbox/284.
200	1	data/samples/email/src/maildir/geaccone-t/inbox/570.
200	1	data/samples/email/src/maildir/geaccone-t/inbox/591.
200	0	data/samples/email/src/maildir/geaccone-t/sent_items/179.
200	0	data/samples/email/src/maildir/geaccone-t/sent_items/182.
200	0	data/samples/email/src/maildir/geaccone-t/sent_items/185.
200	1	data/samples/email/src/maildir/geaccone-t/sent_items/200.
200	1	data/samples/email/src/maildir/geaccone-t/sent_items/368.
200	1	data/samples/email/src/maildir/geaccone-t/sent_items/88.
200	1	data/samples/email/src/maildir/geaccone-t/sent_items/90.
200	0	data/samples/email/src/maildir/germany-c/_sent_mail/864.
200	0	data/samples/email/src/maildir/germany-c/_sent_mail/866.
200	0	data/samples/email/src/maildir/germany-c/_sent_mail/911.
200	0	data/samples/email/src/maildir/germany-c/all_documents/1042.
200	0	data/samples/email/src/maildir/germany-c/all_documents/981.
200	0	data/samples/email/src/maildir/germany-c/all_documents/984.
200	0	data/samples/email/src/maildir/germany-c/bankrupt/74.
200	0	data/samples/email/src/maildir/germany-c/deleted_items/70.
200	0	data/samples/email/src/maildir/germany-c/sent/594.
200	0	data/samples/email/src/maildir/germany-c/sent/596.
200	0	data/samples/email/src/maildir/germany-c/sent/641.
200	0	data/samples/email/src/maildir/germany-c/sent_items/377.
200	1	data/samples/email/src/maildir/gilbertsmith-d/deleted_items/10.
200	1	data/samples/email/src/maildir/gilbertsmith-d/deleted_items/116.
200	1	data/samples/email/src/maildir/gilbertsmith-d/deleted_items/144.
200	1	data/samples/email/src/maildir/gilbertsmith-d/deleted_items/145.
200	0	data/samples/email/src/maildir/gilbertsmith-d/deleted_items/146.
200	1	data/samples/email/src/maildir/gilbertsmith-d/deleted_items/148.
200	1	data/samples/email/src/maildir/gilbertsmith-d/deleted_items/149.
200	1	data/samples/email/src/maildir/gilbertsmith-d/deleted_items/151.
200	1	data/samples/email/src/maildir/gilbertsmith-d/deleted_items/61.
200	1	data/samples/email/src/maildir/gilbertsmith-d/deleted_items/62.
200	0	data/samples/email/src/maildir/gilbertsmith-d/deleted_items/69.
200	1	data/samples/email/src/maildir/gilbertsmith-d/deleted_items/73.
200	1	data/samples/email/src/maildir/gilbertsmith-d/deleted_items/77.
200	1	data/samples/email/src/maildir/gilbertsmith-d/deleted_items/94.
200	1	data/samples/email/src/maildir/gilbertsmith-d/inbox/10.
200	1	data/samples/email/src/maildir/gilbertsmith-d/inbox/118.
200	1	data/samples/email/src/maildir/gilbertsmith-d/inbox/14.
200	1	data/samples/email/src/maildir/gilbertsmith-d/inbox/19.
200	0	data/samples/email/src/maildir/giron-d/deleted_items/308.
200	0	data/samples/email/src/maildir/giron-d/inbox/170.
200	1	data/samples/email/src/maildir/giron-d/inbox/400.
200	1	data/samples/email/src/maildir/giron-d/sent_items/430.
200	1	data/samples/email/src/maildir/giron-d/sent_items/433.
200	0	data/samples/email/src/maildir/griffith-j/deleted_items/364.
200	1	data/samples/email/src/maildir/griffith-j/market/278.
200	0	data/samples/email/src/maildir/grigsby-m/deleted_items/388.
200	0	data/samples/email/src/maildir/grigsby-m/deleted_items/397.
200	0	data/samples/email/src/maildir/grigsby-m/sent_items/146.
200	0	data/samples/email/src/maildir/haedicke-m/all_documents/1206.
200	1	data/samples/email/src/maildir/haedicke-m/all_documents/1365.
200	0	data/samples/email/src/maildir/haedicke-m/all_documents/1367.
200	0	data/samples/email/src/maildir/haedicke-m/all_documents/2097.
200	0	data/samples/email/src/maildir/haedicke-m/all_documents/2139.
200	0	data/samples/email/src/maildir/haedicke-m/all_documents/2141.
200	0	data/samples/email/src/maildir/haedicke-m/all_documents/2180.
200	0	data/samples/email/src/maildir/haedicke-m/all_documents/2228.
200	0	data/samples/email/src/maildir/haedicke-m/all_documents/2238.
200	0	data/samples/email/src/maildir/haedicke-m/all_documents/2250.
200	0	data/samples/email/src/maildir/haedicke-m/all_documents/2258.
200	0	data/samples/email/src/maildir/haedicke-m/all_documents/2295.
200	0	data/samples/email/src/maildir/haedicke-m/all_documents/2319.
200	0	data/samples/email/src/maildir/haedicke-m/all_documents/2331.
200	0	data/samples/email/src/maildir/haedicke-m/all_documents/2352.
200	0	data/samples/email/src/maildir/haedicke-m/all_documents/2356.
200	0	data/samples/email/src/maildir/haedicke-m/all_documents/2379.
200	0	data/samples/email/src/maildir/haedicke-m/all_documents/2392.
200	0	data/samples/email/src/maildir/haedicke-m/all_documents/2416.
200	0	data/samples/email/src/maildir/haedicke-m/all_documents/2448.
200	0	data/samples/email/src/maildir/haedicke-m/all_documents/2476.
200	0	data/samples/email/src/maildir/haedicke-m/all_documents/2500.
200	0	data/samples/email/src/maildir/haedicke-m/all_documents/311.
200	0	data/samples/email/src/maildir/haedicke-m/all_documents/4626.
200	0	data/samples/email/src/maildir/haedicke-m/all_documents/4636.
200	0	data/samples/email/src/maildir/haedicke-m/all_documents/4652.
200	0	data/samples/email/src/maildir/haedicke-m/all_documents/4682.
200	0	data/samples/email/src/maildir/haedicke-m/all_documents/4697.
200	0	data/samples/email/src/maildir/haedicke-m/all_documents/4707.
200	0	data/samples/email/src/maildir/haedicke-m/all_documents/4765.
200	0	data/samples/email/src/maildir/haedicke-m/all_documents/4782.
200	1	data/samples/email/src/maildir/haedicke-m/all_documents/4877.
200	0	data/samples/email/src/maildir/haedicke-m/all_documents/4885.
200	1	data/samples/email/src/maildir/haedicke-m/all_documents/4964.
200	1	data/samples/email/src/maildir/haedicke-m/all_documents/5143.
200	0	data/samples/email/src/maildir/haedicke-m/all_documents/983.
200	1	data/samples/email/src/maildir/haedicke-m/deleted_items/104.
200	1	data/samples/email/src/maildir/haedicke-m/deleted_items/131.
200	1	data/samples/email/src/maildir/haedicke-m/deleted_items/81.
200	1	data/samples/email/src/maildir/haedicke-m/inbox/104.
200	1	data/samples/email/src/maildir/haedicke-m/inbox/257.
200	0	data/samples/email/src/maildir/haedicke-m/inbox/506.
200	1	data/samples/email/src/maildir/haedicke-m/inbox/78.
200	0	data/samples/email/src/maildir/haedicke-m/inbox/92.
200	0	data/samples/email/src/maildir/haedicke-m/notes_inbox/10.
200	1	data/samples/email/src/maildir/haedicke-m/notes_inbox/1080.
200	1	data/samples/email/src/maildir/haedicke-m/notes_inbox/12.
200	1	data/samples/email/src/maildir/haedicke-m/notes_inbox/1208.
200	0	data/samples/email/src/maildir/haedicke-m/notes_inbox/1253.
200	1	data/samples/email/src/maildir/haedicke-m/notes_inbox/1261.
200	0	data/samples/email/src/maildir/haedicke-m/notes_inbox/1318.
200	0	data/samples/email/src/maildir/haedicke-m/notes_inbox/1333.
200	0	data/samples/email/src/maildir/haedicke-m/notes_inbox/136.
200	0	data/samples/email/src/maildir/haedicke-m/notes_inbox/1365.
200	0	data/samples/email/src/maildir/haedicke-m/notes_inbox/1373.
200	0	data/samples/email/src/maildir/haedicke-m/notes_inbox/1386.
200	0	data/samples/email/src/maildir/haedicke-m/notes_inbox/1409.
200	0	data/samples/email/src/maildir/haedicke-m/notes_inbox/1421.
200	0	data/samples/email/src/maildir/haedicke-m/notes_inbox/1430.
200	0	data/samples/email/src/maildir/haedicke-m/notes_inbox/219.
200	0	data/samples/email/src/maildir/haedicke-m/notes_inbox/225.
200	0	data/samples/email/src/maildir/haedicke-m/notes_inbox/227.
200	0	data/samples/email/src/maildir/haedicke-m/notes_inbox/243.
200	0	data/samples/email/src/maildir/haedicke-m/notes_inbox/291.
200	0	data/samples/email/src/maildir/haedicke-m/notes_inbox/301.
200	0	data/samples/email/src/maildir/haedicke-m/notes_inbox/313.
200	0	data/samples/email/src/maildir/haedicke-m/notes_inbox/320.
200	0	data/samples/email/src/maildir/haedicke-m/notes_inbox/327.
200	0	data/samples/email/src/maildir/haedicke-m/notes_inbox/347.
200	0	data/samples/email/src/maildir/haedicke-m/notes_inbox/356.
200	0	data/samples/email/src/maildir/haedicke-m/notes_inbox/375.
200	0	data/samples/email/src/maildir/haedicke-m/notes_inbox/379.
200	0	data/samples/email/src/maildir/haedicke-m/notes_inbox/400.
200	0	data/samples/email/src/maildir/haedicke-m/notes_inbox/413.
200	0	data/samples/email/src/maildir/haedicke-m/notes_inbox/433.
200	0	data/samples/email/src/maildir/haedicke-m/notes_inbox/462.
200	0	data/samples/email/src/maildir/haedicke-m/notes_inbox/473.
200	0	data/samples/email/src/maildir/haedicke-m/notes_inbox/490.
200	0	data/samples/email/src/maildir/haedicke-m/sent/263.
200	0	data/samples/email/src/maildir/haedicke-m/sent/814.
200	0	data/samples/email/src/maildir/hain-m/all_documents/1321.
200	0	data/samples/email/src/maildir/hain-m/all_documents/342.
200	1	data/samples/email/src/maildir/hain-m/all_documents/455.
200	0	data/samples/email/src/maildir/hain-m/all_documents/55.
200	0	data/samples/email/src/maildir/hain-m/discussion_threads/1185.
200	0	data/samples/email/src/maildir/hain-m/discussion_threads/34.
200	1	data/samples/email/src/maildir/hain-m/discussion_threads/835.
200	0	data/samples/email/src/maildir/hain-m/discussion_threads/918.
200	0	data/samples/email/src/maildir/hain-m/notes_inbox/333.
200	1	data/samples/email/src/maildir/hain-m/notes_inbox/396.
200	0	data/samples/email/src/maildir/hain-m/notes_inbox/55.
200	1	data/samples/email/src/maildir/harris-s/deleted_items/259.
200	0	data/samples/email/src/maildir/harris-s/deleted_items/271.
200	0	data/samples/email/src/maildir/harris-s/deleted_items/279.
200	0	data/samples/email/src/maildir/harris-s/inbox/30.
200	0	data/samples/email/src/maildir/hayslett-r/all_documents/84.
200	0	data/samples/email/src/maildir/hayslett-r/deleted_items/210.
200	0	data/samples/email/src/maildir/hayslett-r/discussion_threads/79.
200	0	data/samples/email/src/maildir/hayslett-r/hold/11.
200	0	data/samples/email/src/maildir/hayslett-r/inbox/189.
200	1	data/samples/email/src/maildir/hayslett-r/inbox/223.
200	1	data/samples/email/src/maildir/hayslett-r/inbox/43.
200	0	data/samples/email/src/maildir/hayslett-r/projects/azurix/11.
200	0	data/samples/email/src/maildir/hayslett-r/projects/azurix/15.
200	0	data/samples/email/src/maildir/hayslett-r/projects/azurix/16.
200	0	data/samples/email/src/maildir/hayslett-r/projects/azurix/18.
200	0	data/samples/email/src/maildir/hayslett-r/projects/azurix/20.
200	0	data/samples/email/src/maildir/hayslett-r/projects/azurix/8.
200	1	data/samples/email/src/maildir/hayslett-r/projects/personnel/12.
200	1	data/samples/email/src/maildir/hayslett-r/sent_items/36.
200	1	data/samples/email/src/maildir/hayslett-r/sent_items/495.
200	1	data/samples/email/src/maildir/hayslett-r/sent_items/541.
200	1	data/samples/email/src/maildir/heard-m/inbox/master_netting/46.
200	1	data/samples/email/src/maildir/heard-m/inbox/master_netting/47.
200	1	data/samples/email/src/maildir/heard-m/sent_items/275.
200	1	data/samples/email/src/maildir/heard-m/sent_items/698.
200	0	data/samples/email/src/maildir/hendrickson-s/deleted_items/101.
200	0	data/samples/email/src/maildir/hendrickson-s/deleted_items/102.
200	0	data/samples/email/src/maildir/hendrickson-s/deleted_items/123.
200	0	data/samples/email/src/maildir/hendrickson-s/deleted_items/136.
200	0	data/samples/email/src/maildir/hendrickson-s/deleted_items/137.
200	0	data/samples/email/src/maildir/hendrickson-s/deleted_items/146.
200	0	data/samples/email/src/maildir/hendrickson-s/deleted_items/159.
200	0	data/samples/email/src/maildir/hendrickson-s/deleted_items/177.
200	0	data/samples/email/src/maildir/hendrickson-s/deleted_items/180.
200	0	data/samples/email/src/maildir/hendrickson-s/deleted_items/181.
200	0	data/samples/email/src/maildir/hendrickson-s/deleted_items/29.
200	0	data/samples/email/src/maildir/hendrickson-s/deleted_items/35.
200	0	data/samples/email/src/maildir/hendrickson-s/deleted_items/40.
200	0	data/samples/email/src/maildir/hendrickson-s/deleted_items/49.
200	0	data/samples/email/src/maildir/hendrickson-s/deleted_items/89.
200	0	data/samples/email/src/maildir/hernandez-j/_sent_mail/27.
200	0	data/samples/email/src/maildir/hernandez-j/_sent_mail/31.
200	0	data/samples/email/src/maildir/hernandez-j/all_documents/106.
200	0	data/samples/email/src/maildir/hernandez-j/all_documents/180.
200	0	data/samples/email/src/maildir/hernandez-j/all_documents/303.
200	0	data/samples/email/src/maildir/hernandez-j/all_documents/501.
200	0	data/samples/email/src/maildir/hernandez-j/all_documents/505.
200	0	data/samples/email/src/maildir/hernandez-j/discussion_threads/283.
200	0	data/samples/email/src/maildir/hernandez-j/discussion_threads/287.
200	0	data/samples/email/src/maildir/hernandez-j/discussion_threads/486.
200	0	data/samples/email/src/maildir/hernandez-j/discussion_threads/608.
200	0	data/samples/email/src/maildir/hernandez-j/discussion_threads/681.
200	1	data/samples/email/src/maildir/hernandez-j/inbox/94.
200	0	data/samples/email/src/maildir/hernandez-j/notes_inbox/212.
200	0	data/samples/email/src/maildir/hernandez-j/notes_inbox/24.
200	0	data/samples/email/src/maildir/hernandez-j/notes_inbox/95.
200	0	data/samples/email/src/maildir/hernandez-j/sent/27.
200	0	data/samples/email/src/maildir/hernandez-j/sent/31.
200	0	data/samples/email/src/maildir/hodge-j/inbox/133.
200	0	data/samples/email/src/maildir/hodge-j/inbox/56.
200	0	data/samples/email/src/maildir/holst-k/deleted_items/147.
200	0	data/samples/email/src/maildir/holst-k/deleted_items/23.
200	0	data/samples/email/src/maildir/holst-k/deleted_items/87.
200	1	data/samples/email/src/maildir/horton-s/_sent_mail/56.
200	0	data/samples/email/src/maildir/horton-s/all_documents/258.
200	0	data/samples/email/src/maildir/horton-s/all_documents/262.
200	0	data/samples/email/src/maildir/horton-s/all_documents/274.
200	0	data/samples/email/src/maildir/horton-s/all_documents/304.
200	0	data/samples/email/src/maildir/horton-s/all_documents/306.
200	1	data/samples/email/src/maildir/horton-s/all_documents/437.
200	1	data/samples/email/src/maildir/horton-s/deleted_items/329.
200	0	data/samples/email/src/maildir/horton-s/discussion_threads/243.
200	0	data/samples/email/src/maildir/horton-s/discussion_threads/246.
200	0	data/samples/email/src/maildir/horton-s/discussion_threads/257.
200	0	data/samples/email/src/maildir/horton-s/discussion_threads/285.
200	1	data/samples/email/src/maildir/horton-s/sent/45.
200	0	data/samples/email/src/maildir/horton-s/sent_items/80.
200	0	data/samples/email/src/maildir/hyatt-k/deleted_items/201.
200	1	data/samples/email/src/maildir/hyatt-k/deleted_items/470.
200	1	data/samples/email/src/maildir/hyatt-k/personal/76.
200	1	data/samples/email/src/maildir/hyatt-k/projects/29.
200	0	data/samples/email/src/maildir/hyatt-k/tw/5.
200	0	data/samples/email/src/maildir/hyvl-d/all_documents/1584.
200	1	data/samples/email/src/maildir/hyvl-d/all_documents/787.
200	1	data/samples/email/src/maildir/hyvl-d/all_documents/793.
200	1	data/samples/email/src/maildir/hyvl-d/gas/20.
200	0	data/samples/email/src/maildir/hyvl-d/gas/foster_ward/39.
200	0	data/samples/email/src/maildir/hyvl-d/notes_inbox/7.
200	1	data/samples/email/src/maildir/hyvl-d/sent/177.
200	0	data/samples/email/src/maildir/jones-t/all_documents/11796.
200	0	data/samples/email/src/maildir/jones-t/all_documents/12230.
200	1	data/samples/email/src/maildir/jones-t/all_documents/1406.
200	1	data/samples/email/src/maildir/jones-t/all_documents/2095.
200	1	data/samples/email/src/maildir/jones-t/all_documents/2124.
200	1	data/samples/email/src/maildir/jones-t/all_documents/2125.
200	0	data/samples/email/src/maildir/jones-t/all_documents/4050.
200	0	data/samples/email/src/maildir/jones-t/all_documents/426.
200	1	data/samples/email/src/maildir/jones-t/all_documents/4971.
200	1	data/samples/email/src/maildir/jones-t/inbox/402.
200	1	data/samples/email/src/maildir/jones-t/inbox/405.
200	1	data/samples/email/src/maildir/jones-t/inbox/406.
200	1	data/samples/email/src/maildir/jones-t/inbox/537.
200	0	data/samples/email/src/maildir/jones-t/notes_inbox/1798.
200	1	data/samples/email/src/maildir/jones-t/notes_inbox/215.
200	1	data/samples/email/src/maildir/jones-t/notes_inbox/2376.
200	0	data/samples/email/src/maildir/jones-t/notes_inbox/4709.
200	0	data/samples/email/src/maildir/jones-t/notes_inbox/5034.
200	1	data/samples/email/src/maildir/jones-t/notes_inbox/633.
200	1	data/samples/email/src/maildir/jones-t/notes_inbox/647.
200	1	data/samples/email/src/maildir/jones-t/sent/1289.
200	0	data/samples/email/src/maildir/jones-t/sent/419.
200	1	data/samples/email/src/maildir/jones-t/sent_items/32.
200	1	data/samples/email/src/maildir/jones-t/sent_items/64.
200	0	data/samples/email/src/maildir/kaminski-v/_sent_mail/111.
200	0	data/samples/email/src/maildir/kaminski-v/_sent_mail/112.
200	0	data/samples/email/src/maildir/kaminski-v/_sent_mail/139.
200	0	data/samples/email/src/maildir/kaminski-v/_sent_mail/1987.
200	1	data/samples/email/src/maildir/kaminski-v/_sent_mail/218.
200	0	data/samples/email/src/maildir/kaminski-v/_sent_mail/2266.
200	0	data/samples/email/src/maildir/kaminski-v/_sent_mail/238.
200	1	data/samples/email/src/maildir/kaminski-v/_sent_mail/314.
200	1	data/samples/email/src/maildir/kaminski-v/_sent_mail/3956.
200	1	data/samples/email/src/maildir/kaminski-v/_sent_mail/3978.
200	1	data/samples/email/src/maildir/kaminski-v/_sent_mail/4220.
200	1	data/samples/email/src/maildir/kaminski-v/_sent_mail/4264.
200	1	data/samples/email/src/maildir/kaminski-v/_sent_mail/4282.
200	1	data/samples/email/src/maildir/kaminski-v/_sent_mail/4353.
200	1	data/samples/email/src/maildir/kaminski-v/_sent_mail/4450.
200	1	data/samples/email/src/maildir/kaminski-v/_sent_mail/4454.
200	0	data/samples/email/src/maildir/kaminski-v/_sent_mail/4539.
200	0	data/samples/email/src/maildir/kaminski-v/_sent_mail/4802.
200	0	data/samples/email/src/maildir/kaminski-v/_sent_mail/4804.
200	0	data/samples/email/src/maildir/kaminski-v/_sent_mail/597.
200	1	data/samples/email/src/maildir/kaminski-v/_sent_mail/688.
200	0	data/samples/email/src/maildir/kaminski-v/_sent_mail/712.
200	1	data/samples/email/src/maildir/kaminski-v/_sent_mail/75.
200	1	data/samples/email/src/maildir/kaminski-v/_sent_mail/76.
200	1	data/samples/email/src/maildir/kaminski-v/_sent_mail/784.
200	1	data/samples/email/src/maildir/kaminski-v/_sent_mail/871.
200	1	data/samples/email/src/maildir/kaminski-v/all_documents/10085.
200	0	data/samples/email/src/maildir/kaminski-v/all_documents/10159.
200	1	data/samples/email/src/maildir/kaminski-v/all_documents/10331.
200	1	data/samples/email/src/maildir/kaminski-v/all_documents/10348.
200	1	data/samples/email/src/maildir/kaminski-v/all_documents/10350.
200	1	data/samples/email/src/maildir/kaminski-v/all_documents/10353.
200	1	data/samples/email/src/maildir/kaminski-v/all_documents/10359.
200	0	data/samples/email/src/maildir/kaminski-v/all_documents/10461.
200	0	data/samples/email/src/maildir/kaminski-v/all_documents/10585.
200	0	data/samples/email/src/maildir/kaminski-v/all_documents/10968.
200	1	data/samples/email/src/maildir/kaminski-v/all_documents/10978.
200	0	data/samples/email/src/maildir/kaminski-v/all_documents/11073.
200	0	data/samples/email/src/maildir/kaminski-v/all_documents/11122.
200	0	data/samples/email/src/maildir/kaminski-v/all_documents/11130.
200	0	data/samples/email/src/maildir/kaminski-v/all_documents/1329.
200	1	data/samples/email/src/maildir/kaminski-v/all_documents/1388.
200	1	data/samples/email/src/maildir/kaminski-v/all_documents/1482.
200	1	data/samples/email/src/maildir/kaminski-v/all_documents/1501.
200	1	data/samples/email/src/maildir/kaminski-v/all_documents/1502.
200	0	data/samples/email/src/maildir/kaminski-v/all_documents/1544.
200	1	data/samples/email/src/maildir/kaminski-v/all_documents/167.
200	1	data/samples/email/src/maildir/kaminski-v/all_documents/1679.
200	1	data/samples/email/src/maildir/kaminski-v/all_documents/1804.
200	1	data/samples/email/src/maildir/kaminski-v/all_documents/1851.
200	1	data/samples/email/src/maildir/kaminski-v/all_documents/1858.
200	1	data/samples/email/src/maildir/kaminski-v/all_documents/188.
200	1	data/samples/email/src/maildir/kaminski-v/all_documents/189.
200	1	data/samples/email/src/maildir/kaminski-v/all_documents/198.
200	0	data/samples/email/src/maildir/kaminski-v/all_documents/284.
200	0	data/samples/email/src/maildir/kaminski-v/all_documents/285.
200	1	data/samples/email/src/maildir/kaminski-v/all_documents/317.
200	1	data/samples/email/src/maildir/kaminski-v/all_documents/3257.
200	1	data/samples/email/src/maildir/kaminski-v/all_documents/332.
200	0	data/samples/email/src/maildir/kaminski-v/all_documents/3455.
200	0	data/samples/email/src/maildir/kaminski-v/all_documents/349.
200	0	data/samples/email/src/maildir/kaminski-v/all_documents/4309.
200	0	data/samples/email/src/maildir/kaminski-v/all_documents/4416.
200	0	data/samples/email/src/maildir/kaminski-v/all_documents/4418.
200	0	data/samples/email/src/maildir/kaminski-v/all_documents/4419.
200	0	data/samples/email/src/maildir/kaminski-v/all_documents/4931.
200	0	data/samples/email/src/maildir/kaminski-v/all_documents/5035.
200	1	data/samples/email/src/maildir/kaminski-v/all_documents/546.
200	0	data/samples/email/src/maildir/kaminski-v/all_documents/571.
200	0	data/samples/email/src/maildir/kaminski-v/all_documents/577.
200	0	data/samples/email/src/maildir/kaminski-v/all_documents/6240.
200	0	data/samples/email/src/maildir/kaminski-v/all_documents/628.
200	1	data/samples/email/src/maildir/kaminski-v/all_documents/730.
200	1	data/samples/email/src/maildir/kaminski-v/all_documents/9112.
200	1	data/samples/email/src/maildir/kaminski-v/all_documents/9161.
200	1	data/samples/email/src/maildir/kaminski-v/all_documents/921.
200	1	data/samples/email/src/maildir/kaminski-v/all_documents/9212.
200	1	data/samples/email/src/maildir/kaminski-v/all_documents/924.
200	1	data/samples/email/src/maildir/kaminski-v/all_documents/9241.
200	1	data/samples/email/src/maildir/kaminski-v/all_documents/9761.
200	0	data/samples/email/src/maildir/kaminski-v/all_documents/9768.
200	1	data/samples/email/src/maildir/kaminski-v/all_documents/9852.
200	1	data/samples/email/src/maildir/kaminski-v/all_documents/9855.
200	1	data/samples/email/src/maildir/kaminski-v/all_documents/9886.
200	0	data/samples/email/src/maildir/kaminski-v/all_documents/9993.
200	0	data/samples/email/src/maildir/kaminski-v/c/mangmt/group/management/665.
200	0	data/samples/email/src/maildir/kaminski-v/c/mangmt/group/software/management/367.
200	0	data/samples/email/src/maildir/kaminski-v/c/technote/mail/projects/480.
200	0	data/samples/email/src/maildir/kaminski-v/c/technote/mail/projects/501.
200	0	data/samples/email/src/maildir/kaminski-v/c/technote/mail/techmemos/102.
200	0	data/samples/email/src/maildir/kaminski-v/calendar/10.
200	0	data/samples/email/src/maildir/kaminski-v/cera/36.
200	0	data/samples/email/src/maildir/kaminski-v/cera/6.
200	1	data/samples/email/src/maildir/kaminski-v/conferences/16.
200	1	data/samples/email/src/maildir/kaminski-v/conferences/288.
200	1	data/samples/email/src/maildir/kaminski-v/conferences/3.
200	0	data/samples/email/src/maildir/kaminski-v/credit/16.
200	0	data/samples/email/src/maildir/kaminski-v/credit/52.
200	0	data/samples/email/src/maildir/kaminski-v/credit/53.
200	1	data/samples/email/src/maildir/kaminski-v/deleted_items/2124.
200	0	data/samples/email/src/maildir/kaminski-v/deleted_items/214.
200	1	data/samples/email/src/maildir/kaminski-v/deleted_items/2198.
200	0	data/samples/email/src/maildir/kaminski-v/deleted_items/2330.
200	0	data/samples/email/src/maildir/kaminski-v/deleted_items/252.
200	0	data/samples/email/src/maildir/kaminski-v/deleted_items/335.
200	0	data/samples/email/src/maildir/kaminski-v/deleted_items/477.
200	0	data/samples/email/src/maildir/kaminski-v/deleted_items/516.
200	0	data/samples/email/src/maildir/kaminski-v/deleted_items/530.
200	0	data/samples/email/src/maildir/kaminski-v/deleted_items/641.
200	0	data/samples/email/src/maildir/kaminski-v/deleted_items/645.
200	1	data/samples/email/src/maildir/kaminski-v/deleted_items/818.
200	0	data/samples/email/src/maildir/kaminski-v/discussion_threads/1010.
200	0	data/samples/email/src/maildir/kaminski-v/discussion_threads/1650.
200	1	data/samples/email/src/maildir/kaminski-v/discussion_threads/1778.
200	1	data/samples/email/src/maildir/kaminski-v/discussion_threads/2802.
200	1	data/samples/email/src/maildir/kaminski-v/discussion_threads/2837.
200	1	data/samples/email/src/maildir/kaminski-v/discussion_threads/2927.
200	1	data/samples/email/src/maildir/kaminski-v/discussion_threads/3067.
200	1	data/samples/email/src/maildir/kaminski-v/discussion_threads/3080.
200	1	data/samples/email/src/maildir/kaminski-v/discussion_threads/3149.
200	0	data/samples/email/src/maildir/kaminski-v/discussion_threads/3199.
200	1	data/samples/email/src/maildir/kaminski-v/discussion_threads/3545.
200	1	data/samples/email/src/maildir/kaminski-v/discussion_threads/3548.
200	1	data/samples/email/src/maildir/kaminski-v/discussion_threads/3693.
200	0	data/samples/email/src/maildir/kaminski-v/discussion_threads/3776.
200	0	data/samples/email/src/maildir/kaminski-v/discussion_threads/3821.
200	1	data/samples/email/src/maildir/kaminski-v/discussion_threads/3845.
200	1	data/samples/email/src/maildir/kaminski-v/discussion_threads/4002.
200	1	data/samples/email/src/maildir/kaminski-v/discussion_threads/4017.
200	0	data/samples/email/src/maildir/kaminski-v/discussion_threads/4037.
200	0	data/samples/email/src/maildir/kaminski-v/discussion_threads/4038.
200	1	data/samples/email/src/maildir/kaminski-v/discussion_threads/4103.
200	1	data/samples/email/src/maildir/kaminski-v/discussion_threads/4110.
200	1	data/samples/email/src/maildir/kaminski-v/discussion_threads/4111.
200	1	data/samples/email/src/maildir/kaminski-v/discussion_threads/4112.
200	0	data/samples/email/src/maildir/kaminski-v/discussion_threads/4285.
200	0	data/samples/email/src/maildir/kaminski-v/discussion_threads/4332.
200	1	data/samples/email/src/maildir/kaminski-v/discussion_threads/4398.
200	0	data/samples/email/src/maildir/kaminski-v/discussion_threads/460.
200	0	data/samples/email/src/maildir/kaminski-v/discussion_threads/4711.
200	0	data/samples/email/src/maildir/kaminski-v/discussion_threads/4818.
200	1	data/samples/email/src/maildir/kaminski-v/discussion_threads/4893.
200	1	data/samples/email/src/maildir/kaminski-v/discussion_threads/4895.
200	1	data/samples/email/src/maildir/kaminski-v/discussion_threads/4907.
200	0	data/samples/email/src/maildir/kaminski-v/discussion_threads/5026.
200	1	data/samples/email/src/maildir/kaminski-v/discussion_threads/5069.
200	0	data/samples/email/src/maildir/kaminski-v/discussion_threads/5132.
200	1	data/samples/email/src/maildir/kaminski-v/discussion_threads/5230.
200	1	data/samples/email/src/maildir/kaminski-v/discussion_threads/5233.
200	1	data/samples/email/src/maildir/kaminski-v/discussion_threads/5278.
200	0	data/samples/email/src/maildir/kaminski-v/discussion_threads/538.
200	1	data/samples/email/src/maildir/kaminski-v/discussion_threads/5627.
200	1	data/samples/email/src/maildir/kaminski-v/discussion_threads/5648.
200	1	data/samples/email/src/maildir/kaminski-v/discussion_threads/5679.
200	1	data/samples/email/src/maildir/kaminski-v/discussion_threads/5712.
200	0	data/samples/email/src/maildir/kaminski-v/discussion_threads/7782.
200	0	data/samples/email/src/maildir/kaminski-v/discussion_threads/917.
200	0	data/samples/email/src/maildir/kaminski-v/discussion_threads/918.
200	0	data/samples/email/src/maildir/kaminski-v/discussion_threads/920.
200	0	data/samples/email/src/maildir/kaminski-v/esai/4.
200	1	data/samples/email/src/maildir/kaminski-v/fasb133/1.
200	0	data/samples/email/src/maildir/kaminski-v/inbox/240.
200	0	data/samples/email/src/maildir/kaminski-v/inbox/244.
200	0	data/samples/email/src/maildir/kaminski-v/inbox/325.
200	1	data/samples/email/src/maildir/kaminski-v/inbox/471.
200	1	data/samples/email/src/maildir/kaminski-v/inbox/494.
200	0	data/samples/email/src/maildir/kaminski-v/inbox/96.
200	0	data/samples/email/src/maildir/kaminski-v/notes_inbox/184.
200	1	data/samples/email/src/maildir/kaminski-v/personal/127.
200	0	data/samples/email/src/maildir/kaminski-v/resumes/138.
200	1	data/samples/email/src/maildir/kaminski-v/resumes/27.
200	0	data/samples/email/src/maildir/kaminski-v/resumes/29.
200	1	data/samples/email/src/maildir/kaminski-v/risk/14.
200	1	data/samples/email/src/maildir/kaminski-v/risk/4.
200	0	data/samples/email/src/maildir/kaminski-v/risk/75.
200	0	data/samples/email/src/maildir/kaminski-v/risk/76.
200	0	data/samples/email/src/maildir/kaminski-v/sent/111.
200	0	data/samples/email/src/maildir/kaminski-v/sent/112.
200	0	data/samples/email/src/maildir/kaminski-v/sent/139.
200	0	data/samples/email/src/maildir/kaminski-v/sent/1986.
200	1	data/samples/email/src/maildir/kaminski-v/sent/218.
200	0	data/samples/email/src/maildir/kaminski-v/sent/2265.
200	0	data/samples/email/src/maildir/kaminski-v/sent/238.
200	1	data/samples/email/src/maildir/kaminski-v/sent/314.
200	1	data/samples/email/src/maildir/kaminski-v/sent/3955.
200	1	data/samples/email/src/maildir/kaminski-v/sent/3977.
200	1	data/samples/email/src/maildir/kaminski-v/sent/4219.
200	1	data/samples/email/src/maildir/kaminski-v/sent/4263.
200	1	data/samples/email/src/maildir/kaminski-v/sent/4281.
200	1	data/samples/email/src/maildir/kaminski-v/sent/4352.
200	1	data/samples/email/src/maildir/kaminski-v/sent/4449.
200	1	data/samples/email/src/maildir/kaminski-v/sent/4453.
200	0	data/samples/email/src/maildir/kaminski-v/sent/4538.
200	0	data/samples/email/src/maildir/kaminski-v/sent/4801.
200	0	data/samples/email/src/maildir/kaminski-v/sent/4803.
200	0	data/samples/email/src/maildir/kaminski-v/sent/597.
200	1	data/samples/email/src/maildir/kaminski-v/sent/688.
200	0	data/samples/email/src/maildir/kaminski-v/sent/712.
200	1	data/samples/email/src/maildir/kaminski-v/sent/75.
200	1	data/samples/email/src/maildir/kaminski-v/sent/76.
200	1	data/samples/email/src/maildir/kaminski-v/sent/783.
200	1	data/samples/email/src/maildir/kaminski-v/sent/870.
200	1	data/samples/email/src/maildir/kaminski-v/sent_items/1211.
200	1	data/samples/email/src/maildir/kaminski-v/sent_items/1336.
200	1	data/samples/email/src/maildir/kaminski-v/sent_items/1370.
200	1	data/samples/email/src/maildir/kaminski-v/sent_items/1375.
200	1	data/samples/email/src/maildir/kaminski-v/sent_items/1376.
200	1	data/samples/email/src/maildir/kaminski-v/sent_items/14.
200	1	data/samples/email/src/maildir/kaminski-v/sent_items/2398.
200	1	data/samples/email/src/maildir/kaminski-v/sent_items/2455.
200	0	data/samples/email/src/maildir/kaminski-v/sent_items/309.
200	0	data/samples/email/src/maildir/kaminski-v/sent_items/319.
200	0	data/samples/email/src/maildir/kaminski-v/sent_items/536.
200	1	data/samples/email/src/maildir/kaminski-v/sent_items/555.
200	0	data/samples/email/src/maildir/kaminski-v/sent_items/631.
200	0	data/samples/email/src/maildir/kaminski-v/sent_items/658.
200	0	data/samples/email/src/maildir/kaminski-v/sent_items/659.
200	1	data/samples/email/src/maildir/kaminski-v/sent_items/687.
200	1	data/samples/email/src/maildir/kaminski-v/sent_items/688.
200	0	data/samples/email/src/maildir/kaminski-v/sent_items/819.
200	0	data/samples/email/src/maildir/kaminski-v/sites/32.
200	0	data/samples/email/src/maildir/kaminski-v/sites/33.
200	0	data/samples/email/src/maildir/kaminski-v/sites/34.
200	1	data/samples/email/src/maildir/kaminski-v/uh/6.
200	1	data/samples/email/src/maildir/kaminski-v/universities/105.
200	0	data/samples/email/src/maildir/kaminski-v/universities/350.
200	1	data/samples/email/src/maildir/kaminski-v/universities/78.
200	1	data/samples/email/src/maildir/kaminski-v/universities/82.
200	1	data/samples/email/src/maildir/kaminski-v/ut/11.
200	1	data/samples/email/src/maildir/kaminski-v/ut/13.
200	1	data/samples/email/src/maildir/kaminski-v/ut/14.
200	1	data/samples/email/src/maildir/kaminski-v/ut/8.
200	1	data/samples/email/src/maildir/kaminski-v/ut/82.
200	1	data/samples/email/src/maildir/kaminski-v/ut/86.
200	1	data/samples/email/src/maildir/kaminski-v/ut/88.
200	1	data/samples/email/src/maildir/kaminski-v/ut/9.
200	1	data/samples/email/src/maildir/kaminski-v/ut/98.
200	1	data/samples/email/src/maildir/kaminski-v/ut/99.
200	1	data/samples/email/src/maildir/kean-s/all_documents/1218.
200	0	data/samples/email/src/maildir/kean-s/all_documents/1536.
200	0	data/samples/email/src/maildir/kean-s/all_documents/1559.
200	0	data/samples/email/src/maildir/kean-s/all_documents/1560.
200	0	data/samples/email/src/maildir/kean-s/all_documents/1566.
200	0	data/samples/email/src/maildir/kean-s/all_documents/1579.
200	0	data/samples/email/src/maildir/kean-s/all_documents/1609.
200	0	data/samples/email/src/maildir/kean-s/all_documents/1630.
200	0	data/samples/email/src/maildir/kean-s/all_documents/1645.
200	0	data/samples/email/src/maildir/kean-s/all_documents/1657.
200	0	data/samples/email/src/maildir/kean-s/all_documents/1668.
200	0	data/samples/email/src/maildir/kean-s/all_documents/1678.
200	0	data/samples/email/src/maildir/kean-s/all_documents/1734.
200	0	data/samples/email/src/maildir/kean-s/all_documents/1753.
200	0	data/samples/email/src/maildir/kean-s/all_documents/1770.
200	0	data/samples/email/src/maildir/kean-s/all_documents/1819.
200	0	data/samples/email/src/maildir/kean-s/all_documents/1852.
200	0	data/samples/email/src/maildir/kean-s/all_documents/1876.
200	0	data/samples/email/src/maildir/kean-s/all_documents/1907.
200	0	data/samples/email/src/maildir/kean-s/all_documents/2080.
200	0	data/samples/email/src/maildir/kean-s/all_documents/2108.
200	0	data/samples/email/src/maildir/kean-s/all_documents/2320.
200	0	data/samples/email/src/maildir/kean-s/all_documents/268.
200	0	data/samples/email/src/maildir/kean-s/all_documents/345.
200	0	data/samples/email/src/maildir/kean-s/all_documents/347.
200	0	data/samples/email/src/maildir/kean-s/all_documents/354.
200	0	data/samples/email/src/maildir/kean-s/all_documents/355.
200	0	data/samples/email/src/maildir/kean-s/all_documents/360.
200	0	data/samples/email/src/maildir/kean-s/all_documents/363.
200	0	data/samples/email/src/maildir/kean-s/all_documents/368.
200	0	data/samples/email/src/maildir/kean-s/all_documents/376.
200	0	data/samples/email/src/maildir/kean-s/all_documents/5098.
200	1	data/samples/email/src/maildir/kean-s/all_documents/535.
200	0	data/samples/email/src/maildir/kean-s/all_documents/5366.
200	0	data/samples/email/src/maildir/kean-s/all_documents/5522.
200	1	data/samples/email/src/maildir/kean-s/all_documents/5639.
200	0	data/samples/email/src/maildir/kean-s/all_documents/5666.
200	0	data/samples/email/src/maildir/kean-s/all_documents/6499.
200	0	data/samples/email/src/maildir/kean-s/all_documents/6515.
200	0	data/samples/email/src/maildir/kean-s/all_documents/658.
200	0	data/samples/email/src/maildir/kean-s/all_documents/699.
200	0	data/samples/email/src/maildir/kean-s/all_documents/8991.
200	1	data/samples/email/src/maildir/kean-s/archiving/untitled/1109.
200	0	data/samples/email/src/maildir/kean-s/archiving/untitled/1629.
200	0	data/samples/email/src/maildir/kean-s/archiving/untitled/1670.
200	1	data/samples/email/src/maildir/kean-s/archiving/untitled/1792.
200	0	data/samples/email/src/maildir/kean-s/archiving/untitled/1950.
200	0	data/samples/email/src/maildir/kean-s/archiving/untitled/1958.
200	0	data/samples/email/src/maildir/kean-s/archiving/untitled/1963.
200	0	data/samples/email/src/maildir/kean-s/archiving/untitled/1966.
200	0	data/samples/email/src/maildir/kean-s/archiving/untitled/1971.
200	0	data/samples/email/src/maildir/kean-s/archiving/untitled/1972.
200	0	data/samples/email/src/maildir/kean-s/archiving/untitled/1979.
200	0	data/samples/email/src/maildir/kean-s/archiving/untitled/1981.
200	0	data/samples/email/src/maildir/kean-s/archiving/untitled/2058.
200	0	data/samples/email/src/maildir/kean-s/archiving/untitled/219.
200	0	data/samples/email/src/maildir/kean-s/archiving/untitled/247.
200	0	data/samples/email/src/maildir/kean-s/archiving/untitled/420.
200	0	data/samples/email/src/maildir/kean-s/archiving/untitled/451.
200	0	data/samples/email/src/maildir/kean-s/archiving/untitled/475.
200	0	data/samples/email/src/maildir/kean-s/archiving/untitled/508.
200	0	data/samples/email/src/maildir/kean-s/archiving/untitled/5097.
200	0	data/samples/email/src/maildir/kean-s/archiving/untitled/5521.
200	0	data/samples/email/src/maildir/kean-s/archiving/untitled/557.
200	1	data/samples/email/src/maildir/kean-s/archiving/untitled/5638.
200	0	data/samples/email/src/maildir/kean-s/archiving/untitled/5665.
200	0	data/samples/email/src/maildir/kean-s/archiving/untitled/574.
200	0	data/samples/email/src/maildir/kean-s/archiving/untitled/593.
200	0	data/samples/email/src/maildir/kean-s/archiving/untitled/649.
200	0	data/samples/email/src/maildir/kean-s/archiving/untitled/6498.
200	0	data/samples/email/src/maildir/kean-s/archiving/untitled/6514.
200	0	data/samples/email/src/maildir/kean-s/archiving/untitled/659.
200	0	data/samples/email/src/maildir/kean-s/archiving/untitled/670.
200	0	data/samples/email/src/maildir/kean-s/archiving/untitled/682.
200	0	data/samples/email/src/maildir/kean-s/archiving/untitled/697.
200	0	data/samples/email/src/maildir/kean-s/archiving/untitled/7.
200	0	data/samples/email/src/maildir/kean-s/archiving/untitled/718.
200	0	data/samples/email/src/maildir/kean-s/archiving/untitled/748.
200	0	data/samples/email/src/maildir/kean-s/archiving/untitled/761.
200	0	data/samples/email/src/maildir/kean-s/archiving/untitled/767.
200	0	data/samples/email/src/maildir/kean-s/archiving/untitled/768.
200	0	data/samples/email/src/maildir/kean-s/archiving/untitled/791.
200	0	data/samples/email/src/maildir/kean-s/archiving/untitled/8986.
200	0	data/samples/email/src/maildir/kean-s/archiving/untitled/8991.
200	1	data/samples/email/src/maildir/kean-s/attachments/1409.
200	0	data/samples/email/src/maildir/kean-s/attachments/2.
200	0	data/samples/email/src/maildir/kean-s/attachments/214.
200	0	data/samples/email/src/maildir/kean-s/attachments/297.
200	0	data/samples/email/src/maildir/kean-s/attachments/3.
200	0	data/samples/email/src/maildir/kean-s/attachments/349.
200	0	data/samples/email/src/maildir/kean-s/attachments/378.
200	0	data/samples/email/src/maildir/kean-s/attachments/396.
200	0	data/samples/email/src/maildir/kean-s/attachments/4.
200	0	data/samples/email/src/maildir/kean-s/attachments/403.
200	0	data/samples/email/src/maildir/kean-s/attachments/409.
200	0	data/samples/email/src/maildir/kean-s/attachments/412.
200	0	data/samples/email/src/maildir/kean-s/attachments/423.
200	0	data/samples/email/src/maildir/kean-s/attachments/5.
200	0	data/samples/email/src/maildir/kean-s/attachments/508.
200	0	data/samples/email/src/maildir/kean-s/attachments/9.
200	1	data/samples/email/src/maildir/kean-s/calendar/untitled/1219.
200	0	data/samples/email/src/maildir/kean-s/calendar/untitled/12783.
200	0	data/samples/email/src/maildir/kean-s/calendar/untitled/12788.
200	0	data/samples/email/src/maildir/kean-s/calendar/untitled/1537.
200	0	data/samples/email/src/maildir/kean-s/calendar/untitled/1560.
200	0	data/samples/email/src/maildir/kean-s/calendar/untitled/1561.
200	0	data/samples/email/src/maildir/kean-s/calendar/untitled/1567.
200	0	data/samples/email/src/maildir/kean-s/calendar/untitled/1580.
200	0	data/samples/email/src/maildir/kean-s/calendar/untitled/1610.
200	0	data/samples/email/src/maildir/kean-s/calendar/untitled/1631.
200	0	data/samples/email/src/maildir/kean-s/calendar/untitled/1646.
200	0	data/samples/email/src/maildir/kean-s/calendar/untitled/1658.
200	0	data/samples/email/src/maildir/kean-s/calendar/untitled/1669.
200	0	data/samples/email/src/maildir/kean-s/calendar/untitled/1679.
200	0	data/samples/email/src/maildir/kean-s/calendar/untitled/1735.
200	0	data/samples/email/src/maildir/kean-s/calendar/untitled/1754.
200	0	data/samples/email/src/maildir/kean-s/calendar/untitled/1771.
200	0	data/samples/email/src/maildir/kean-s/calendar/untitled/1820.
200	0	data/samples/email/src/maildir/kean-s/calendar/untitled/1853.
200	0	data/samples/email/src/maildir/kean-s/calendar/untitled/1877.
200	0	data/samples/email/src/maildir/kean-s/calendar/untitled/1908.
200	0	data/samples/email/src/maildir/kean-s/calendar/untitled/2081.
200	0	data/samples/email/src/maildir/kean-s/calendar/untitled/2109.
200	0	data/samples/email/src/maildir/kean-s/calendar/untitled/2319.
200	0	data/samples/email/src/maildir/kean-s/calendar/untitled/268.
200	0	data/samples/email/src/maildir/kean-s/calendar/untitled/345.
200	0	data/samples/email/src/maildir/kean-s/calendar/untitled/347.
200	0	data/samples/email/src/maildir/kean-s/calendar/untitled/354.
200	0	data/samples/email/src/maildir/kean-s/calendar/untitled/355.
200	0	data/samples/email/src/maildir/kean-s/calendar/untitled/360.
200	0	data/samples/email/src/maildir/kean-s/calendar/untitled/363.
200	0	data/samples/email/src/maildir/kean-s/calendar/untitled/368.
200	0	data/samples/email/src/maildir/kean-s/calendar/untitled/376.
200	1	data/samples/email/src/maildir/kean-s/calendar/untitled/535.
200	0	data/samples/email/src/maildir/kean-s/calendar/untitled/658.
200	0	data/samples/email/src/maildir/kean-s/calendar/untitled/6849.
200	0	data/samples/email/src/maildir/kean-s/calendar/untitled/6865.
200	0	data/samples/email/src/maildir/kean-s/calendar/untitled/699.
200	0	data/samples/email/src/maildir/kean-s/calendar/untitled/7698.
200	1	data/samples/email/src/maildir/kean-s/calendar/untitled/7725.
200	0	data/samples/email/src/maildir/kean-s/calendar/untitled/7842.
200	0	data/samples/email/src/maildir/kean-s/calendar/untitled/8266.
200	0	data/samples/email/src/maildir/kean-s/california/132.
200	1	data/samples/email/src/maildir/kean-s/california/319.
200	0	data/samples/email/src/maildir/kean-s/cost_controls/8.
200	0	data/samples/email/src/maildir/kean-s/cuiba/1.
200	0	data/samples/email/src/maildir/kean-s/cuiba/2.
200	1	data/samples/email/src/maildir/kean-s/deleted_items/167.
200	1	data/samples/email/src/maildir/kean-s/deleted_items/170.
200	0	data/samples/email/src/maildir/kean-s/deleted_items/214.
200	1	data/samples/email/src/maildir/kean-s/deleted_items/64.
200	1	data/samples/email/src/maildir/kean-s/discussion_threads/1054.
200	0	data/samples/email/src/maildir/kean-s/discussion_threads/1310.
200	0	data/samples/email/src/maildir/kean-s/discussion_threads/1328.
200	0	data/samples/email/src/maildir/kean-s/discussion_threads/1329.
200	0	data/samples/email/src/maildir/kean-s/discussion_threads/1335.
200	0	data/samples/email/src/maildir/kean-s/discussion_threads/1345.
200	0	data/samples/email/src/maildir/kean-s/discussion_threads/1374.
200	0	data/samples/email/src/maildir/kean-s/discussion_threads/1393.
200	0	data/samples/email/src/maildir/kean-s/discussion_threads/1404.
200	0	data/samples/email/src/maildir/kean-s/discussion_threads/1413.
200	0	data/samples/email/src/maildir/kean-s/discussion_threads/1423.
200	0	data/samples/email/src/maildir/kean-s/discussion_threads/1431.
200	0	data/samples/email/src/maildir/kean-s/discussion_threads/1479.
200	0	data/samples/email/src/maildir/kean-s/discussion_threads/1497.
200	0	data/samples/email/src/maildir/kean-s/discussion_threads/1513.
200	0	data/samples/email/src/maildir/kean-s/discussion_threads/1548.
200	0	data/samples/email/src/maildir/kean-s/discussion_threads/1578.
200	0	data/samples/email/src/maildir/kean-s/discussion_threads/1600.
200	0	data/samples/email/src/maildir/kean-s/discussion_threads/1627.
200	0	data/samples/email/src/maildir/kean-s/discussion_threads/1765.
200	0	data/samples/email/src/maildir/kean-s/discussion_threads/1871.
200	0	data/samples/email/src/maildir/kean-s/discussion_threads/1884.
200	0	data/samples/email/src/maildir/kean-s/discussion_threads/2630.
200	1	data/samples/email/src/maildir/kean-s/discussion_threads/2652.
200	0	data/samples/email/src/maildir/kean-s/discussion_threads/2746.
200	0	data/samples/email/src/maildir/kean-s/discussion_threads/308.
200	0	data/samples/email/src/maildir/kean-s/discussion_threads/310.
200	0	data/samples/email/src/maildir/kean-s/discussion_threads/3108.
200	0	data/samples/email/src/maildir/kean-s/discussion_threads/316.
200	0	data/samples/email/src/maildir/kean-s/discussion_threads/317.
200	0	data/samples/email/src/maildir/kean-s/discussion_threads/321.
200	0	data/samples/email/src/maildir/kean-s/discussion_threads/324.
200	0	data/samples/email/src/maildir/kean-s/discussion_threads/329.
200	0	data/samples/email/src/maildir/kean-s/discussion_threads/336.
200	1	data/samples/email/src/maildir/kean-s/discussion_threads/484.
200	0	data/samples/email/src/maildir/kean-s/discussion_threads/594.
200	0	data/samples/email/src/maildir/kean-s/discussion_threads/7023.
200	0	data/samples/email/src/maildir/kean-s/enrononline/1.
200	0	data/samples/email/src/maildir/kean-s/enrononline/11.
200	0	data/samples/email/src/maildir/kean-s/enrononline/12.
200	0	data/samples/email/src/maildir/kean-s/enrononline/13.
200	0	data/samples/email/src/maildir/kean-s/enrononline/14.
200	0	data/samples/email/src/maildir/kean-s/enrononline/15.
200	0	data/samples/email/src/maildir/kean-s/enrononline/18.
200	0	data/samples/email/src/maildir/kean-s/enrononline/19.
200	0	data/samples/email/src/maildir/kean-s/enrononline/2.
200	0	data/samples/email/src/maildir/kean-s/enrononline/20.
200	0	data/samples/email/src/maildir/kean-s/enrononline/22.
200	0	data/samples/email/src/maildir/kean-s/enrononline/23.
200	0	data/samples/email/src/maildir/kean-s/enrononline/25.
200	0	data/samples/email/src/maildir/kean-s/enrononline/3.
200	0	data/samples/email/src/maildir/kean-s/enrononline/4.
200	0	data/samples/email/src/maildir/kean-s/enrononline/5.
200	0	data/samples/email/src/maildir/kean-s/enrononline/57.
200	0	data/samples/email/src/maildir/kean-s/enrononline/58.
200	0	data/samples/email/src/maildir/kean-s/enrononline/6.
200	0	data/samples/email/src/maildir/kean-s/enrononline/8.
200	0	data/samples/email/src/maildir/kean-s/enrononline/9.
200	1	data/samples/email/src/maildir/kean-s/federal_legislation/34.
200	0	data/samples/email/src/maildir/kean-s/humor/63.
200	0	data/samples/email/src/maildir/kean-s/korea/4.
200	0	data/samples/email/src/maildir/kean-s/notes_inbox/196.
200	0	data/samples/email/src/maildir/kean-s/notes_inbox/41.
200	0	data/samples/email/src/maildir/kean-s/personal/18.
200	0	data/samples/email/src/maildir/kean-s/pr_crisis_management/9.
200	0	data/samples/email/src/maildir/kean-s/reports/14.
200	0	data/samples/email/src/maildir/kean-s/reports/20.
200	0	data/samples/email/src/maildir/kean-s/reports/24.
200	0	data/samples/email/src/maildir/kean-s/reports/25.
200	0	data/samples/email/src/maildir/kean-s/reports/28.
200	0	data/samples/email/src/maildir/kean-s/reports/29.
200	0	data/samples/email/src/maildir/kean-s/reports/33.
200	0	data/samples/email/src/maildir/kean-s/reports/34.
200	0	data/samples/email/src/maildir/kean-s/republican_leadership/1.
200	0	data/samples/email/src/maildir/kean-s/sent/1561.
200	1	data/samples/email/src/maildir/kean-s/sent/249.
200	0	data/samples/email/src/maildir/kean-s/sent_items/131.
200	0	data/samples/email/src/maildir/kean-s/sent_items/252.
200	1	data/samples/email/src/maildir/kean-s/sent_items/299.
200	1	data/samples/email/src/maildir/kean-s/sent_items/63.
200	1	data/samples/email/src/maildir/kean-s/sent_items/94.
200	0	data/samples/email/src/maildir/kean-s/tax_issues/12.
200	0	data/samples/email/src/maildir/kean-s/tax_issues/9.
200	0	data/samples/email/src/maildir/kean-s/working_groups/19.
200	0	data/samples/email/src/maildir/keavey-p/all_documents/122.
200	0	data/samples/email/src/maildir/keavey-p/all_documents/238.
200	0	data/samples/email/src/maildir/keavey-p/all_documents/338.
200	0	data/samples/email/src/maildir/keavey-p/all_documents/49.
200	0	data/samples/email/src/maildir/keavey-p/discussion_threads/146.
200	0	data/samples/email/src/maildir/keavey-p/discussion_threads/308.
200	0	data/samples/email/src/maildir/keavey-p/discussion_threads/408.
200	0	data/samples/email/src/maildir/keavey-p/discussion_threads/74.
200	0	data/samples/email/src/maildir/keavey-p/inbox/119.
200	0	data/samples/email/src/maildir/keavey-p/inbox/23.
200	0	data/samples/email/src/maildir/keavey-p/inbox/347.
200	0	data/samples/email/src/maildir/keavey-p/inbox/370.
200	0	data/samples/email/src/maildir/keavey-p/inbox/398.
200	0	data/samples/email/src/maildir/keavey-p/notes_inbox/117.
200	0	data/samples/email/src/maildir/keavey-p/notes_inbox/173.
200	0	data/samples/email/src/maildir/keavey-p/notes_inbox/47.
200	0	data/samples/email/src/maildir/keiser-k/sent_items/327.
200	0	data/samples/email/src/maildir/kitchen-l/_americas/bridgeline/4.
200	0	data/samples/email/src/maildir/kitchen-l/_americas/east_power/134.
200	0	data/samples/email/src/maildir/kitchen-l/_americas/east_power/98.
200	0	data/samples/email/src/maildir/kitchen-l/_americas/esvl/240.
200	0	data/samples/email/src/maildir/kitchen-l/_americas/esvl/428.
200	0	data/samples/email/src/maildir/kitchen-l/_americas/hr/158.
200	1	data/samples/email/src/maildir/kitchen-l/_americas/hr/228.
200	0	data/samples/email/src/maildir/kitchen-l/_americas/mrha/4.
200	0	data/samples/email/src/maildir/kitchen-l/_americas/mrha/5.
200	0	data/samples/email/src/maildir/kitchen-l/_americas/mrha/6.
200	0	data/samples/email/src/maildir/kitchen-l/_americas/mrha/ooc/116.
200	0	data/samples/email/src/maildir/kitchen-l/_americas/mrha/ooc/123.
200	0	data/samples/email/src/maildir/kitchen-l/_americas/netco_eol/21.
200	0	data/samples/email/src/maildir/kitchen-l/_americas/ooc/92.
200	0	data/samples/email/src/maildir/kitchen-l/_americas/ooc/99.
200	0	data/samples/email/src/maildir/kitchen-l/_americas/portland/176.
200	0	data/samples/email/src/maildir/kitchen-l/_americas/regulatory/238.
200	0	data/samples/email/src/maildir/kitchen-l/_americas/sec_media/9.
200	0	data/samples/email/src/maildir/kitchen-l/deleted_items/104.
200	1	data/samples/email/src/maildir/kuykendall-t/_sent_mail/140.
200	1	data/samples/email/src/maildir/kuykendall-t/all_documents/177.
200	0	data/samples/email/src/maildir/kuykendall-t/deleted_items/165.
200	0	data/samples/email/src/maildir/kuykendall-t/deleted_items/91.
200	1	data/samples/email/src/maildir/kuykendall-t/sent/140.
200	0	data/samples/email/src/maildir/kuykendall-t/sent_items/92.
200	0	data/samples/email/src/maildir/lavorato-j/_sent_mail/24.
200	0	data/samples/email/src/maildir/lavorato-j/all_documents/268.
200	0	data/samples/email/src/maildir/lavorato-j/all_documents/636.
200	0	data/samples/email/src/maildir/lavorato-j/california/8.
200	0	data/samples/email/src/maildir/lavorato-j/deleted_items/113.
200	0	data/samples/email/src/maildir/lavorato-j/deleted_items/132.
200	0	data/samples/email/src/maildir/lavorato-j/deleted_items/254.
200	0	data/samples/email/src/maildir/lavorato-j/deleted_items/318.
200	0	data/samples/email/src/maildir/lavorato-j/deleted_items/590.
200	0	data/samples/email/src/maildir/lavorato-j/deleted_items/621.
200	0	data/samples/email/src/maildir/lavorato-j/discussion_threads/204.
200	1	data/samples/email/src/maildir/lavorato-j/offsite/5.
200	0	data/samples/email/src/maildir/lavorato-j/old_inbox/107.
200	0	data/samples/email/src/maildir/lavorato-j/powereast/4.
200	0	data/samples/email/src/maildir/lavorato-j/sent/515.
200	0	data/samples/email/src/maildir/lavorato-j/sent_items/212.
200	1	data/samples/email/src/maildir/lay-k/_sent/164.
200	1	data/samples/email/src/maildir/lay-k/_sent/214.
200	0	data/samples/email/src/maildir/lay-k/_sent/261.
200	1	data/samples/email/src/maildir/lay-k/_sent/57.
200	0	data/samples/email/src/maildir/lay-k/all_documents/1008.
200	0	data/samples/email/src/maildir/lay-k/all_documents/1020.
200	0	data/samples/email/src/maildir/lay-k/all_documents/1035.
200	1	data/samples/email/src/maildir/lay-k/all_documents/1079.
200	1	data/samples/email/src/maildir/lay-k/all_documents/108.
200	0	data/samples/email/src/maildir/lay-k/all_documents/1128.
200	1	data/samples/email/src/maildir/lay-k/all_documents/240.
200	1	data/samples/email/src/maildir/lay-k/all_documents/631.
200	0	data/samples/email/src/maildir/lay-k/all_documents/711.
200	0	data/samples/email/src/maildir/lay-k/all_documents/720.
200	0	data/samples/email/src/maildir/lay-k/all_documents/734.
200	0	data/samples/email/src/maildir/lay-k/all_documents/755.
200	0	data/samples/email/src/maildir/lay-k/all_documents/762.
200	0	data/samples/email/src/maildir/lay-k/all_documents/772.
200	0	data/samples/email/src/maildir/lay-k/all_documents/787.
200	0	data/samples/email/src/maildir/lay-k/all_documents/798.
200	0	data/samples/email/src/maildir/lay-k/all_documents/811.
200	0	data/samples/email/src/maildir/lay-k/all_documents/818.
200	0	data/samples/email/src/maildir/lay-k/all_documents/836.
200	0	data/samples/email/src/maildir/lay-k/all_documents/849.
200	0	data/samples/email/src/maildir/lay-k/all_documents/855.
200	0	data/samples/email/src/maildir/lay-k/all_documents/873.
200	0	data/samples/email/src/maildir/lay-k/all_documents/879.
200	0	data/samples/email/src/maildir/lay-k/all_documents/886.
200	0	data/samples/email/src/maildir/lay-k/all_documents/901.
200	1	data/samples/email/src/maildir/lay-k/all_documents/909.
200	0	data/samples/email/src/maildir/lay-k/all_documents/913.
200	0	data/samples/email/src/maildir/lay-k/all_documents/930.
200	0	data/samples/email/src/maildir/lay-k/all_documents/946.
200	0	data/samples/email/src/maildir/lay-k/all_documents/959.
200	0	data/samples/email/src/maildir/lay-k/all_documents/971.
200	0	data/samples/email/src/maildir/lay-k/all_documents/990.
200	1	data/samples/email/src/maildir/lay-k/discussion_threads/155.
200	1	data/samples/email/src/maildir/lay-k/discussion_threads/495.
200	0	data/samples/email/src/maildir/lay-k/discussion_threads/573.
200	0	data/samples/email/src/maildir/lay-k/discussion_threads/581.
200	0	data/samples/email/src/maildir/lay-k/discussion_threads/596.
200	0	data/samples/email/src/maildir/lay-k/discussion_threads/615.
200	0	data/samples/email/src/maildir/lay-k/discussion_threads/622.
200	0	data/samples/email/src/maildir/lay-k/discussion_threads/632.
200	0	data/samples/email/src/maildir/lay-k/discussion_threads/647.
200	0	data/samples/email/src/maildir/lay-k/discussion_threads/659.
200	0	data/samples/email/src/maildir/lay-k/discussion_threads/671.
200	0	data/samples/email/src/maildir/lay-k/discussion_threads/678.
200	0	data/samples/email/src/maildir/lay-k/discussion_threads/698.
200	0	data/samples/email/src/maildir/lay-k/discussion_threads/711.
200	0	data/samples/email/src/maildir/lay-k/discussion_threads/717.
200	0	data/samples/email/src/maildir/lay-k/discussion_threads/735.
200	0	data/samples/email/src/maildir/lay-k/discussion_threads/739.
200	0	data/samples/email/src/maildir/lay-k/discussion_threads/746.
200	0	data/samples/email/src/maildir/lay-k/discussion_threads/760.
200	1	data/samples/email/src/maildir/lay-k/discussion_threads/768.
200	0	data/samples/email/src/maildir/lay-k/discussion_threads/772.
200	0	data/samples/email/src/maildir/lay-k/discussion_threads/792.
200	0	data/samples/email/src/maildir/lay-k/discussion_threads/809.
200	0	data/samples/email/src/maildir/lay-k/discussion_threads/820.
200	0	data/samples/email/src/maildir/lay-k/discussion_threads/832.
200	0	data/samples/email/src/maildir/lay-k/discussion_threads/853.
200	0	data/samples/email/src/maildir/lay-k/discussion_threads/865.
200	0	data/samples/email/src/maildir/lay-k/discussion_threads/877.
200	0	data/samples/email/src/maildir/lay-k/discussion_threads/893.
200	1	data/samples/email/src/maildir/lay-k/inbox/1840.
200	0	data/samples/email/src/maildir/lay-k/inbox/26.
200	1	data/samples/email/src/maildir/lay-k/inbox/28.
200	1	data/samples/email/src/maildir/lay-k/inbox/301.
200	1	data/samples/email/src/maildir/lay-k/inbox/728.
200	1	data/samples/email/src/maildir/lay-k/inbox/948.
200	1	data/samples/email/src/maildir/lay-k/notes_inbox/420.
200	0	data/samples/email/src/maildir/lay-k/notes_inbox/494.
200	0	data/samples/email/src/maildir/lay-k/notes_inbox/503.
200	0	data/samples/email/src/maildir/lay-k/notes_inbox/517.
200	0	data/samples/email/src/maildir/lay-k/notes_inbox/536.
200	0	data/samples/email/src/maildir/lay-k/notes_inbox/542.
200	0	data/samples/email/src/maildir/lay-k/notes_inbox/552.
200	0	data/samples/email/src/maildir/lay-k/notes_inbox/566.
200	1	data/samples/email/src/maildir/lay-k/notes_inbox/57.
200	0	data/samples/email/src/maildir/lay-k/notes_inbox/576.
200	0	data/samples/email/src/maildir/lay-k/notes_inbox/588.
200	0	data/samples/email/src/maildir/lay-k/notes_inbox/595.
200	0	data/samples/email/src/maildir/lay-k/notes_inbox/613.
200	0	data/samples/email/src/maildir/lay-k/notes_inbox/626.
200	0	data/samples/email/src/maildir/lay-k/notes_inbox/632.
200	0	data/samples/email/src/maildir/lay-k/notes_inbox/646.
200	0	data/samples/email/src/maildir/lay-k/notes_inbox/650.
200	0	data/samples/email/src/maildir/lay-k/notes_inbox/657.
200	0	data/samples/email/src/maildir/lay-k/notes_inbox/671.
200	0	data/samples/email/src/maildir/lay-k/notes_inbox/682.
200	0	data/samples/email/src/maildir/lay-k/notes_inbox/699.
200	0	data/samples/email/src/maildir/lay-k/notes_inbox/713.
200	0	data/samples/email/src/maildir/lay-k/notes_inbox/725.
200	0	data/samples/email/src/maildir/lay-k/notes_inbox/737.
200	0	data/samples/email/src/maildir/lay-k/notes_inbox/756.
200	0	data/samples/email/src/maildir/lay-k/notes_inbox/769.
200	0	data/samples/email/src/maildir/lay-k/notes_inbox/781.
200	0	data/samples/email/src/maildir/lay-k/notes_inbox/796.
200	1	data/samples/email/src/maildir/lay-k/sent/10.
200	1	data/samples/email/src/maildir/lay-k/sent/118.
200	0	data/samples/email/src/maildir/lay-k/sent/181.
200	1	data/samples/email/src/maildir/lay-k/sent/228.
200	0	data/samples/email/src/maildir/lenhart-m/deleted_items/22.
200	0	data/samples/email/src/maildir/lenhart-m/deleted_items/246.
200	0	data/samples/email/src/maildir/lenhart-m/deleted_items/371.
200	0	data/samples/email/src/maildir/lenhart-m/deleted_items/452.
200	0	data/samples/email/src/maildir/lenhart-m/deleted_items/455.
200	0	data/samples/email/src/maildir/lenhart-m/deleted_items/460.
200	0	data/samples/email/src/maildir/lewis-a/all_documents/75.
200	1	data/samples/email/src/maildir/lewis-a/deleted_items/1099.
200	1	data/samples/email/src/maildir/lewis-a/deleted_items/1231.
200	0	data/samples/email/src/maildir/lewis-a/deleted_items/1338.
200	0	data/samples/email/src/maildir/lewis-a/deleted_items/1360.
200	1	data/samples/email/src/maildir/lewis-a/deleted_items/1401.
200	0	data/samples/email/src/maildir/lewis-a/deleted_items/20.
200	1	data/samples/email/src/maildir/lewis-a/deleted_items/554.
200	0	data/samples/email/src/maildir/lewis-a/deleted_items/597.
200	0	data/samples/email/src/maildir/lewis-a/deleted_items/674.
200	0	data/samples/email/src/maildir/lewis-a/deleted_items/792.
200	0	data/samples/email/src/maildir/lewis-a/deleted_items/909.
200	0	data/samples/email/src/maildir/lewis-a/deleted_items/911.
200	0	data/samples/email/src/maildir/lewis-a/discussion_threads/95.
200	0	data/samples/email/src/maildir/lewis-a/inbox/137.
200	0	data/samples/email/src/maildir/lewis-a/inbox/67.
200	0	data/samples/email/src/maildir/lewis-a/notes_inbox/67.
200	0	data/samples/email/src/maildir/lokay-m/all_documents/517.
200	0	data/samples/email/src/maildir/lokay-m/corporate/120.
200	1	data/samples/email/src/maildir/lokay-m/deleted_items/266.
200	0	data/samples/email/src/maildir/lokay-m/discussion_threads/486.
200	1	data/samples/email/src/maildir/lokay-m/inbox/51.
200	1	data/samples/email/src/maildir/lokay-m/systems/159.
200	1	data/samples/email/src/maildir/lokay-m/tw_commercial_group/1021.
200	1	data/samples/email/src/maildir/lokey-t/inbox/223.
200	0	data/samples/email/src/maildir/lokey-t/inbox/585.
200	0	data/samples/email/src/maildir/lokey-t/inbox/898.
200	0	data/samples/email/src/maildir/love-p/_sent_mail/308.
200	0	data/samples/email/src/maildir/love-p/_sent_mail/618.
200	0	data/samples/email/src/maildir/love-p/all_documents/392.
200	0	data/samples/email/src/maildir/love-p/all_documents/792.
200	1	data/samples/email/src/maildir/love-p/central/71.
200	0	data/samples/email/src/maildir/love-p/deleted_items/459.
200	0	data/samples/email/src/maildir/love-p/discussion_threads/107.
200	0	data/samples/email/src/maildir/love-p/discussion_threads/429.
200	0	data/samples/email/src/maildir/love-p/east_desk/15.
200	1	data/samples/email/src/maildir/love-p/personal/38.
200	0	data/samples/email/src/maildir/love-p/sent/308.
200	0	data/samples/email/src/maildir/love-p/sent/618.
200	1	data/samples/email/src/maildir/lucci-p/deleted_items/246.
200	0	data/samples/email/src/maildir/lucci-p/deleted_items/370.
200	0	data/samples/email/src/maildir/lucci-p/deleted_items/633.
200	0	data/samples/email/src/maildir/maggi-m/deleted_items/689.
200	0	data/samples/email/src/maildir/mann-k/_sent_mail/1413.
200	0	data/samples/email/src/maildir/mann-k/_sent_mail/30.
200	0	data/samples/email/src/maildir/mann-k/_sent_mail/3174.
200	0	data/samples/email/src/maildir/mann-k/_sent_mail/451.
200	0	data/samples/email/src/maildir/mann-k/_sent_mail/454.
200	0	data/samples/email/src/maildir/mann-k/all_documents/1447.
200	0	data/samples/email/src/maildir/mann-k/all_documents/1448.
200	0	data/samples/email/src/maildir/mann-k/all_documents/216.
200	0	data/samples/email/src/maildir/mann-k/all_documents/2207.
200	0	data/samples/email/src/maildir/mann-k/all_documents/2270.
200	1	data/samples/email/src/maildir/mann-k/all_documents/3105.
200	0	data/samples/email/src/maildir/mann-k/all_documents/3731.
200	0	data/samples/email/src/maildir/mann-k/all_documents/3921.
200	0	data/samples/email/src/maildir/mann-k/all_documents/4385.
200	0	data/samples/email/src/maildir/mann-k/all_documents/5362.
200	0	data/samples/email/src/maildir/mann-k/all_documents/5375.
200	0	data/samples/email/src/maildir/mann-k/all_documents/5382.
200	1	data/samples/email/src/maildir/mann-k/all_documents/542.
200	0	data/samples/email/src/maildir/mann-k/all_documents/5625.
200	0	data/samples/email/src/maildir/mann-k/all_documents/5745.
200	0	data/samples/email/src/maildir/mann-k/all_documents/5749.
200	0	data/samples/email/src/maildir/mann-k/all_documents/5757.
200	0	data/samples/email/src/maildir/mann-k/all_documents/5759.
200	0	data/samples/email/src/maildir/mann-k/all_documents/5849.
200	0	data/samples/email/src/maildir/mann-k/all_documents/6296.
200	0	data/samples/email/src/maildir/mann-k/all_documents/6555.
200	0	data/samples/email/src/maildir/mann-k/all_documents/6571.
200	0	data/samples/email/src/maildir/mann-k/all_documents/6663.
200	0	data/samples/email/src/maildir/mann-k/discussion_threads/1018.
200	0	data/samples/email/src/maildir/mann-k/discussion_threads/1019.
200	0	data/samples/email/src/maildir/mann-k/discussion_threads/1536.
200	0	data/samples/email/src/maildir/mann-k/discussion_threads/156.
200	0	data/samples/email/src/maildir/mann-k/discussion_threads/1588.
200	1	data/samples/email/src/maildir/mann-k/discussion_threads/2208.
200	0	data/samples/email/src/maildir/mann-k/discussion_threads/2607.
200	0	data/samples/email/src/maildir/mann-k/discussion_threads/3052.
200	1	data/samples/email/src/maildir/mann-k/discussion_threads/366.
200	0	data/samples/email/src/maildir/mann-k/discussion_threads/3781.
200	0	data/samples/email/src/maildir/mann-k/discussion_threads/3799.
200	0	data/samples/email/src/maildir/mann-k/discussion_threads/4013.
200	0	data/samples/email/src/maildir/mann-k/discussion_threads/4101.
200	0	data/samples/email/src/maildir/mann-k/discussion_threads/4102.
200	0	data/samples/email/src/maildir/mann-k/discussion_threads/4106.
200	0	data/samples/email/src/maildir/mann-k/discussion_threads/4112.
200	0	data/samples/email/src/maildir/mann-k/discussion_threads/4131.
200	0	data/samples/email/src/maildir/mann-k/discussion_threads/4612.
200	0	data/samples/email/src/maildir/mann-k/discussion_threads/4858.
200	0	data/samples/email/src/maildir/mann-k/discussion_threads/4965.
200	0	data/samples/email/src/maildir/mann-k/ge_general/5.
200	0	data/samples/email/src/maildir/mann-k/ge_general/91.
200	0	data/samples/email/src/maildir/mann-k/ge_general/95.
200	0	data/samples/email/src/maildir/mann-k/general_stuff/127.
200	0	data/samples/email/src/maildir/mann-k/general_stuff/37.
200	1	data/samples/email/src/maildir/mann-k/general_stuff/7.
200	0	data/samples/email/src/maildir/mann-k/inbox/141.
200	0	data/samples/email/src/maildir/mann-k/lm6000/149.
200	0	data/samples/email/src/maildir/mann-k/notes_inbox/15.
200	0	data/samples/email/src/maildir/mann-k/notes_inbox/228.
200	0	data/samples/email/src/maildir/mann-k/notes_inbox/438.
200	0	data/samples/email/src/maildir/mann-k/notes_inbox/491.
200	0	data/samples/email/src/maildir/mann-k/notes_inbox/495.
200	0	data/samples/email/src/maildir/mann-k/notes_inbox/550.
200	0	data/samples/email/src/maildir/mann-k/sent/1116.
200	0	data/samples/email/src/maildir/mann-k/sent/176.
200	0	data/samples/email/src/maildir/mann-k/sent/2986.
200	0	data/samples/email/src/maildir/mann-k/sent/3978.
200	0	data/samples/email/src/maildir/mann-k/sent/3981.
200	0	data/samples/email/src/maildir/mann-k/sent/4421.
200	0	data/samples/email/src/maildir/mann-k/sent_items/160.
200	0	data/samples/email/src/maildir/mann-k/westinghouse/43.
200	0	data/samples/email/src/maildir/mann-k/westinghouse/48.
200	0	data/samples/email/src/maildir/mann-k/yazoo_city/120.
200	0	data/samples/email/src/maildir/mann-k/yazoo_city/290.
200	0	data/samples/email/src/maildir/martin-t/deleted_items/114.
200	1	data/samples/email/src/maildir/martin-t/deleted_items/3.
200	0	data/samples/email/src/maildir/martin-t/deleted_items/91.
200	1	data/samples/email/src/maildir/martin-t/inbox/10.
200	0	data/samples/email/src/maildir/martin-t/inbox/199.
200	0	data/samples/email/src/maildir/may-l/inbox/109.
200	0	data/samples/email/src/maildir/may-l/inbox/220.
200	0	data/samples/email/src/maildir/may-l/inbox/617.
200	0	data/samples/email/src/maildir/may-l/inbox/708.
200	1	data/samples/email/src/maildir/may-l/inbox/970.
200	0	data/samples/email/src/maildir/may-l/sent_items/7.
200	1	data/samples/email/src/maildir/mccarty-d/deleted_items/340.
200	1	data/samples/email/src/maildir/mccarty-d/deleted_items/99.
200	1	data/samples/email/src/maildir/mcconnell-m/_sent_mail/158.
200	1	data/samples/email/src/maildir/mcconnell-m/_sent_mail/160.
200	1	data/samples/email/src/maildir/mcconnell-m/_sent_mail/161.
200	0	data/samples/email/src/maildir/mcconnell-m/_sent_mail/386.
200	0	data/samples/email/src/maildir/mcconnell-m/all_documents/171.
200	1	data/samples/email/src/maildir/mcconnell-m/all_documents/299.
200	1	data/samples/email/src/maildir/mcconnell-m/all_documents/301.
200	1	data/samples/email/src/maildir/mcconnell-m/all_documents/302.
200	0	data/samples/email/src/maildir/mcconnell-m/all_documents/326.
200	0	data/samples/email/src/maildir/mcconnell-m/all_documents/604.
200	0	data/samples/email/src/maildir/mcconnell-m/all_documents/701.
200	0	data/samples/email/src/maildir/mcconnell-m/all_documents/99.
200	0	data/samples/email/src/maildir/mcconnell-m/art/7.
200	1	data/samples/email/src/maildir/mcconnell-m/deleted_items/94.
200	0	data/samples/email/src/maildir/mcconnell-m/discussion_threads/231.
200	0	data/samples/email/src/maildir/mcconnell-m/discussion_threads/232.
200	0	data/samples/email/src/maildir/mcconnell-m/discussion_threads/468.
200	1	data/samples/email/src/maildir/mcconnell-m/discussion_threads/477.
200	1	data/samples/email/src/maildir/mcconnell-m/discussion_threads/478.
200	0	data/samples/email/src/maildir/mcconnell-m/discussion_threads/550.
200	0	data/samples/email/src/maildir/mcconnell-m/discussion_threads/608.
200	1	data/samples/email/src/maildir/mcconnell-m/inbox/135.
200	0	data/samples/email/src/maildir/mcconnell-m/insurance_risk/3.
200	1	data/samples/email/src/maildir/mcconnell-m/misc/47.
200	1	data/samples/email/src/maildir/mcconnell-m/misc/8.
200	0	data/samples/email/src/maildir/mcconnell-m/notes_inbox/76.
200	0	data/samples/email/src/maildir/mcconnell-m/org__announc_/2.
200	1	data/samples/email/src/maildir/mcconnell-m/sent/159.
200	1	data/samples/email/src/maildir/mcconnell-m/sent/161.
200	1	data/samples/email/src/maildir/mcconnell-m/sent/162.
200	0	data/samples/email/src/maildir/mcconnell-m/sent/387.
200	1	data/samples/email/src/maildir/mcconnell-m/tw_accounts/us_gypsum/1.
200	1	data/samples/email/src/maildir/mcconnell-m/tw_accounts/us_gypsum/2.
200	1	data/samples/email/src/maildir/mcconnell-m/tw_accounts/us_gypsum/3.
200	1	data/samples/email/src/maildir/mcconnell-m/tw_accounts/us_gypsum/4.
200	0	data/samples/email/src/maildir/mckay-b/deleted_items/42.
200	0	data/samples/email/src/maildir/mckay-b/deleted_items/50.
200	0	data/samples/email/src/maildir/mckay-b/deleted_items/71.
200	1	data/samples/email/src/maildir/mclaughlin-e/_sent_mail/184.
200	1	data/samples/email/src/maildir/mclaughlin-e/all_documents/110.
200	1	data/samples/email/src/maildir/mclaughlin-e/all_documents/548.
200	1	data/samples/email/src/maildir/mclaughlin-e/all_documents/72.
200	0	data/samples/email/src/maildir/mclaughlin-e/deleted_items/331.
200	1	data/samples/email/src/maildir/mclaughlin-e/discussion_threads/104.
200	1	data/samples/email/src/maildir/mclaughlin-e/discussion_threads/450.
200	1	data/samples/email/src/maildir/mclaughlin-e/discussion_threads/70.
200	0	data/samples/email/src/maildir/mclaughlin-e/inbox/167.
200	0	data/samples/email/src/maildir/mclaughlin-e/private_folders/corp_info_announcements/86.
200	1	data/samples/email/src/maildir/mclaughlin-e/private_folders/personal_stuff/10.
200	1	data/samples/email/src/maildir/mclaughlin-e/private_folders/personal_stuff/23.
200	1	data/samples/email/src/maildir/mclaughlin-e/sent/107.
200	0	data/samples/email/src/maildir/meyers-a/deleted_items/1040.
200	0	data/samples/email/src/maildir/mims-thurston-p/deleted_items/174.
200	0	data/samples/email/src/maildir/mims-thurston-p/deleted_items/181.
200	0	data/samples/email/src/maildir/mims-thurston-p/deleted_items/334.
200	0	data/samples/email/src/maildir/mims-thurston-p/deleted_items/394.
200	1	data/samples/email/src/maildir/mims-thurston-p/deleted_items/513.
200	1	data/samples/email/src/maildir/mims-thurston-p/deleted_items/515.
200	1	data/samples/email/src/maildir/mims-thurston-p/deleted_items/516.
200	1	data/samples/email/src/maildir/mims-thurston-p/deleted_items/517.
200	0	data/samples/email/src/maildir/mims-thurston-p/deleted_items/604.
200	0	data/samples/email/src/maildir/mims-thurston-p/inbox/98.
200	1	data/samples/email/src/maildir/mims-thurston-p/sent_items/117.
200	1	data/samples/email/src/maildir/mims-thurston-p/sent_items/118.
200	1	data/samples/email/src/maildir/mims-thurston-p/sent_items/140.
200	0	data/samples/email/src/maildir/motley-m/inbox/31.
200	0	data/samples/email/src/maildir/neal-s/all_documents/39.
200	0	data/samples/email/src/maildir/neal-s/deleted_items/156.
200	0	data/samples/email/src/maildir/neal-s/deleted_items/357.
200	0	data/samples/email/src/maildir/neal-s/deleted_items/635.
200	0	data/samples/email/src/maildir/neal-s/discussion_threads/397.
200	0	data/samples/email/src/maildir/neal-s/inbox/31.
200	0	data/samples/email/src/maildir/neal-s/notes_inbox/39.
200	0	data/samples/email/src/maildir/nemec-g/all_documents/1038.
200	0	data/samples/email/src/maildir/nemec-g/all_documents/1128.
200	0	data/samples/email/src/maildir/nemec-g/all_documents/1530.
200	1	data/samples/email/src/maildir/nemec-g/all_documents/1548.
200	0	data/samples/email/src/maildir/nemec-g/all_documents/358.
200	0	data/samples/email/src/maildir/nemec-g/all_documents/5119.
200	0	data/samples/email/src/maildir/nemec-g/all_documents/6179.
200	0	data/samples/email/src/maildir/nemec-g/all_documents/6404.
200	0	data/samples/email/src/maildir/nemec-g/inbox/1448.
200	0	data/samples/email/src/maildir/nemec-g/inbox/1741.
200	1	data/samples/email/src/maildir/nemec-g/inbox/1747.
200	1	data/samples/email/src/maildir/nemec-g/inbox/239.
200	1	data/samples/email/src/maildir/nemec-g/inbox/955.
200	0	data/samples/email/src/maildir/nemec-g/notes_inbox/1193.
200	0	data/samples/email/src/maildir/nemec-g/notes_inbox/1345.
200	0	data/samples/email/src/maildir/nemec-g/notes_inbox/2088.
200	0	data/samples/email/src/maildir/nemec-g/notes_inbox/306.
200	0	data/samples/email/src/maildir/nemec-g/notes_inbox/365.
200	0	data/samples/email/src/maildir/nemec-g/notes_inbox/682.
200	1	data/samples/email/src/maildir/nemec-g/notes_inbox/695.
200	0	data/samples/email/src/maildir/nemec-g/sent/351.
200	0	data/samples/email/src/maildir/nemec-g/sent_items/129.
200	0	data/samples/email/src/maildir/nemec-g/sent_items/80.
200	0	data/samples/email/src/maildir/parks-j/deleted_items/1004.
200	1	data/samples/email/src/maildir/parks-j/deleted_items/643.
200	0	data/samples/email/src/maildir/parks-j/deleted_items/995.
200	1	data/samples/email/src/maildir/parks-j/inbox/231.
200	1	data/samples/email/src/maildir/parks-j/inbox/232.
200	1	data/samples/email/src/maildir/parks-j/sent_items/336.
200	1	data/samples/email/src/maildir/perlingiere-d/all_documents/1065.
200	1	data/samples/email/src/maildir/perlingiere-d/all_documents/115.
200	1	data/samples/email/src/maildir/perlingiere-d/all_documents/2221.
200	1	data/samples/email/src/maildir/perlingiere-d/sent/110.
200	1	data/samples/email/src/maildir/perlingiere-d/sent/2090.
200	0	data/samples/email/src/maildir/perlingiere-d/sent_items/555.
200	0	data/samples/email/src/maildir/perlingiere-d/sent_items/605.
200	1	data/samples/email/src/maildir/perlingiere-d/sent_items/674.
200	1	data/samples/email/src/maildir/perlingiere-d/sent_items/676.
200	0	data/samples/email/src/maildir/presto-k/deleted_items/107.
200	0	data/samples/email/src/maildir/presto-k/deleted_items/23.
200	0	data/samples/email/src/maildir/presto-k/deleted_items/287.
200	0	data/samples/email/src/maildir/presto-k/deleted_items/296.
200	0	data/samples/email/src/maildir/presto-k/deleted_items/312.
200	0	data/samples/email/src/maildir/presto-k/deleted_items/330.
200	0	data/samples/email/src/maildir/presto-k/deleted_items/355.
200	0	data/samples/email/src/maildir/presto-k/deleted_items/413.
200	0	data/samples/email/src/maildir/presto-k/deleted_items/454.
200	0	data/samples/email/src/maildir/presto-k/sent_items/1016.
200	0	data/samples/email/src/maildir/presto-k/sent_items/281.
200	0	data/samples/email/src/maildir/presto-k/sent_items/283.
200	0	data/samples/email/src/maildir/presto-k/sent_items/965.
200	0	data/samples/email/src/maildir/quigley-d/_exchange/17.
200	0	data/samples/email/src/maildir/quigley-d/_exchange_info/77.
200	0	data/samples/email/src/maildir/quigley-d/deleted_items/375.
200	0	data/samples/email/src/maildir/quigley-d/private_folders/kq___dq/8.
200	0	data/samples/email/src/maildir/quigley-d/sent_items/285.
200	0	data/samples/email/src/maildir/quigley-d/sent_items/356.
200	0	data/samples/email/src/maildir/rapp-b/deleted_items/109.
200	0	data/samples/email/src/maildir/reitmeyer-j/inbox/106.
200	0	data/samples/email/src/maildir/ring-a/all_documents/8.
200	0	data/samples/email/src/maildir/ring-a/deleted_items/92.
200	0	data/samples/email/src/maildir/ring-a/discussion_threads/96.
200	0	data/samples/email/src/maildir/ring-a/notes_inbox/4.
200	0	data/samples/email/src/maildir/ring-r/deleted_items/217.
200	0	data/samples/email/src/maildir/ring-r/deleted_items/232.
200	1	data/samples/email/src/maildir/ring-r/eesirenewableenergy/233.
200	1	data/samples/email/src/maildir/ring-r/eesirenewableenergy/236.
200	0	data/samples/email/src/maildir/ring-r/personalfolder/69.
200	0	data/samples/email/src/maildir/rodrique-r/_sent_mail/352.
200	0	data/samples/email/src/maildir/rodrique-r/_sent_mail/491.
200	0	data/samples/email/src/maildir/rodrique-r/_sent_mail/591.
200	0	data/samples/email/src/maildir/rodrique-r/all_documents/364.
200	0	data/samples/email/src/maildir/rodrique-r/all_documents/506.
200	0	data/samples/email/src/maildir/rodrique-r/all_documents/615.
200	0	data/samples/email/src/maildir/rodrique-r/discussion_threads/146.
200	0	data/samples/email/src/maildir/rodrique-r/discussion_threads/196.
200	0	data/samples/email/src/maildir/rodrique-r/discussion_threads/257.
200	0	data/samples/email/src/maildir/rodrique-r/sent/352.
200	0	data/samples/email/src/maildir/rodrique-r/sent/491.
200	0	data/samples/email/src/maildir/rodrique-r/sent/591.
200	0	data/samples/email/src/maildir/rogers-b/_sent_mail/115.
200	0	data/samples/email/src/maildir/rogers-b/_sent_mail/233.
200	0	data/samples/email/src/maildir/rogers-b/_sent_mail/311.
200	1	data/samples/email/src/maildir/rogers-b/all_documents/1631.
200	0	data/samples/email/src/maildir/rogers-b/all_documents/168.
200	1	data/samples/email/src/maildir/rogers-b/all_documents/1723.
200	0	data/samples/email/src/maildir/rogers-b/all_documents/1729.
200	1	data/samples/email/src/maildir/rogers-b/all_documents/1730.
200	1	data/samples/email/src/maildir/rogers-b/all_documents/1849.
200	1	data/samples/email/src/maildir/rogers-b/all_documents/1909.
200	1	data/samples/email/src/maildir/rogers-b/all_documents/1934.
200	1	data/samples/email/src/maildir/rogers-b/all_documents/1953.
200	1	data/samples/email/src/maildir/rogers-b/all_documents/198.
200	0	data/samples/email/src/maildir/rogers-b/all_documents/256.
200	0	data/samples/email/src/maildir/rogers-b/all_documents/290.
200	0	data/samples/email/src/maildir/rogers-b/all_documents/373.
200	0	data/samples/email/src/maildir/rogers-b/all_documents/386.
200	0	data/samples/email/src/maildir/rogers-b/all_documents/724.
200	0	data/samples/email/src/maildir/rogers-b/all_documents/924.
200	0	data/samples/email/src/maildir/rogers-b/all_documents/953.
200	0	data/samples/email/src/maildir/rogers-b/discussion_threads/1037.
200	0	data/samples/email/src/maildir/rogers-b/discussion_threads/1064.
200	0	data/samples/email/src/maildir/rogers-b/discussion_threads/1154.
200	0	data/samples/email/src/maildir/rogers-b/discussion_threads/1248.
200	0	data/samples/email/src/maildir/rogers-b/discussion_threads/1249.
200	1	data/samples/email/src/maildir/rogers-b/discussion_threads/134.
200	1	data/samples/email/src/maildir/rogers-b/discussion_threads/150.
200	0	data/samples/email/src/maildir/rogers-b/discussion_threads/1572.
200	0	data/samples/email/src/maildir/rogers-b/discussion_threads/1587.
200	0	data/samples/email/src/maildir/rogers-b/discussion_threads/1662.
200	0	data/samples/email/src/maildir/rogers-b/discussion_threads/1694.
200	1	data/samples/email/src/maildir/rogers-b/discussion_threads/1753.
200	1	data/samples/email/src/maildir/rogers-b/discussion_threads/176.
200	0	data/samples/email/src/maildir/rogers-b/discussion_threads/1778.
200	1	data/samples/email/src/maildir/rogers-b/discussion_threads/228.
200	1	data/samples/email/src/maildir/rogers-b/discussion_threads/333.
200	1	data/samples/email/src/maildir/rogers-b/discussion_threads/340.
200	1	data/samples/email/src/maildir/rogers-b/discussion_threads/422.
200	0	data/samples/email/src/maildir/rogers-b/enron_news/2.
200	0	data/samples/email/src/maildir/rogers-b/enron_news/7.
200	0	data/samples/email/src/maildir/rogers-b/genco_jv_ipo/116.
200	1	data/samples/email/src/maildir/rogers-b/genco_jv_ipo/66.
200	1	data/samples/email/src/maildir/rogers-b/inbox/41.
200	1	data/samples/email/src/maildir/rogers-b/inbox/92.
200	0	data/samples/email/src/maildir/rogers-b/motley_fool_e_mails/100.
200	0	data/samples/email/src/maildir/rogers-b/motley_fool_e_mails/122.
200	0	data/samples/email/src/maildir/rogers-b/motley_fool_e_mails/13.
200	0	data/samples/email/src/maildir/rogers-b/motley_fool_e_mails/131.
200	0	data/samples/email/src/maildir/rogers-b/personal/176.
200	0	data/samples/email/src/maildir/rogers-b/sent/115.
200	0	data/samples/email/src/maildir/rogers-b/sent/233.
200	0	data/samples/email/src/maildir/rogers-b/sent/312.
200	0	data/samples/email/src/maildir/rogers-b/teco/15.
200	1	data/samples/email/src/maildir/rogers-b/texas_b_school/15.
200	1	data/samples/email/src/maildir/rogers-b/texas_b_school/16.
200	1	data/samples/email/src/maildir/rogers-b/texas_b_school/21.
200	1	data/samples/email/src/maildir/rogers-b/texas_b_school/25.
200	1	data/samples/email/src/maildir/rogers-b/texas_b_school/31.
200	1	data/samples/email/src/maildir/rogers-b/texas_b_school/33.
200	1	data/samples/email/src/maildir/rogers-b/texas_b_school/6.
200	0	data/samples/email/src/maildir/ruscitti-k/deleted_items/7.
200	1	data/samples/email/src/maildir/sager-e/all_documents/2019.
200	0	data/samples/email/src/maildir/sager-e/all_documents/2052.
200	0	data/samples/email/src/maildir/sager-e/all_documents/3143.
200	0	data/samples/email/src/maildir/sager-e/all_documents/576.
200	1	data/samples/email/src/maildir/sager-e/deleted_items/102.
200	1	data/samples/email/src/maildir/sager-e/deleted_items/103.
200	1	data/samples/email/src/maildir/sager-e/inbox/349.
200	1	data/samples/email/src/maildir/sager-e/notes_inbox/494.
200	0	data/samples/email/src/maildir/sager-e/notes_inbox/524.
200	0	data/samples/email/src/maildir/sager-e/notes_inbox/874.
200	0	data/samples/email/src/maildir/sager-e/sent/537.
200	0	data/samples/email/src/maildir/saibi-e/inbox/381.
200	1	data/samples/email/src/maildir/saibi-e/inbox/445.
200	0	data/samples/email/src/maildir/saibi-e/inbox/477.
200	1	data/samples/email/src/maildir/saibi-e/inbox/518.
200	0	data/samples/email/src/maildir/salisbury-h/inbox/1136.
200	0	data/samples/email/src/maildir/salisbury-h/inbox/157.
200	0	data/samples/email/src/maildir/salisbury-h/read/78.
200	0	data/samples/email/src/maildir/sanchez-m/deleted_items/30.
200	0	data/samples/email/src/maildir/sanchez-m/sent_items/63.
200	0	data/samples/email/src/maildir/sanders-r/all_documents/1027.
200	0	data/samples/email/src/maildir/sanders-r/all_documents/1065.
200	0	data/samples/email/src/maildir/sanders-r/all_documents/139.
200	0	data/samples/email/src/maildir/sanders-r/all_documents/155.
200	0	data/samples/email/src/maildir/sanders-r/all_documents/156.
200	0	data/samples/email/src/maildir/sanders-r/all_documents/1562.
200	0	data/samples/email/src/maildir/sanders-r/all_documents/1661.
200	0	data/samples/email/src/maildir/sanders-r/all_documents/1752.
200	0	data/samples/email/src/maildir/sanders-r/all_documents/1781.
200	0	data/samples/email/src/maildir/sanders-r/all_documents/1828.
200	0	data/samples/email/src/maildir/sanders-r/all_documents/1842.
200	0	data/samples/email/src/maildir/sanders-r/all_documents/2166.
200	0	data/samples/email/src/maildir/sanders-r/all_documents/2167.
200	0	data/samples/email/src/maildir/sanders-r/all_documents/336.
200	0	data/samples/email/src/maildir/sanders-r/all_documents/3765.
200	1	data/samples/email/src/maildir/sanders-r/all_documents/558.
200	0	data/samples/email/src/maildir/sanders-r/all_documents/561.
200	1	data/samples/email/src/maildir/sanders-r/all_documents/570.
200	0	data/samples/email/src/maildir/sanders-r/all_documents/7582.
200	0	data/samples/email/src/maildir/sanders-r/all_documents/7610.
200	0	data/samples/email/src/maildir/sanders-r/all_documents/790.
200	0	data/samples/email/src/maildir/sanders-r/deleted_items/197.
200	0	data/samples/email/src/maildir/sanders-r/deleted_items/198.
200	0	data/samples/email/src/maildir/sanders-r/deleted_items/200.
200	0	data/samples/email/src/maildir/sanders-r/deleted_items/82.
200	0	data/samples/email/src/maildir/sanders-r/duke/1.
200	1	data/samples/email/src/maildir/sanders-r/heof_intrust/8.
200	0	data/samples/email/src/maildir/sanders-r/inbox/35.
200	0	data/samples/email/src/maildir/sanders-r/inbox/36.
200	0	data/samples/email/src/maildir/sanders-r/inbox/bid_ask/2.
200	0	data/samples/email/src/maildir/sanders-r/international/21.
200	0	data/samples/email/src/maildir/sanders-r/notes_inbox/441.
200	0	data/samples/email/src/maildir/sanders-r/notes_inbox/469.
200	0	data/samples/email/src/maildir/sanders-r/pacific_virgo/9.
200	0	data/samples/email/src/maildir/sanders-r/sent/1000.
200	0	data/samples/email/src/maildir/sanders-r/sent/1008.
200	0	data/samples/email/src/maildir/sanders-r/sent/1194.
200	0	data/samples/email/src/maildir/sanders-r/sent/1195.
200	0	data/samples/email/src/maildir/sanders-r/sent/2233.
200	0	data/samples/email/src/maildir/sanders-r/sent/324.
200	1	data/samples/email/src/maildir/sanders-r/sent/330.
200	0	data/samples/email/src/maildir/sanders-r/sent/545.
200	0	data/samples/email/src/maildir/sanders-r/sent/574.
200	0	data/samples/email/src/maildir/sanders-r/sent/839.
200	0	data/samples/email/src/maildir/sanders-r/sent/900.
200	0	data/samples/email/src/maildir/sanders-r/sent/96.
200	0	data/samples/email/src/maildir/sanders-r/sent/967.
200	0	data/samples/email/src/maildir/sanders-r/sent_items/234.
200	0	data/samples/email/src/maildir/sanders-r/sent_items/235.
200	1	data/samples/email/src/maildir/scholtes-d/stf/current_issues/11.
200	1	data/samples/email/src/maildir/scholtes-d/stf/current_issues/12.
200	1	data/samples/email/src/maildir/scholtes-d/to_do/5.
200	0	data/samples/email/src/maildir/schoolcraft-d/deleted_items/239.
200	0	data/samples/email/src/maildir/schoolcraft-d/inbox/junk/84.
200	0	data/samples/email/src/maildir/schwieger-j/deleted_items/37.
200	0	data/samples/email/src/maildir/scott-s/_sent_mail/353.
200	0	data/samples/email/src/maildir/scott-s/_sent_mail/84.
200	1	data/samples/email/src/maildir/scott-s/all_documents/388.
200	0	data/samples/email/src/maildir/scott-s/all_documents/55.
200	0	data/samples/email/src/maildir/scott-s/all_documents/627.
200	0	data/samples/email/src/maildir/scott-s/deleted_items/198.
200	0	data/samples/email/src/maildir/scott-s/deleted_items/218.
200	0	data/samples/email/src/maildir/scott-s/deleted_items/245.
200	0	data/samples/email/src/maildir/scott-s/deleted_items/248.
200	0	data/samples/email/src/maildir/scott-s/deleted_items/481.
200	0	data/samples/email/src/maildir/scott-s/deleted_items/60.
200	1	data/samples/email/src/maildir/scott-s/discussion_threads/318.
200	1	data/samples/email/src/maildir/scott-s/gir/179.
200	1	data/samples/email/src/maildir/scott-s/inbox/107.
200	0	data/samples/email/src/maildir/scott-s/inbox/158.
200	0	data/samples/email/src/maildir/scott-s/inbox/244.
200	0	data/samples/email/src/maildir/scott-s/sent/353.
200	0	data/samples/email/src/maildir/scott-s/sent/53.
200	1	data/samples/email/src/maildir/semperger-c/deleted_items/78.
200	0	data/samples/email/src/maildir/semperger-c/sent_items/154.
200	0	data/samples/email/src/maildir/shackleton-s/all_documents/1085.
200	0	data/samples/email/src/maildir/shackleton-s/all_documents/11044.
200	0	data/samples/email/src/maildir/shackleton-s/all_documents/11362.
200	0	data/samples/email/src/maildir/shackleton-s/all_documents/1168.
200	0	data/samples/email/src/maildir/shackleton-s/all_documents/1247.
200	1	data/samples/email/src/maildir/shackleton-s/all_documents/2612.
200	1	data/samples/email/src/maildir/shackleton-s/all_documents/2614.
200	1	data/samples/email/src/maildir/shackleton-s/all_documents/2755.
200	1	data/samples/email/src/maildir/shackleton-s/all_documents/2765.
200	1	data/samples/email/src/maildir/shackleton-s/all_documents/4590.
200	1	data/samples/email/src/maildir/shackleton-s/all_documents/4598.
200	1	data/samples/email/src/maildir/shackleton-s/all_documents/4610.
200	1	data/samples/email/src/maildir/shackleton-s/all_documents/535.
200	1	data/samples/email/src/maildir/shackleton-s/all_documents/8836.
200	0	data/samples/email/src/maildir/shackleton-s/all_documents/8919.
200	0	data/samples/email/src/maildir/shackleton-s/deleted_items/140.
200	0	data/samples/email/src/maildir/shackleton-s/deleted_items/300.
200	0	data/samples/email/src/maildir/shackleton-s/deleted_items/427.
200	0	data/samples/email/src/maildir/shackleton-s/deleted_items/436.
200	0	data/samples/email/src/maildir/shackleton-s/deleted_items/456.
200	0	data/samples/email/src/maildir/shackleton-s/deleted_items/460.
200	0	data/samples/email/src/maildir/shackleton-s/deleted_items/539.
200	0	data/samples/email/src/maildir/shackleton-s/deleted_items/578.
200	1	data/samples/email/src/maildir/shackleton-s/inbox/268.
200	1	data/samples/email/src/maildir/shackleton-s/inbox/832.
200	1	data/samples/email/src/maildir/shackleton-s/notes_inbox/1544.
200	1	data/samples/email/src/maildir/shackleton-s/notes_inbox/1601.
200	1	data/samples/email/src/maildir/shackleton-s/notes_inbox/1602.
200	0	data/samples/email/src/maildir/shackleton-s/notes_inbox/2041.
200	0	data/samples/email/src/maildir/shackleton-s/notes_inbox/2227.
200	0	data/samples/email/src/maildir/shackleton-s/notes_inbox/3329.
200	1	data/samples/email/src/maildir/shackleton-s/notes_inbox/387.
200	1	data/samples/email/src/maildir/shackleton-s/notes_inbox/394.
200	1	data/samples/email/src/maildir/shackleton-s/sent/1717.
200	1	data/samples/email/src/maildir/shackleton-s/sent/2343.
200	1	data/samples/email/src/maildir/shackleton-s/sent/370.
200	1	data/samples/email/src/maildir/shackleton-s/sent/5419.
200	0	data/samples/email/src/maildir/shackleton-s/sent/773.
200	0	data/samples/email/src/maildir/shackleton-s/sent/837.
200	0	data/samples/email/src/maildir/shackleton-s/sent/899.
200	1	data/samples/email/src/maildir/shackleton-s/sent_items/485.
200	0	data/samples/email/src/maildir/shackleton-s/sent_items/535.
200	1	data/samples/email/src/maildir/shankman-j/all_documents/480.
200	0	data/samples/email/src/maildir/shankman-j/all_documents/518.
200	1	data/samples/email/src/maildir/shankman-j/all_documents/677.
200	1	data/samples/email/src/maildir/shankman-j/all_documents/684.
200	0	data/samples/email/src/maildir/shankman-j/all_documents/713.
200	1	data/samples/email/src/maildir/shankman-j/all_documents/809.
200	0	data/samples/email/src/maildir/shankman-j/all_documents/862.
200	0	data/samples/email/src/maildir/shankman-j/all_documents/884.
200	0	data/samples/email/src/maildir/shankman-j/all_documents/886.
200	0	data/samples/email/src/maildir/shankman-j/deleted_items/158.
200	0	data/samples/email/src/maildir/shankman-j/deleted_items/490.
200	0	data/samples/email/src/maildir/shankman-j/deleted_items/493.
200	0	data/samples/email/src/maildir/shankman-j/deleted_items/505.
200	0	data/samples/email/src/maildir/shankman-j/deleted_items/506.
200	0	data/samples/email/src/maildir/shankman-j/discussion_threads/138.
200	0	data/samples/email/src/maildir/shankman-j/discussion_threads/150.
200	1	data/samples/email/src/maildir/shankman-j/discussion_threads/175.
200	0	data/samples/email/src/maildir/shankman-j/discussion_threads/226.
200	1	data/samples/email/src/maildir/shankman-j/discussion_threads/243.
200	0	data/samples/email/src/maildir/shankman-j/discussion_threads/300.
200	1	data/samples/email/src/maildir/shankman-j/discussion_threads/315.
200	1	data/samples/email/src/maildir/shankman-j/sent/378.
200	0	data/samples/email/src/maildir/shankman-j/sent/416.
200	1	data/samples/email/src/maildir/shankman-j/sent/573.
200	1	data/samples/email/src/maildir/shankman-j/sent/580.
200	0	data/samples/email/src/maildir/shankman-j/sent/600.
200	0	data/samples/email/src/maildir/shankman-j/sent/609.
200	1	data/samples/email/src/maildir/shankman-j/sent/705.
200	0	data/samples/email/src/maildir/shankman-j/sent/757.
200	0	data/samples/email/src/maildir/shankman-j/sent/779.
200	0	data/samples/email/src/maildir/shankman-j/sent/781.
200	0	data/samples/email/src/maildir/shapiro-r/all_documents/1556.
200	0	data/samples/email/src/maildir/shapiro-r/all_documents/335.
200	1	data/samples/email/src/maildir/shapiro-r/all_documents/886.
200	0	data/samples/email/src/maildir/shapiro-r/all_documents/887.
200	0	data/samples/email/src/maildir/shapiro-r/all_documents/941.
200	1	data/samples/email/src/maildir/shapiro-r/deleted_items/317.
200	1	data/samples/email/src/maildir/shapiro-r/deleted_items/477.
200	1	data/samples/email/src/maildir/shapiro-r/deleted_items/569.
200	0	data/samples/email/src/maildir/shapiro-r/deleted_items/664.
200	0	data/samples/email/src/maildir/shapiro-r/deleted_items/718.
200	0	data/samples/email/src/maildir/shapiro-r/deleted_items/862.
200	0	data/samples/email/src/maildir/shapiro-r/deleted_items/996.
200	0	data/samples/email/src/maildir/shapiro-r/discussion_threads/1382.
200	0	data/samples/email/src/maildir/shapiro-r/discussion_threads/301.
200	1	data/samples/email/src/maildir/shapiro-r/discussion_threads/800.
200	0	data/samples/email/src/maildir/shapiro-r/discussion_threads/801.
200	0	data/samples/email/src/maildir/shapiro-r/discussion_threads/845.
200	0	data/samples/email/src/maildir/shapiro-r/mid_atlantic/12.
200	0	data/samples/email/src/maildir/shapiro-r/notes_inbox/59.
200	0	data/samples/email/src/maildir/shapiro-r/notes_inbox/6.
200	1	data/samples/email/src/maildir/shapiro-r/notes_inbox/60.
200	0	data/samples/email/src/maildir/shapiro-r/organizational_issues/46.
200	0	data/samples/email/src/maildir/shapiro-r/texas/14.
200	0	data/samples/email/src/maildir/shively-h/deleted_items/432.
200	0	data/samples/email/src/maildir/shively-h/deleted_items/601.
200	0	data/samples/email/src/maildir/shively-h/deleted_items/739.
200	0	data/samples/email/src/maildir/skilling-j/all_documents/311.
200	0	data/samples/email/src/maildir/skilling-j/all_documents/420.
200	0	data/samples/email/src/maildir/skilling-j/all_documents/453.
200	0	data/samples/email/src/maildir/skilling-j/all_documents/499.
200	0	data/samples/email/src/maildir/skilling-j/deleted_items/15.
200	1	data/samples/email/src/maildir/skilling-j/deleted_items/267.
200	1	data/samples/email/src/maildir/skilling-j/deleted_items/272.
200	1	data/samples/email/src/maildir/skilling-j/deleted_items/307.
200	1	data/samples/email/src/maildir/skilling-j/deleted_items/523.
200	0	data/samples/email/src/maildir/skilling-j/discussion_threads/235.
200	0	data/samples/email/src/maildir/skilling-j/discussion_threads/339.
200	0	data/samples/email/src/maildir/skilling-j/discussion_threads/371.
200	0	data/samples/email/src/maildir/skilling-j/discussion_threads/412.
200	1	data/samples/email/src/maildir/skilling-j/inbox/106.
200	1	data/samples/email/src/maildir/skilling-j/inbox/1084.
200	0	data/samples/email/src/maildir/skilling-j/inbox/1113.
200	1	data/samples/email/src/maildir/skilling-j/inbox/1489.
200	0	data/samples/email/src/maildir/skilling-j/inbox/152.
200	0	data/samples/email/src/maildir/skilling-j/notes_inbox/52.
200	0	data/samples/email/src/maildir/skilling-j/notes_inbox/79.
200	0	data/samples/email/src/maildir/skilling-j/notes_inbox/9.
200	0	data/samples/email/src/maildir/slinger-r/inbox/19.
200	0	data/samples/email/src/maildir/staab-t/inbox/89.
200	0	data/samples/email/src/maildir/stclair-c/all_documents/1002.
200	1	data/samples/email/src/maildir/stclair-c/all_documents/2339.
200	1	data/samples/email/src/maildir/stclair-c/all_documents/2340.
200	0	data/samples/email/src/maildir/stclair-c/all_documents/469.
200	0	data/samples/email/src/maildir/stclair-c/all_documents/489.
200	0	data/samples/email/src/maildir/stclair-c/all_documents/577.
200	0	data/samples/email/src/maildir/stclair-c/all_documents/603.
200	0	data/samples/email/src/maildir/stclair-c/all_documents/604.
200	0	data/samples/email/src/maildir/stclair-c/all_documents/859.
200	0	data/samples/email/src/maildir/stclair-c/all_documents/996.
200	0	data/samples/email/src/maildir/stclair-c/sent/464.
200	0	data/samples/email/src/maildir/stclair-c/sent/484.
200	0	data/samples/email/src/maildir/stclair-c/sent/572.
200	0	data/samples/email/src/maildir/stclair-c/sent/598.
200	0	data/samples/email/src/maildir/stclair-c/sent/599.
200	0	data/samples/email/src/maildir/stclair-c/sent/853.
200	0	data/samples/email/src/maildir/stclair-c/sent/988.
200	1	data/samples/email/src/maildir/stclair-c/smud_e_mails/5.
200	1	data/samples/email/src/maildir/stclair-c/smud_e_mails/6.
200	1	data/samples/email/src/maildir/steffes-j/deleted_items/499.
200	1	data/samples/email/src/maildir/steffes-j/deleted_items/511.
200	1	data/samples/email/src/maildir/steffes-j/deleted_items/514.
200	0	data/samples/email/src/maildir/steffes-j/deleted_items/56.
200	1	data/samples/email/src/maildir/steffes-j/deleted_items/644.
200	1	data/samples/email/src/maildir/steffes-j/inbox/220.
200	1	data/samples/email/src/maildir/steffes-j/inbox/350.
200	1	data/samples/email/src/maildir/steffes-j/inbox/425.
200	1	data/samples/email/src/maildir/steffes-j/inbox/435.
200	1	data/samples/email/src/maildir/steffes-j/inbox/475.
200	0	data/samples/email/src/maildir/steffes-j/sent_items/368.
200	0	data/samples/email/src/maildir/stepenovitch-j/deleted_items/198.
200	0	data/samples/email/src/maildir/stokley-c/chris_stokley/enron_corp/10.
200	0	data/samples/email/src/maildir/storey-g/deleted_items/238.
200	0	data/samples/email/src/maildir/storey-g/deleted_items/70.
200	0	data/samples/email/src/maildir/storey-g/estate/6.
200	0	data/samples/email/src/maildir/storey-g/estate/9.
200	1	data/samples/email/src/maildir/storey-g/inbox/126.
200	0	data/samples/email/src/maildir/storey-g/netco/4.
200	0	data/samples/email/src/maildir/storey-g/personal/5.
200	0	data/samples/email/src/maildir/storey-g/sent_items/29.
200	0	data/samples/email/src/maildir/storey-g/sent_items/31.
200	0	data/samples/email/src/maildir/sturm-f/all_documents/147.
200	0	data/samples/email/src/maildir/sturm-f/discussion_threads/128.
200	0	data/samples/email/src/maildir/sturm-f/notes_inbox/37.
200	0	data/samples/email/src/maildir/sturm-f/sent_items/132.
200	1	data/samples/email/src/maildir/symes-k/_sent_mail/1169.
200	1	data/samples/email/src/maildir/symes-k/_sent_mail/1170.
200	1	data/samples/email/src/maildir/symes-k/all_documents/387.
200	1	data/samples/email/src/maildir/symes-k/all_documents/388.
200	1	data/samples/email/src/maildir/symes-k/discussion_threads/361.
200	1	data/samples/email/src/maildir/symes-k/sent/155.
200	1	data/samples/email/src/maildir/symes-k/sent/156.
200	0	data/samples/email/src/maildir/taylor-m/all_documents/1018.
200	0	data/samples/email/src/maildir/taylor-m/all_documents/1039.
200	0	data/samples/email/src/maildir/taylor-m/all_documents/1047.
200	0	data/samples/email/src/maildir/taylor-m/all_documents/1051.
200	0	data/samples/email/src/maildir/taylor-m/all_documents/1058.
200	0	data/samples/email/src/maildir/taylor-m/all_documents/1062.
200	0	data/samples/email/src/maildir/taylor-m/all_documents/183.
200	0	data/samples/email/src/maildir/taylor-m/all_documents/2018.
200	0	data/samples/email/src/maildir/taylor-m/all_documents/2049.
200	0	data/samples/email/src/maildir/taylor-m/all_documents/2208.
200	0	data/samples/email/src/maildir/taylor-m/all_documents/2350.
200	0	data/samples/email/src/maildir/taylor-m/all_documents/3225.
200	0	data/samples/email/src/maildir/taylor-m/all_documents/4023.
200	0	data/samples/email/src/maildir/taylor-m/all_documents/412.
200	0	data/samples/email/src/maildir/taylor-m/all_documents/482.
200	0	data/samples/email/src/maildir/taylor-m/all_documents/7417.
200	0	data/samples/email/src/maildir/taylor-m/all_documents/8118.
200	0	data/samples/email/src/maildir/taylor-m/all_documents/8452.
200	0	data/samples/email/src/maildir/taylor-m/all_documents/8542.
200	0	data/samples/email/src/maildir/taylor-m/all_documents/860.
200	0	data/samples/email/src/maildir/taylor-m/archive/11_99/36.
200	0	data/samples/email/src/maildir/taylor-m/archive/5_00/63.
200	0	data/samples/email/src/maildir/taylor-m/archive/9_00/48.
200	0	data/samples/email/src/maildir/taylor-m/archive/november1999/36.
200	0	data/samples/email/src/maildir/taylor-m/deleted_items/191.
200	1	data/samples/email/src/maildir/taylor-m/deleted_items/407.
200	1	data/samples/email/src/maildir/taylor-m/inbox/177.
200	1	data/samples/email/src/maildir/taylor-m/inbox/178.
200	1	data/samples/email/src/maildir/taylor-m/inbox/369.
200	1	data/samples/email/src/maildir/taylor-m/inbox/social/76.
200	0	data/samples/email/src/maildir/taylor-m/indian_trading/1.
200	0	data/samples/email/src/maildir/taylor-m/notes_inbox/11.
200	0	data/samples/email/src/maildir/taylor-m/notes_inbox/1418.
200	0	data/samples/email/src/maildir/taylor-m/notes_inbox/15.
200	0	data/samples/email/src/maildir/taylor-m/notes_inbox/1964.
200	0	data/samples/email/src/maildir/taylor-m/notes_inbox/1981.
200	0	data/samples/email/src/maildir/taylor-m/notes_inbox/2055.
200	0	data/samples/email/src/maildir/taylor-m/notes_inbox/2243.
200	0	data/samples/email/src/maildir/taylor-m/notes_inbox/2703.
200	0	data/samples/email/src/maildir/taylor-m/notes_inbox/583.
200	0	data/samples/email/src/maildir/taylor-m/notes_inbox/712.
200	0	data/samples/email/src/maildir/taylor-m/notes_inbox/8.
200	0	data/samples/email/src/maildir/taylor-m/notes_inbox/811.
200	0	data/samples/email/src/maildir/taylor-m/online_trading/credit_derivatives/110.
200	0	data/samples/email/src/maildir/taylor-m/online_trading/credit_derivatives/113.
200	0	data/samples/email/src/maildir/taylor-m/online_trading/credit_derivatives/115.
200	0	data/samples/email/src/maildir/taylor-m/online_trading/credit_derivatives/39.
200	0	data/samples/email/src/maildir/taylor-m/sent/1050.
200	0	data/samples/email/src/maildir/taylor-m/sent/337.
200	0	data/samples/email/src/maildir/taylor-m/sent/727.
200	0	data/samples/email/src/maildir/taylor-m/sent/745.
200	0	data/samples/email/src/maildir/taylor-m/sent/794.
200	0	data/samples/email/src/maildir/taylor-m/uk_trading/7.
200	1	data/samples/email/src/maildir/tholt-j/inbox/132.
200	1	data/samples/email/src/maildir/tholt-j/sent_items/181.
200	1	data/samples/email/src/maildir/tholt-j/sent_items/240.
200	0	data/samples/email/src/maildir/thomas-p/inbox/77.
200	0	data/samples/email/src/maildir/townsend-j/all_documents/11.
200	0	data/samples/email/src/maildir/townsend-j/discussion_threads/69.
200	0	data/samples/email/src/maildir/townsend-j/notes_inbox/10.
200	0	data/samples/email/src/maildir/townsend-j/sent_items/4.
200	0	data/samples/email/src/maildir/tycholiz-b/all_documents/10.
200	0	data/samples/email/src/maildir/tycholiz-b/inbox/236.
200	1	data/samples/email/src/maildir/tycholiz-b/inbox/567.
200	0	data/samples/email/src/maildir/tycholiz-b/inbox/77.
200	0	data/samples/email/src/maildir/tycholiz-b/sent_items/14.
200	1	data/samples/email/src/maildir/ward-k/administrative/1.
200	1	data/samples/email/src/maildir/ward-k/akzo_nobel___filtrol/9.
200	1	data/samples/email/src/maildir/ward-k/all_documents/219.
200	1	data/samples/email/src/maildir/ward-k/all_documents/85.
200	0	data/samples/email/src/maildir/ward-k/citizens_utilities/55.
200	0	data/samples/email/src/maildir/ward-k/citizens_utilities/57.
200	1	data/samples/email/src/maildir/ward-k/inbox/18.
200	0	data/samples/email/src/maildir/ward-k/inbox/90.
200	0	data/samples/email/src/maildir/ward-k/sent_items/375.
200	1	data/samples/email/src/maildir/ward-k/sent_items/497.
200	1	data/samples/email/src/maildir/watson-k/deleted_items/421.
200	1	data/samples/email/src/maildir/watson-k/drafts__lotus_notes_/1.
200	1	data/samples/email/src/maildir/watson-k/e_mail_bin/519.
200	1	data/samples/email/src/maildir/watson-k/e_mail_bin/656.
200	1	data/samples/email/src/maildir/watson-k/inbox/225.
200	1	data/samples/email/src/maildir/watson-k/inbox/480.
200	1	data/samples/email/src/maildir/watson-k/inbox/485.
200	0	data/samples/email/src/maildir/watson-k/industry_mentions/7.
200	0	data/samples/email/src/maildir/watson-k/rm_science_review/5.
200	0	data/samples/email/src/maildir/watson-k/rm_work_order/5.
200	0	data/samples/email/src/maildir/watson-k/rm_work_order/6.
200	1	data/samples/email/src/maildir/watson-k/sent_items/146.
200	1	data/samples/email/src/maildir/watson-k/sent_items/227.
200	1	data/samples/email/src/maildir/watson-k/sent_items/702.
200	1	data/samples/email/src/maildir/watson-k/sent_items/711.
200	1	data/samples/email/src/maildir/watson-k/sent_items/768.
200	1	data/samples/email/src/maildir/watson-k/sent_items/974.
200	0	data/samples/email/src/maildir/weldon-c/deleted_items/144.
200	1	data/samples/email/src/maildir/weldon-c/deleted_items/240.
200	1	data/samples/email/src/maildir/weldon-c/it/12.
200	0	data/samples/email/src/maildir/whalley-g/all_documents/102.
200	0	data/samples/email/src/maildir/whalley-g/all_documents/115.
200	0	data/samples/email/src/maildir/whalley-g/all_documents/131.
200	0	data/samples/email/src/maildir/whalley-g/all_documents/140.
200	0	data/samples/email/src/maildir/whalley-g/all_documents/157.
200	0	data/samples/email/src/maildir/whalley-g/all_documents/167.
200	0	data/samples/email/src/maildir/whalley-g/all_documents/173.
200	0	data/samples/email/src/maildir/whalley-g/all_documents/286.
200	0	data/samples/email/src/maildir/whalley-g/all_documents/43.
200	0	data/samples/email/src/maildir/whalley-g/all_documents/54.
200	0	data/samples/email/src/maildir/whalley-g/all_documents/68.
200	0	data/samples/email/src/maildir/whalley-g/all_documents/74.
200	0	data/samples/email/src/maildir/whalley-g/all_documents/81.
200	0	data/samples/email/src/maildir/whalley-g/all_documents/85.
200	0	data/samples/email/src/maildir/whalley-g/connect_deletes/114.
200	0	data/samples/email/src/maildir/whalley-g/connect_deletes/126.
200	0	data/samples/email/src/maildir/whalley-g/connect_deletes/141.
200	0	data/samples/email/src/maildir/whalley-g/connect_deletes/143.
200	0	data/samples/email/src/maildir/whalley-g/connect_deletes/150.
200	0	data/samples/email/src/maildir/whalley-g/connect_deletes/156.
200	0	data/samples/email/src/maildir/whalley-g/connect_deletes/170.
200	0	data/samples/email/src/maildir/whalley-g/connect_deletes/181.
200	0	data/samples/email/src/maildir/whalley-g/connect_deletes/61.
200	0	data/samples/email/src/maildir/whalley-g/connect_deletes/67.
200	0	data/samples/email/src/maildir/whalley-g/connect_deletes/76.
200	0	data/samples/email/src/maildir/whalley-g/connect_deletes/90.
200	0	data/samples/email/src/maildir/whalley-g/connect_deletes/98.
200	0	data/samples/email/src/maildir/whalley-g/discussion_threads/109.
200	0	data/samples/email/src/maildir/whalley-g/discussion_threads/124.
200	0	data/samples/email/src/maildir/whalley-g/discussion_threads/133.
200	0	data/samples/email/src/maildir/whalley-g/discussion_threads/150.
200	0	data/samples/email/src/maildir/whalley-g/discussion_threads/158.
200	0	data/samples/email/src/maildir/whalley-g/discussion_threads/163.
200	0	data/samples/email/src/maildir/whalley-g/discussion_threads/265.
200	0	data/samples/email/src/maildir/whalley-g/discussion_threads/44.
200	0	data/samples/email/src/maildir/whalley-g/discussion_threads/54.
200	0	data/samples/email/src/maildir/whalley-g/discussion_threads/66.
200	0	data/samples/email/src/maildir/whalley-g/discussion_threads/71.
200	0	data/samples/email/src/maildir/whalley-g/discussion_threads/78.
200	0	data/samples/email/src/maildir/whalley-g/discussion_threads/82.
200	0	data/samples/email/src/maildir/whalley-g/discussion_threads/97.
200	0	data/samples/email/src/maildir/whalley-g/notes_inbox/73.
200	0	data/samples/email/src/maildir/whalley-l/_sent_mail/134.
200	1	data/samples/email/src/maildir/whalley-l/_sent_mail/192.
200	0	data/samples/email/src/maildir/whalley-l/all_documents/102.
200	0	data/samples/email/src/maildir/whalley-l/all_documents/1097.
200	0	data/samples/email/src/maildir/whalley-l/all_documents/115.
200	0	data/samples/email/src/maildir/whalley-l/all_documents/1197.
200	1	data/samples/email/src/maildir/whalley-l/all_documents/1295.
200	0	data/samples/email/src/maildir/whalley-l/all_documents/131.
200	0	data/samples/email/src/maildir/whalley-l/all_documents/140.
200	0	data/samples/email/src/maildir/whalley-l/all_documents/157.
200	0	data/samples/email/src/maildir/whalley-l/all_documents/167.
200	0	data/samples/email/src/maildir/whalley-l/all_documents/173.
200	0	data/samples/email/src/maildir/whalley-l/all_documents/286.
200	0	data/samples/email/src/maildir/whalley-l/all_documents/43.
200	0	data/samples/email/src/maildir/whalley-l/all_documents/509.
200	0	data/samples/email/src/maildir/whalley-l/all_documents/523.
200	0	data/samples/email/src/maildir/whalley-l/all_documents/54.
200	0	data/samples/email/src/maildir/whalley-l/all_documents/541.
200	0	data/samples/email/src/maildir/whalley-l/all_documents/560.
200	0	data/samples/email/src/maildir/whalley-l/all_documents/574.
200	0	data/samples/email/src/maildir/whalley-l/all_documents/588.
200	0	data/samples/email/src/maildir/whalley-l/all_documents/609.
200	0	data/samples/email/src/maildir/whalley-l/all_documents/624.
200	0	data/samples/email/src/maildir/whalley-l/all_documents/68.
200	0	data/samples/email/src/maildir/whalley-l/all_documents/74.
200	0	data/samples/email/src/maildir/whalley-l/all_documents/81.
200	0	data/samples/email/src/maildir/whalley-l/all_documents/85.
200	0	data/samples/email/src/maildir/whalley-l/all_documents/889.
200	0	data/samples/email/src/maildir/whalley-l/connect_deletes/114.
200	0	data/samples/email/src/maildir/whalley-l/connect_deletes/126.
200	0	data/samples/email/src/maildir/whalley-l/connect_deletes/141.
200	0	data/samples/email/src/maildir/whalley-l/connect_deletes/143.
200	0	data/samples/email/src/maildir/whalley-l/connect_deletes/150.
200	0	data/samples/email/src/maildir/whalley-l/connect_deletes/156.
200	0	data/samples/email/src/maildir/whalley-l/connect_deletes/170.
200	0	data/samples/email/src/maildir/whalley-l/connect_deletes/181.
200	0	data/samples/email/src/maildir/whalley-l/connect_deletes/61.
200	0	data/samples/email/src/maildir/whalley-l/connect_deletes/67.
200	0	data/samples/email/src/maildir/whalley-l/connect_deletes/76.
200	0	data/samples/email/src/maildir/whalley-l/connect_deletes/90.
200	0	data/samples/email/src/maildir/whalley-l/connect_deletes/98.
200	0	data/samples/email/src/maildir/whalley-l/discussion_threads/109.
200	0	data/samples/email/src/maildir/whalley-l/discussion_threads/1121.
200	0	data/samples/email/src/maildir/whalley-l/discussion_threads/1220.
200	0	data/samples/email/src/maildir/whalley-l/discussion_threads/124.
200	0	data/samples/email/src/maildir/whalley-l/discussion_threads/133.
200	0	data/samples/email/src/maildir/whalley-l/discussion_threads/150.
200	0	data/samples/email/src/maildir/whalley-l/discussion_threads/158.
200	0	data/samples/email/src/maildir/whalley-l/discussion_threads/163.
200	0	data/samples/email/src/maildir/whalley-l/discussion_threads/265.
200	0	data/samples/email/src/maildir/whalley-l/discussion_threads/44.
200	0	data/samples/email/src/maildir/whalley-l/discussion_threads/54.
200	0	data/samples/email/src/maildir/whalley-l/discussion_threads/552.
200	0	data/samples/email/src/maildir/whalley-l/discussion_threads/566.
200	0	data/samples/email/src/maildir/whalley-l/discussion_threads/584.
200	0	data/samples/email/src/maildir/whalley-l/discussion_threads/598.
200	0	data/samples/email/src/maildir/whalley-l/discussion_threads/611.
200	0	data/samples/email/src/maildir/whalley-l/discussion_threads/629.
200	0	data/samples/email/src/maildir/whalley-l/discussion_threads/647.
200	0	data/samples/email/src/maildir/whalley-l/discussion_threads/66.
200	0	data/samples/email/src/maildir/whalley-l/discussion_threads/661.
200	0	data/samples/email/src/maildir/whalley-l/discussion_threads/71.
200	0	data/samples/email/src/maildir/whalley-l/discussion_threads/78.
200	0	data/samples/email/src/maildir/whalley-l/discussion_threads/82.
200	0	data/samples/email/src/maildir/whalley-l/discussion_threads/97.
200	0	data/samples/email/src/maildir/whalley-l/notes_inbox/118.
200	0	data/samples/email/src/maildir/whalley-l/notes_inbox/171.
200	0	data/samples/email/src/maildir/whalley-l/notes_inbox/185.
200	0	data/samples/email/src/maildir/whalley-l/notes_inbox/203.
200	0	data/samples/email/src/maildir/whalley-l/notes_inbox/221.
200	0	data/samples/email/src/maildir/whalley-l/notes_inbox/234.
200	0	data/samples/email/src/maildir/whalley-l/notes_inbox/247.
200	0	data/samples/email/src/maildir/whalley-l/notes_inbox/267.
200	0	data/samples/email/src/maildir/whalley-l/notes_inbox/282.
200	0	data/samples/email/src/maildir/whalley-l/notes_inbox/555.
200	0	data/samples/email/src/maildir/whalley-l/notes_inbox/629.
200	0	data/samples/email/src/maildir/whalley-l/notes_inbox/73.
200	0	data/samples/email/src/maildir/whalley-l/notes_inbox/98.
200	0	data/samples/email/src/maildir/whalley-l/sent/153.
200	1	data/samples/email/src/maildir/whalley-l/sent/212.
200	0	data/samples/email/src/maildir/white-s/cya/13.
200	1	data/samples/email/src/maildir/white-s/deleted_items/274.
200	0	data/samples/email/src/maildir/white-s/inbox/4.
200	0	data/samples/email/src/maildir/white-s/sent_items/268.
200	0	data/samples/email/src/maildir/williams-j/deleted_items/398.
200	0	data/samples/email/src/maildir/williams-j/deleted_items/400.
200	0	data/samples/email/src/maildir/williams-j/deleted_items/568.
200	0	data/samples/email/src/maildir/williams-j/inbox/235.
200	0	data/samples/email/src/maildir/williams-w3/sent_items/367.
200	0	data/samples/email/src/maildir/williams-w3/sent_items/524.
200	0	data/samples/email/src/maildir/wolfe-j/07_saved/27.
200	1	data/samples/email/src/maildir/wolfe-j/09_saved/2.
200	0	data/samples/email/src/maildir/wolfe-j/deleted_items/13.
200	0	data/samples/email/src/maildir/wolfe-j/deleted_items/31.
200	0	data/samples/email/src/maildir/wolfe-j/deleted_items/32.
200	0	data/samples/email/src/maildir/wolfe-j/inbox/241.
200	0	data/samples/email/src/maildir/wolfe-j/sent_items/41.
200	0	data/samples/email/src/maildir/ybarbo-p/all_documents/24.
200	0	data/samples/email/src/maildir/ybarbo-p/all_documents/25.
200	0	data/samples/email/src/maildir/ybarbo-p/all_documents/28.
200	0	data/samples/email/src/maildir/ybarbo-p/all_documents/42.
200	0	data/samples/email/src/maildir/ybarbo-p/deleted_items/8.
200	0	data/samples/email/src/maildir/ybarbo-p/discussion_threads/22.
200	0	data/samples/email/src/maildir/ybarbo-p/discussion_threads/23.
200	0	data/samples/email/src/maildir/ybarbo-p/discussion_threads/26.
200	0	data/samples/email/src/maildir/ybarbo-p/discussion_threads/38.
200	0	data/samples/email/src/maildir/ybarbo-p/eco___cond__of_use/11.
200	0	data/samples/email/src/maildir/ybarbo-p/eco___cond__of_use/12.
200	0	data/samples/email/src/maildir/ybarbo-p/eco___cond__of_use/15.
200	0	data/samples/email/src/maildir/ybarbo-p/ecoelectrica/27.
200	0	data/samples/email/src/maildir/ybarbo-p/enron_lng/7.
200	1	data/samples/email/src/maildir/ybarbo-p/inbox/636.
100	0	data/samples/email/src/maildir/arora-h/all_documents/18.
100	0	data/samples/email/src/maildir/arora-h/deleted_items/149.
100	0	data/samples/email/src/maildir/arora-h/deleted_items/78.
100	0	data/samples/email/src/maildir/arora-h/discussion_threads/18.
100	0	data/samples/email/src/maildir/arora-h/savedmail/32.
100	0	data/samples/email/src/maildir/badeer-r/all_documents/141.
100	0	data/samples/email/src/maildir/badeer-r/california/19.
100	0	data/samples/email/src/maildir/badeer-r/discussion_threads/140.
100	0	data/samples/email/src/maildir/bass-e/all_documents/403.
100	0	data/samples/email/src/maildir/bass-e/all_documents/88.
100	0	data/samples/email/src/maildir/bass-e/deleted_items/354.
100	0	data/samples/email/src/maildir/bass-e/discussion_threads/1180.
100	0	data/samples/email/src/maildir/bass-e/discussion_threads/870.
100	0	data/samples/email/src/maildir/bass-e/inbox/205.
100	0	data/samples/email/src/maildir/bass-e/notes_inbox/341.
100	0	data/samples/email/src/maildir/bass-e/notes_inbox/77.
100	0	data/samples/email/src/maildir/baughman-d/inbox/225.
100	0	data/samples/email/src/maildir/baughman-d/inbox/262.
100	0	data/samples/email/src/maildir/baughman-d/inbox/300.
100	0	data/samples/email/src/maildir/beck-s/sent_items/296.
100	0	data/samples/email/src/maildir/blair-l/_sent_mail/25.
100	0	data/samples/email/src/maildir/blair-l/_sent_mail/34.
100	0	data/samples/email/src/maildir/blair-l/deleted_items/592.
100	0	data/samples/email/src/maildir/blair-l/deleted_items/_sent_mail/26.
100	0	data/samples/email/src/maildir/blair-l/deleted_items/_sent_mail/35.
100	0	data/samples/email/src/maildir/blair-l/inbox/54.
100	0	data/samples/email/src/maildir/blair-l/sent_items/426.
100	0	data/samples/email/src/maildir/blair-l/sent_items/435.
100	0	data/samples/email/src/maildir/blair-l/sent_items/741.
100	0	data/samples/email/src/maildir/buy-r/inbox/80.
100	0	data/samples/email/src/maildir/buy-r/inbox/937.
100	0	data/samples/email/src/maildir/buy-r/inbox/938.
100	0	data/samples/email/src/maildir/campbell-l/all_documents/130.
100	0	data/samples/email/src/maildir/campbell-l/all_documents/220.
100	0	data/samples/email/src/maildir/campbell-l/all_documents/896.
100	0	data/samples/email/src/maildir/campbell-l/discussion_threads/103.
100	0	data/samples/email/src/maildir/campbell-l/discussion_threads/178.
100	0	data/samples/email/src/maildir/campbell-l/discussion_threads/276.
100	0	data/samples/email/src/maildir/campbell-l/discussion_threads/773.
100	0	data/samples/email/src/maildir/campbell-l/inbox/1376.
100	0	data/samples/email/src/maildir/campbell-l/inbox/765.
100	0	data/samples/email/src/maildir/campbell-l/inbox/980.
100	0	data/samples/email/src/maildir/campbell-l/la_plata_c_s/8.
100	0	data/samples/email/src/maildir/campbell-l/marc_phillips/12.
100	0	data/samples/email/src/maildir/campbell-l/notes_inbox/399.
100	0	data/samples/email/src/maildir/campbell-l/sent/53.
100	0	data/samples/email/src/maildir/carson-m/inbox/58.
100	0	data/samples/email/src/maildir/cash-m/all_documents/282.
100	0	data/samples/email/src/maildir/cash-m/all_documents/31.
100	0	data/samples/email/src/maildir/cash-m/all_documents/319.
100	0	data/samples/email/src/maildir/cash-m/all_documents/48.
100	0	data/samples/email/src/maildir/cash-m/deleted_items/320.
100	0	data/samples/email/src/maildir/cash-m/inbox/143.
100	0	data/samples/email/src/maildir/cash-m/inbox/350.
100	0	data/samples/email/src/maildir/cash-m/sent/200.
100	0	data/samples/email/src/maildir/cash-m/sent/235.
100	0	data/samples/email/src/maildir/cash-m/sent/27.
100	0	data/samples/email/src/maildir/cash-m/sent/44.
100	0	data/samples/email/src/maildir/cash-m/sent_items/118.
100	0	data/samples/email/src/maildir/causholli-m/deleted_items/416.
100	0	data/samples/email/src/maildir/causholli-m/deleted_items/476.
100	0	data/samples/email/src/maildir/causholli-m/sent_items/62.
100	0	data/samples/email/src/maildir/corman-s/inbox/29.
100	0	data/samples/email/src/maildir/corman-s/sent_items/33.
100	0	data/samples/email/src/maildir/corman-s/sent_items/54.
100	0	data/samples/email/src/maildir/cuilla-m/deleted_items/106.
100	0	data/samples/email/src/maildir/cuilla-m/deleted_items/157.
100	0	data/samples/email/src/maildir/cuilla-m/deleted_items/177.
100	0	data/samples/email/src/maildir/cuilla-m/deleted_items/401.
100	0	data/samples/email/src/maildir/cuilla-m/deleted_items/424.
100	0	data/samples/email/src/maildir/cuilla-m/deleted_items/431.
100	0	data/samples/email/src/maildir/cuilla-m/deleted_items/448.
100	0	data/samples/email/src/maildir/cuilla-m/deleted_items/66.
100	0	data/samples/email/src/maildir/dasovich-j/all_documents/2232.
100	0	data/samples/email/src/maildir/dasovich-j/all_documents/27768.
100	0	data/samples/email/src/maildir/dasovich-j/all_documents/4330.
100	0	data/samples/email/src/maildir/dasovich-j/all_documents/9025.
100	0	data/samples/email/src/maildir/dasovich-j/deleted_items/1722.
100	0	data/samples/email/src/maildir/dasovich-j/deleted_items/1983.
100	0	data/samples/email/src/maildir/dasovich-j/inbox/1037.
100	0	data/samples/email/src/maildir/dasovich-j/inbox/170.
100	0	data/samples/email/src/maildir/dasovich-j/notes_inbox/12608.
100	0	data/samples/email/src/maildir/dasovich-j/notes_inbox/2278.
100	0	data/samples/email/src/maildir/dasovich-j/notes_inbox/904.
100	0	data/samples/email/src/maildir/dasovich-j/sent/3165.
100	0	data/samples/email/src/maildir/davis-d/all_documents/145.
100	0	data/samples/email/src/maildir/davis-d/all_documents/469.
100	0	data/samples/email/src/maildir/davis-d/discussion_threads/222.
100	0	data/samples/email/src/maildir/davis-d/discussion_threads/452.
100	0	data/samples/email/src/maildir/davis-d/friends/2.
100	0	data/samples/email/src/maildir/dean-c/all_documents/140.
100	0	data/samples/email/src/maildir/dean-c/all_documents/260.
100	0	data/samples/email/src/maildir/dean-c/all_documents/262.
100	0	data/samples/email/src/maildir/dean-c/all_documents/263.
100	0	data/samples/email/src/maildir/dean-c/all_documents/322.
100	0	data/samples/email/src/maildir/dean-c/all_documents/333.
100	0	data/samples/email/src/maildir/dean-c/deleted_items/1.
100	0	data/samples/email/src/maildir/dean-c/discussion_threads/139.
100	0	data/samples/email/src/maildir/dean-c/discussion_threads/256.
100	0	data/samples/email/src/maildir/dean-c/discussion_threads/258.
100	0	data/samples/email/src/maildir/dean-c/discussion_threads/259.
100	0	data/samples/email/src/maildir/dean-c/discussion_threads/313.
100	0	data/samples/email/src/maildir/dean-c/discussion_threads/322.
100	0	data/samples/email/src/maildir/dean-c/info/217.
100	0	data/samples/email/src/maildir/dean-c/notes_inbox/104.
100	0	data/samples/email/src/maildir/dean-c/notes_inbox/159.
100	0	data/samples/email/src/maildir/dean-c/notes_inbox/160.
100	0	data/samples/email/src/maildir/dean-c/notes_inbox/93.
100	0	data/samples/email/src/maildir/delainey-d/_sent_mail/304.
100	0	data/samples/email/src/maildir/delainey-d/_sent_mail/463.
100	0	data/samples/email/src/maildir/delainey-d/_sent_mail/69.
100	0	data/samples/email/src/maildir/delainey-d/_sent_mail/692.
100	0	data/samples/email/src/maildir/delainey-d/all_documents/333.
100	0	data/samples/email/src/maildir/delainey-d/all_documents/497.
100	0	data/samples/email/src/maildir/delainey-d/all_documents/728.
100	0	data/samples/email/src/maildir/delainey-d/all_documents/97.
100	0	data/samples/email/src/maildir/delainey-d/discussion_threads/195.
100	0	data/samples/email/src/maildir/delainey-d/discussion_threads/349.
100	0	data/samples/email/src/maildir/delainey-d/discussion_threads/546.
100	0	data/samples/email/src/maildir/delainey-d/sent/304.
100	0	data/samples/email/src/maildir/delainey-d/sent/467.
100	0	data/samples/email/src/maildir/delainey-d/sent/69.
100	0	data/samples/email/src/maildir/delainey-d/sent/697.
100	0	data/samples/email/src/maildir/derrick-j/deleted_items/63.
100	0	data/samples/email/src/maildir/derrick-j/sent_items/104.
100	0	data/samples/email/src/maildir/donoho-l/sent_items/28.
100	0	data/samples/email/src/maildir/dorland-c/deleted_items/174.
100	0	data/samples/email/src/maildir/dorland-c/deleted_items/33.
100	0	data/samples/email/src/maildir/dorland-c/sent_items/285.
100	0	data/samples/email/src/maildir/dorland-c/sent_items/552.
100	0	data/samples/email/src/maildir/farmer-d/_sent_mail/346.
100	0	data/samples/email/src/maildir/farmer-d/all_documents/1046.
100	0	data/samples/email/src/maildir/farmer-d/all_documents/1049.
100	0	data/samples/email/src/maildir/farmer-d/all_documents/446.
100	0	data/samples/email/src/maildir/farmer-d/deleted_items/218.
100	0	data/samples/email/src/maildir/farmer-d/deleted_items/428.
100	0	data/samples/email/src/maildir/farmer-d/discussion_threads/1899.
100	0	data/samples/email/src/maildir/farmer-d/discussion_threads/1902.
100	0	data/samples/email/src/maildir/farmer-d/discussion_threads/2463.
100	0	data/samples/email/src/maildir/farmer-d/personal/276.
100	0	data/samples/email/src/maildir/farmer-d/personal/297.
100	0	data/samples/email/src/maildir/farmer-d/sent/184.
100	0	data/samples/email/src/maildir/farmer-d/term_proposals/16.
100	0	data/samples/email/src/maildir/forney-j/sent_items/273.
100	0	data/samples/email/src/maildir/fossum-d/_sent_mail/1315.
100	0	data/samples/email/src/maildir/fossum-d/_sent_mail/426.
100	0	data/samples/email/src/maildir/fossum-d/_sent_mail/690.
100	0	data/samples/email/src/maildir/fossum-d/all_documents/1679.
100	0	data/samples/email/src/maildir/fossum-d/all_documents/228.
100	0	data/samples/email/src/maildir/fossum-d/discussion_threads/1126.
100	0	data/samples/email/src/maildir/fossum-d/discussion_threads/144.
100	0	data/samples/email/src/maildir/fossum-d/sent/1236.
100	0	data/samples/email/src/maildir/fossum-d/sent/225.
100	0	data/samples/email/src/maildir/gang-l/deleted_items/291.
100	0	data/samples/email/src/maildir/gang-l/deleted_items/294.
100	0	data/samples/email/src/maildir/gay-r/all_documents/148.
100	0	data/samples/email/src/maildir/gay-r/all_documents/149.
100	0	data/samples/email/src/maildir/gay-r/all_documents/153.
100	0	data/samples/email/src/maildir/gay-r/discussion_threads/67.
100	0	data/samples/email/src/maildir/gay-r/discussion_threads/68.
100	0	data/samples/email/src/maildir/gay-r/discussion_threads/70.
100	0	data/samples/email/src/maildir/gay-r/sent/147.
100	0	data/samples/email/src/maildir/gay-r/sent/148.
100	0	data/samples/email/src/maildir/gay-r/sent/152.
100	0	data/samples/email/src/maildir/germany-c/_sent_mail/1413.
100	0	data/samples/email/src/maildir/germany-c/all_documents/1842.
100	0	data/samples/email/src/maildir/germany-c/discussion_threads/825.
100	0	data/samples/email/src/maildir/germany-c/inbox/127.
100	0	data/samples/email/src/maildir/griffith-j/ft__pierce/1.
100	0	data/samples/email/src/maildir/grigsby-m/_sent_mail/91.
100	0	data/samples/email/src/maildir/grigsby-m/_sent_mail/97.
100	0	data/samples/email/src/maildir/grigsby-m/all_documents/262.
100	0	data/samples/email/src/maildir/grigsby-m/all_documents/268.
100	0	data/samples/email/src/maildir/grigsby-m/discussion_threads/106.
100	0	data/samples/email/src/maildir/grigsby-m/discussion_threads/108.
100	0	data/samples/email/src/maildir/grigsby-m/sent/91.
100	0	data/samples/email/src/maildir/grigsby-m/sent/97.
100	0	data/samples/email/src/maildir/grigsby-m/sent_items/111.
100	0	data/samples/email/src/maildir/guzman-m/all_documents/1058.
100	0	data/samples/email/src/maildir/guzman-m/discussion_threads/880.
100	0	data/samples/email/src/maildir/guzman-m/notes_inbox/999.
100	0	data/samples/email/src/maildir/haedicke-m/deleted_items/194.
100	0	data/samples/email/src/maildir/haedicke-m/deleted_items/249.
100	0	data/samples/email/src/maildir/haedicke-m/deleted_items/269.
100	0	data/samples/email/src/maildir/haedicke-m/inbox/4.
100	0	data/samples/email/src/maildir/haedicke-m/inbox/513.
100	0	data/samples/email/src/maildir/hain-m/_sent_mail/285.
100	0	data/samples/email/src/maildir/hain-m/all_documents/1187.
100	0	data/samples/email/src/maildir/hain-m/all_documents/198.
100	0	data/samples/email/src/maildir/hain-m/all_documents/20.
100	0	data/samples/email/src/maildir/hain-m/discussion_threads/1042.
100	0	data/samples/email/src/maildir/hain-m/discussion_threads/1220.
100	0	data/samples/email/src/maildir/hain-m/notes_inbox/198.
100	0	data/samples/email/src/maildir/hain-m/notes_inbox/20.
100	0	data/samples/email/src/maildir/harris-s/deleted_items/89.
100	0	data/samples/email/src/maildir/harris-s/inbox/53.
100	0	data/samples/email/src/maildir/hayslett-r/all_documents/455.
100	0	data/samples/email/src/maildir/hayslett-r/all_documents/463.
100	0	data/samples/email/src/maildir/hayslett-r/all_documents/464.
100	0	data/samples/email/src/maildir/hayslett-r/discussion_threads/404.
100	0	data/samples/email/src/maildir/hayslett-r/notes_inbox/21.
100	0	data/samples/email/src/maildir/hayslett-r/notes_inbox/22.
100	0	data/samples/email/src/maildir/hayslett-r/notes_inbox/27.
100	0	data/samples/email/src/maildir/hendrickson-s/_sent_mail/37.
100	0	data/samples/email/src/maildir/hendrickson-s/inbox/16.
100	0	data/samples/email/src/maildir/hendrickson-s/inbox/65.
100	0	data/samples/email/src/maildir/hendrickson-s/sent_items/37.
100	0	data/samples/email/src/maildir/hernandez-j/all_documents/277.
100	0	data/samples/email/src/maildir/hernandez-j/discussion_threads/512.
100	0	data/samples/email/src/maildir/hernandez-j/notes_inbox/186.
100	0	data/samples/email/src/maildir/hodge-j/inbox/201.
100	0	data/samples/email/src/maildir/hodge-j/inbox/424.
100	0	data/samples/email/src/maildir/holst-k/inbox/14.
100	0	data/samples/email/src/maildir/horton-s/all_documents/488.
100	0	data/samples/email/src/maildir/horton-s/notes_inbox/16.
100	0	data/samples/email/src/maildir/hyvl-d/all_documents/1583.
100	0	data/samples/email/src/maildir/hyvl-d/all_documents/2520.
100	0	data/samples/email/src/maildir/hyvl-d/all_documents/340.
100	0	data/samples/email/src/maildir/hyvl-d/all_documents/345.
100	0	data/samples/email/src/maildir/hyvl-d/all_documents/350.
100	0	data/samples/email/src/maildir/hyvl-d/all_documents/356.
100	0	data/samples/email/src/maildir/hyvl-d/all_documents/358.
100	0	data/samples/email/src/maildir/hyvl-d/all_documents/360.
100	0	data/samples/email/src/maildir/hyvl-d/gas/entex/47.
100	0	data/samples/email/src/maildir/hyvl-d/gas/entex/48.
100	0	data/samples/email/src/maildir/hyvl-d/gas/entex/49.
100	0	data/samples/email/src/maildir/hyvl-d/gas/entex/50.
100	0	data/samples/email/src/maildir/hyvl-d/gas/entex/51.
100	0	data/samples/email/src/maildir/hyvl-d/gas/entex/52.
100	0	data/samples/email/src/maildir/hyvl-d/gas/foster_ward/38.
100	0	data/samples/email/src/maildir/hyvl-d/gas/foster_ward/40.
100	0	data/samples/email/src/maildir/hyvl-d/notes_inbox/8.
100	0	data/samples/email/src/maildir/jones-t/all_documents/10141.
100	0	data/samples/email/src/maildir/jones-t/all_documents/5647.
100	0	data/samples/email/src/maildir/jones-t/all_documents/5767.
100	0	data/samples/email/src/maildir/jones-t/inbox/529.
100	0	data/samples/email/src/maildir/jones-t/notes_inbox/2771.
100	0	data/samples/email/src/maildir/jones-t/notes_inbox/2862.
100	0	data/samples/email/src/maildir/jones-t/notes_inbox/3537.
100	0	data/samples/email/src/maildir/jones-t/sent_items/222.
100	0	data/samples/email/src/maildir/jones-t/sent_items/223.
100	0	data/samples/email/src/maildir/kaminski-v/_sent_mail/1329.
100	0	data/samples/email/src/maildir/kaminski-v/_sent_mail/1405.
100	0	data/samples/email/src/maildir/kaminski-v/_sent_mail/1608.
100	0	data/samples/email/src/maildir/kaminski-v/_sent_mail/1614.
100	0	data/samples/email/src/maildir/kaminski-v/_sent_mail/3919.
100	0	data/samples/email/src/maildir/kaminski-v/_sent_mail/4021.
100	0	data/samples/email/src/maildir/kaminski-v/_sent_mail/4228.
100	0	data/samples/email/src/maildir/kaminski-v/_sent_mail/777.
100	0	data/samples/email/src/maildir/kaminski-v/all_documents/10768.
100	0	data/samples/email/src/maildir/kaminski-v/all_documents/10797.
100	0	data/samples/email/src/maildir/kaminski-v/all_documents/1658.
100	0	data/samples/email/src/maildir/kaminski-v/all_documents/1667.
100	0	data/samples/email/src/maildir/kaminski-v/all_documents/2864.
100	0	data/samples/email/src/maildir/kaminski-v/all_documents/3007.
100	0	data/samples/email/src/maildir/kaminski-v/all_documents/3410.
100	0	data/samples/email/src/maildir/kaminski-v/all_documents/3436.
100	0	data/samples/email/src/maildir/kaminski-v/all_documents/4432.
100	0	data/samples/email/src/maildir/kaminski-v/all_documents/5446.
100	0	data/samples/email/src/maildir/kaminski-v/all_documents/5939.
100	0	data/samples/email/src/maildir/kaminski-v/all_documents/9054.
100	0	data/samples/email/src/maildir/kaminski-v/all_documents/9099.
100	0	data/samples/email/src/maildir/kaminski-v/all_documents/9217.
100	0	data/samples/email/src/maildir/kaminski-v/all_documents/9225.
100	0	data/samples/email/src/maildir/kaminski-v/all_documents/9331.
100	0	data/samples/email/src/maildir/kaminski-v/all_documents/9352.
100	0	data/samples/email/src/maildir/kaminski-v/all_documents/9779.
100	0	data/samples/email/src/maildir/kaminski-v/australia/173.
100	0	data/samples/email/src/maildir/kaminski-v/c/mangmt/ene_ect/128.
100	0	data/samples/email/src/maildir/kaminski-v/c/technote/mail/projects/481.
100	0	data/samples/email/src/maildir/kaminski-v/c/technote/mail/projects/519.
100	0	data/samples/email/src/maildir/kaminski-v/c/technote/mail/projects/77.
100	0	data/samples/email/src/maildir/kaminski-v/c/technote/mail/projects/79.
100	0	data/samples/email/src/maildir/kaminski-v/deleted_items/1108.
100	0	data/samples/email/src/maildir/kaminski-v/deleted_items/1256.
100	0	data/samples/email/src/maildir/kaminski-v/deleted_items/1362.
100	0	data/samples/email/src/maildir/kaminski-v/deleted_items/720.
100	0	data/samples/email/src/maildir/kaminski-v/discussion_threads/1980.
100	0	data/samples/email/src/maildir/kaminski-v/discussion_threads/2072.
100	0	data/samples/email/src/maildir/kaminski-v/discussion_threads/2937.
100	0	data/samples/email/src/maildir/kaminski-v/discussion_threads/2938.
100	0	data/samples/email/src/maildir/kaminski-v/discussion_threads/4545.
100	0	data/samples/email/src/maildir/kaminski-v/discussion_threads/4569.
100	0	data/samples/email/src/maildir/kaminski-v/discussion_threads/5575.
100	0	data/samples/email/src/maildir/kaminski-v/discussion_threads/5647.
100	0	data/samples/email/src/maildir/kaminski-v/discussion_threads/7999.
100	0	data/samples/email/src/maildir/kaminski-v/discussion_threads/908.
100	0	data/samples/email/src/maildir/kaminski-v/inbox/243.
100	0	data/samples/email/src/maildir/kaminski-v/london/229.
100	0	data/samples/email/src/maildir/kaminski-v/london/235.
100	0	data/samples/email/src/maildir/kaminski-v/london/39.
100	0	data/samples/email/src/maildir/kaminski-v/notes_inbox/130.
100	0	data/samples/email/src/maildir/kaminski-v/resumes/692.
100	0	data/samples/email/src/maildir/kaminski-v/sent/1328.
100	0	data/samples/email/src/maildir/kaminski-v/sent/1404.
100	0	data/samples/email/src/maildir/kaminski-v/sent/1607.
100	0	data/samples/email/src/maildir/kaminski-v/sent/1613.
100	0	data/samples/email/src/maildir/kaminski-v/sent/3918.
100	0	data/samples/email/src/maildir/kaminski-v/sent/4020.
100	0	data/samples/email/src/maildir/kaminski-v/sent/4227.
100	0	data/samples/email/src/maildir/kaminski-v/sent/776.
100	0	data/samples/email/src/maildir/kaminski-v/sent_items/1159.
100	0	data/samples/email/src/maildir/kaminski-v/sent_items/2096.
100	0	data/samples/email/src/maildir/kaminski-v/sent_items/760.
100	0	data/samples/email/src/maildir/kaminski-v/sent_items/853.
100	0	data/samples/email/src/maildir/kaminski-v/sites/35.
100	0	data/samples/email/src/maildir/kean-s/all_documents/1022.
100	0	data/samples/email/src/maildir/kean-s/all_documents/1493.
100	0	data/samples/email/src/maildir/kean-s/all_documents/469.
100	0	data/samples/email/src/maildir/kean-s/archiving/untitled/1306.
100	0	data/samples/email/src/maildir/kean-s/archiving/untitled/1858.
100	0	data/samples/email/src/maildir/kean-s/archiving/untitled/834.
100	0	data/samples/email/src/maildir/kean-s/attachments/150.
100	0	data/samples/email/src/maildir/kean-s/attachments/333.
100	0	data/samples/email/src/maildir/kean-s/calendar/untitled/1022.
100	0	data/samples/email/src/maildir/kean-s/calendar/untitled/1494.
100	0	data/samples/email/src/maildir/kean-s/calendar/untitled/469.
100	0	data/samples/email/src/maildir/kean-s/deleted_items/374.
100	0	data/samples/email/src/maildir/kean-s/discussion_threads/1276.
100	0	data/samples/email/src/maildir/kean-s/discussion_threads/249.
100	0	data/samples/email/src/maildir/kean-s/discussion_threads/424.
100	0	data/samples/email/src/maildir/kean-s/discussion_threads/887.
100	0	data/samples/email/src/maildir/kean-s/pipeline_issues/8.
100	0	data/samples/email/src/maildir/kean-s/project_summer/3.
100	0	data/samples/email/src/maildir/kean-s/sent/372.
100	0	data/samples/email/src/maildir/kean-s/sent_items/542.
100	0	data/samples/email/src/maildir/kean-s/sent_items/556.
100	0	data/samples/email/src/maildir/keavey-p/all_documents/98.
100	0	data/samples/email/src/maildir/keavey-p/deleted_items/249.
100	0	data/samples/email/src/maildir/keavey-p/discussion_threads/98.
100	0	data/samples/email/src/maildir/keavey-p/inbox/459.
100	0	data/samples/email/src/maildir/keavey-p/notes_inbox/94.
100	0	data/samples/email/src/maildir/kitchen-l/_americas/east_power/97.
100	0	data/samples/email/src/maildir/kitchen-l/_americas/eol/168.
100	0	data/samples/email/src/maildir/kitchen-l/_americas/eol/30.
100	0	data/samples/email/src/maildir/kitchen-l/_americas/hr/129.
100	0	data/samples/email/src/maildir/kitchen-l/_americas/mrha/ooc/154.
100	0	data/samples/email/src/maildir/kitchen-l/_americas/mrha/ooc/155.
100	0	data/samples/email/src/maildir/kitchen-l/_americas/netco_hr/77.
100	0	data/samples/email/src/maildir/kitchen-l/_americas/ooc/130.
100	0	data/samples/email/src/maildir/kitchen-l/_americas/ooc/131.
100	0	data/samples/email/src/maildir/kitchen-l/sent_items/318.
100	0	data/samples/email/src/maildir/kitchen-l/sent_items/331.
100	0	data/samples/email/src/maildir/kitchen-l/sent_items/520.
100	0	data/samples/email/src/maildir/kitchen-l/sent_items/527.
100	0	data/samples/email/src/maildir/kitchen-l/sent_items/554.
100	0	data/samples/email/src/maildir/kuykendall-t/_sent_mail/113.
100	0	data/samples/email/src/maildir/kuykendall-t/all_documents/150.
100	0	data/samples/email/src/maildir/kuykendall-t/deleted_items/44.
100	0	data/samples/email/src/maildir/kuykendall-t/sent/113.
100	0	data/samples/email/src/maildir/lavorato-j/all_documents/25.
100	0	data/samples/email/src/maildir/lavorato-j/all_documents/34.
100	0	data/samples/email/src/maildir/lavorato-j/discussion_threads/403.
100	0	data/samples/email/src/maildir/lavorato-j/discussion_threads/42.
100	0	data/samples/email/src/maildir/lavorato-j/sent_items/103.
100	0	data/samples/email/src/maildir/lay-k/_sent/18.
100	0	data/samples/email/src/maildir/lay-k/all_documents/63.
100	0	data/samples/email/src/maildir/lay-k/discussion_threads/934.
100	0	data/samples/email/src/maildir/lay-k/inbox/981.
100	0	data/samples/email/src/maildir/lay-k/sent/157.
100	0	data/samples/email/src/maildir/lenhart-m/sent_items/736.
100	0	data/samples/email/src/maildir/lewis-a/deleted_items/1162.
100	0	data/samples/email/src/maildir/lewis-a/deleted_items/53.
100	0	data/samples/email/src/maildir/lewis-a/deleted_items/578.
100	0	data/samples/email/src/maildir/lewis-a/deleted_items/994.
100	0	data/samples/email/src/maildir/lokay-m/personal/165.
100	0	data/samples/email/src/maildir/lokey-t/inbox/84.
100	0	data/samples/email/src/maildir/love-p/_sent_mail/273.
100	0	data/samples/email/src/maildir/love-p/all_documents/355.
100	0	data/samples/email/src/maildir/love-p/discussion_threads/132.
100	0	data/samples/email/src/maildir/love-p/sent/273.
100	0	data/samples/email/src/maildir/mann-k/_sent_mail/105.
100	0	data/samples/email/src/maildir/mann-k/_sent_mail/108.
100	0	data/samples/email/src/maildir/mann-k/_sent_mail/1304.
100	0	data/samples/email/src/maildir/mann-k/_sent_mail/1404.
100	0	data/samples/email/src/maildir/mann-k/_sent_mail/1408.
100	0	data/samples/email/src/maildir/mann-k/_sent_mail/1418.
100	0	data/samples/email/src/maildir/mann-k/_sent_mail/1419.
100	0	data/samples/email/src/maildir/mann-k/_sent_mail/1421.
100	0	data/samples/email/src/maildir/mann-k/_sent_mail/1422.
100	0	data/samples/email/src/maildir/mann-k/_sent_mail/1430.
100	0	data/samples/email/src/maildir/mann-k/_sent_mail/1431.
100	0	data/samples/email/src/maildir/mann-k/_sent_mail/1453.
100	0	data/samples/email/src/maildir/mann-k/_sent_mail/1466.
100	0	data/samples/email/src/maildir/mann-k/_sent_mail/2020.
100	0	data/samples/email/src/maildir/mann-k/_sent_mail/4183.
100	0	data/samples/email/src/maildir/mann-k/_sent_mail/4194.
100	0	data/samples/email/src/maildir/mann-k/all_documents/1863.
100	0	data/samples/email/src/maildir/mann-k/all_documents/3139.
100	0	data/samples/email/src/maildir/mann-k/all_documents/36.
100	0	data/samples/email/src/maildir/mann-k/all_documents/3814.
100	0	data/samples/email/src/maildir/mann-k/all_documents/3852.
100	0	data/samples/email/src/maildir/mann-k/all_documents/3871.
100	0	data/samples/email/src/maildir/mann-k/all_documents/3898.
100	0	data/samples/email/src/maildir/mann-k/all_documents/3899.
100	0	data/samples/email/src/maildir/mann-k/all_documents/3909.
100	0	data/samples/email/src/maildir/mann-k/all_documents/3910.
100	0	data/samples/email/src/maildir/mann-k/all_documents/3912.
100	0	data/samples/email/src/maildir/mann-k/all_documents/3914.
100	0	data/samples/email/src/maildir/mann-k/all_documents/3926.
100	0	data/samples/email/src/maildir/mann-k/all_documents/3931.
100	0	data/samples/email/src/maildir/mann-k/all_documents/4071.
100	0	data/samples/email/src/maildir/mann-k/all_documents/4072.
100	0	data/samples/email/src/maildir/mann-k/all_documents/4420.
100	0	data/samples/email/src/maildir/mann-k/all_documents/47.
100	0	data/samples/email/src/maildir/mann-k/all_documents/4905.
100	0	data/samples/email/src/maildir/mann-k/all_documents/5677.
100	0	data/samples/email/src/maildir/mann-k/all_documents/5765.
100	0	data/samples/email/src/maildir/mann-k/all_documents/6339.
100	0	data/samples/email/src/maildir/mann-k/all_documents/6342.
100	0	data/samples/email/src/maildir/mann-k/all_documents/6345.
100	0	data/samples/email/src/maildir/mann-k/all_documents/6346.
100	0	data/samples/email/src/maildir/mann-k/discussion_threads/1289.
100	0	data/samples/email/src/maildir/mann-k/discussion_threads/23.
100	0	data/samples/email/src/maildir/mann-k/discussion_threads/2663.
100	0	data/samples/email/src/maildir/mann-k/discussion_threads/2664.
100	0	data/samples/email/src/maildir/mann-k/discussion_threads/2704.
100	0	data/samples/email/src/maildir/mann-k/discussion_threads/2723.
100	0	data/samples/email/src/maildir/mann-k/discussion_threads/2724.
100	0	data/samples/email/src/maildir/mann-k/discussion_threads/2730.
100	0	data/samples/email/src/maildir/mann-k/discussion_threads/2732.
100	0	data/samples/email/src/maildir/mann-k/discussion_threads/2741.
100	0	data/samples/email/src/maildir/mann-k/discussion_threads/2845.
100	0	data/samples/email/src/maildir/mann-k/discussion_threads/29.
100	0	data/samples/email/src/maildir/mann-k/discussion_threads/3405.
100	0	data/samples/email/src/maildir/mann-k/discussion_threads/3791.
100	0	data/samples/email/src/maildir/mann-k/discussion_threads/3798.
100	0	data/samples/email/src/maildir/mann-k/discussion_threads/3979.
100	0	data/samples/email/src/maildir/mann-k/discussion_threads/4058.
100	0	data/samples/email/src/maildir/mann-k/discussion_threads/4116.
100	0	data/samples/email/src/maildir/mann-k/discussion_threads/4651.
100	0	data/samples/email/src/maildir/mann-k/discussion_threads/4652.
100	0	data/samples/email/src/maildir/mann-k/discussion_threads/4656.
100	0	data/samples/email/src/maildir/mann-k/discussion_threads/4657.
100	0	data/samples/email/src/maildir/mann-k/florida/57.
100	0	data/samples/email/src/maildir/mann-k/fuel_cells/70.
100	0	data/samples/email/src/maildir/mann-k/ge_general/89.
100	0	data/samples/email/src/maildir/mann-k/ge_general/98.
100	0	data/samples/email/src/maildir/mann-k/general_stuff/107.
100	0	data/samples/email/src/maildir/mann-k/general_stuff/124.
100	0	data/samples/email/src/maildir/mann-k/notes_inbox/200.
100	0	data/samples/email/src/maildir/mann-k/notes_inbox/202.
100	0	data/samples/email/src/maildir/mann-k/sent/2364.
100	0	data/samples/email/src/maildir/mann-k/sent/2931.
100	0	data/samples/email/src/maildir/mann-k/sent/2944.
100	0	data/samples/email/src/maildir/mann-k/sent/2966.
100	0	data/samples/email/src/maildir/mann-k/sent/2967.
100	0	data/samples/email/src/maildir/mann-k/sent/2976.
100	0	data/samples/email/src/maildir/mann-k/sent/2977.
100	0	data/samples/email/src/maildir/mann-k/sent/2979.
100	0	data/samples/email/src/maildir/mann-k/sent/2981.
100	0	data/samples/email/src/maildir/mann-k/sent/2991.
100	0	data/samples/email/src/maildir/mann-k/sent/2996.
100	0	data/samples/email/src/maildir/mann-k/sent/3100.
100	0	data/samples/email/src/maildir/mann-k/sent/36.
100	0	data/samples/email/src/maildir/mann-k/sent/4340.
100	0	data/samples/email/src/maildir/mann-k/sent/4343.
100	0	data/samples/email/src/maildir/mann-k/sent/47.
100	0	data/samples/email/src/maildir/mccarty-d/calendar/17.
100	0	data/samples/email/src/maildir/mcconnell-m/_sent_mail/395.
100	0	data/samples/email/src/maildir/mcconnell-m/all_documents/323.
100	0	data/samples/email/src/maildir/mcconnell-m/all_documents/615.
100	0	data/samples/email/src/maildir/mcconnell-m/discussion_threads/293.
100	0	data/samples/email/src/maildir/mcconnell-m/discussion_threads/471.
100	0	data/samples/email/src/maildir/mcconnell-m/insurance_risk/1.
100	0	data/samples/email/src/maildir/mcconnell-m/sent/396.
100	0	data/samples/email/src/maildir/mckay-j/sent_items/246.
100	0	data/samples/email/src/maildir/mclaughlin-e/all_documents/1034.
100	0	data/samples/email/src/maildir/mclaughlin-e/discussion_threads/859.
100	0	data/samples/email/src/maildir/mclaughlin-e/notes_inbox/4.
100	0	data/samples/email/src/maildir/meyers-a/deleted_items/1001.
100	0	data/samples/email/src/maildir/mims-thurston-p/deleted_items/104.
100	0	data/samples/email/src/maildir/mims-thurston-p/deleted_items/195.
100	0	data/samples/email/src/maildir/mims-thurston-p/deleted_items/370.
100	0	data/samples/email/src/maildir/neal-s/deleted_items/616.
100	0	data/samples/email/src/maildir/nemec-g/all_documents/370.
100	0	data/samples/email/src/maildir/nemec-g/all_documents/4635.
100	0	data/samples/email/src/maildir/nemec-g/all_documents/4775.
100	0	data/samples/email/src/maildir/nemec-g/all_documents/4867.
100	0	data/samples/email/src/maildir/nemec-g/all_documents/4870.
100	0	data/samples/email/src/maildir/nemec-g/all_documents/4875.
100	0	data/samples/email/src/maildir/nemec-g/all_documents/498.
100	0	data/samples/email/src/maildir/nemec-g/all_documents/567.
100	0	data/samples/email/src/maildir/nemec-g/deleted_items/160.
100	0	data/samples/email/src/maildir/nemec-g/inbox/1230.
100	0	data/samples/email/src/maildir/nemec-g/inbox/1360.
100	0	data/samples/email/src/maildir/nemec-g/inbox/1464.
100	0	data/samples/email/src/maildir/nemec-g/notes_inbox/2254.
100	0	data/samples/email/src/maildir/nemec-g/notes_inbox/2257.
100	0	data/samples/email/src/maildir/nemec-g/notes_inbox/2260.
100	0	data/samples/email/src/maildir/nemec-g/notes_inbox/2337.
100	0	data/samples/email/src/maildir/nemec-g/sent/2058.
100	0	data/samples/email/src/maildir/nemec-g/sent/362.
100	0	data/samples/email/src/maildir/nemec-g/sent/483.
100	0	data/samples/email/src/maildir/nemec-g/sent/543.
100	0	data/samples/email/src/maildir/nemec-g/sent_items/144.
100	0	data/samples/email/src/maildir/nemec-g/sent_items/689.
100	0	data/samples/email/src/maildir/panus-s/inbox/11.
100	0	data/samples/email/src/maildir/parks-j/deleted_items/384.
100	0	data/samples/email/src/maildir/parks-j/inbox/746.
100	0	data/samples/email/src/maildir/parks-j/inbox/87.
100	0	data/samples/email/src/maildir/pereira-s/_sent_mail/60.
100	0	data/samples/email/src/maildir/pereira-s/_sent_mail/61.
100	0	data/samples/email/src/maildir/pereira-s/all_documents/70.
100	0	data/samples/email/src/maildir/pereira-s/all_documents/71.
100	0	data/samples/email/src/maildir/pereira-s/discussion_threads/21.
100	0	data/samples/email/src/maildir/pereira-s/sent/60.
100	0	data/samples/email/src/maildir/pereira-s/sent/61.
100	0	data/samples/email/src/maildir/perlingiere-d/all_documents/19.
100	0	data/samples/email/src/maildir/perlingiere-d/sent/16.
100	0	data/samples/email/src/maildir/perlingiere-d/sent_items/511.
100	0	data/samples/email/src/maildir/quigley-d/deleted_items/15.
100	0	data/samples/email/src/maildir/quigley-d/deleted_items/2.
100	0	data/samples/email/src/maildir/quigley-d/private_folders/kq___dq/1.
100	0	data/samples/email/src/maildir/rapp-b/deleted_items/136.
100	0	data/samples/email/src/maildir/rapp-b/deleted_items/148.
100	0	data/samples/email/src/maildir/rapp-b/inbox/56.
100	0	data/samples/email/src/maildir/rapp-b/marketing_affiliate/2.
100	0	data/samples/email/src/maildir/reitmeyer-j/inbox/235.
100	0	data/samples/email/src/maildir/ring-a/_sent_mail/69.
100	0	data/samples/email/src/maildir/ring-a/all_documents/27.
100	0	data/samples/email/src/maildir/ring-a/discussion_threads/78.
100	0	data/samples/email/src/maildir/ring-a/sent/18.
100	0	data/samples/email/src/maildir/rogers-b/all_documents/365.
100	0	data/samples/email/src/maildir/rogers-b/all_documents/403.
100	0	data/samples/email/src/maildir/rogers-b/deleted_items/353.
100	0	data/samples/email/src/maildir/rogers-b/discussion_threads/1555.
100	0	data/samples/email/src/maildir/rogers-b/discussion_threads/1596.
100	0	data/samples/email/src/maildir/rogers-b/discussion_threads/335.
100	0	data/samples/email/src/maildir/rogers-b/inbox/259.
100	0	data/samples/email/src/maildir/rogers-b/motley_fool_e_mails/139.
100	0	data/samples/email/src/maildir/rogers-b/motley_fool_e_mails/143.
100	0	data/samples/email/src/maildir/ruscitti-k/deleted_items/99.
100	0	data/samples/email/src/maildir/sager-e/all_documents/1398.
100	0	data/samples/email/src/maildir/sager-e/all_documents/1418.
100	0	data/samples/email/src/maildir/sager-e/all_documents/1420.
100	0	data/samples/email/src/maildir/sager-e/all_documents/1423.
100	0	data/samples/email/src/maildir/sager-e/all_documents/1970.
100	0	data/samples/email/src/maildir/sager-e/all_documents/893.
100	0	data/samples/email/src/maildir/sager-e/all_documents/895.
100	0	data/samples/email/src/maildir/sager-e/notes_inbox/113.
100	0	data/samples/email/src/maildir/sager-e/notes_inbox/115.
100	0	data/samples/email/src/maildir/sager-e/notes_inbox/447.
100	0	data/samples/email/src/maildir/sager-e/sager___general/27.
100	0	data/samples/email/src/maildir/sager-e/sager___general/28.
100	0	data/samples/email/src/maildir/sager-e/sager___general/29.
100	0	data/samples/email/src/maildir/sager-e/sager___general/31.
100	0	data/samples/email/src/maildir/sager-e/sent/987.
100	0	data/samples/email/src/maildir/saibi-e/inbox/1036.
100	0	data/samples/email/src/maildir/salisbury-h/inbox/1117.
100	0	data/samples/email/src/maildir/salisbury-h/inbox/138.
100	0	data/samples/email/src/maildir/salisbury-h/inbox/722.
100	0	data/samples/email/src/maildir/sanders-r/all_documents/1782.
100	0	data/samples/email/src/maildir/sanders-r/all_documents/2142.
100	0	data/samples/email/src/maildir/sanders-r/all_documents/3904.
100	0	data/samples/email/src/maildir/sanders-r/all_documents/5324.
100	0	data/samples/email/src/maildir/sanders-r/all_documents/7514.
100	0	data/samples/email/src/maildir/sanders-r/all_documents/823.
100	0	data/samples/email/src/maildir/sanders-r/calendar/28.
100	0	data/samples/email/src/maildir/sanders-r/deleted_items/322.
100	0	data/samples/email/src/maildir/sanders-r/deleted_items/390.
100	0	data/samples/email/src/maildir/sanders-r/inbox/56.
100	0	data/samples/email/src/maildir/sanders-r/misc/4.
100	0	data/samples/email/src/maildir/sanders-r/notes_inbox/308.
100	0	data/samples/email/src/maildir/sanders-r/notes_inbox/373.
100	0	data/samples/email/src/maildir/sanders-r/sent/1170.
100	0	data/samples/email/src/maildir/sanders-r/sent/968.
100	0	data/samples/email/src/maildir/sanders-r/sent_items/209.
100	0	data/samples/email/src/maildir/schwieger-j/sent_items/147.
100	0	data/samples/email/src/maildir/schwieger-j/sent_items/153.
100	0	data/samples/email/src/maildir/scott-s/_sent_mail/483.
100	0	data/samples/email/src/maildir/scott-s/all_documents/1011.
100	0	data/samples/email/src/maildir/scott-s/all_documents/1281.
100	0	data/samples/email/src/maildir/scott-s/all_documents/585.
100	0	data/samples/email/src/maildir/scott-s/deleted_items/145.
100	0	data/samples/email/src/maildir/scott-s/deleted_items/246.
100	0	data/samples/email/src/maildir/scott-s/deleted_items/400.
100	0	data/samples/email/src/maildir/scott-s/deleted_items/441.
100	0	data/samples/email/src/maildir/scott-s/discussion_threads/1229.
100	0	data/samples/email/src/maildir/scott-s/discussion_threads/1484.
100	0	data/samples/email/src/maildir/scott-s/discussion_threads/473.
100	0	data/samples/email/src/maildir/scott-s/inbox/398.
100	0	data/samples/email/src/maildir/scott-s/notes_inbox/241.
100	0	data/samples/email/src/maildir/scott-s/personal/16.
100	0	data/samples/email/src/maildir/scott-s/sent/520.
100	0	data/samples/email/src/maildir/semperger-c/deleted_items/259.
100	0	data/samples/email/src/maildir/shackleton-s/all_documents/11208.
100	0	data/samples/email/src/maildir/shackleton-s/all_documents/11290.
100	0	data/samples/email/src/maildir/shackleton-s/all_documents/11321.
100	0	data/samples/email/src/maildir/shackleton-s/all_documents/11454.
100	0	data/samples/email/src/maildir/shackleton-s/all_documents/1863.
100	0	data/samples/email/src/maildir/shackleton-s/all_documents/3105.
100	0	data/samples/email/src/maildir/shackleton-s/all_documents/386.
100	0	data/samples/email/src/maildir/shackleton-s/all_documents/398.
100	0	data/samples/email/src/maildir/shackleton-s/all_documents/400.
100	0	data/samples/email/src/maildir/shackleton-s/all_documents/410.
100	0	data/samples/email/src/maildir/shackleton-s/all_documents/4764.
100	0	data/samples/email/src/maildir/shackleton-s/all_documents/4981.
100	0	data/samples/email/src/maildir/shackleton-s/all_documents/609.
100	0	data/samples/email/src/maildir/shackleton-s/all_documents/8739.
100	0	data/samples/email/src/maildir/shackleton-s/all_documents/9259.
100	0	data/samples/email/src/maildir/shackleton-s/all_documents/9260.
100	0	data/samples/email/src/maildir/shackleton-s/all_documents/9261.
100	0	data/samples/email/src/maildir/shackleton-s/all_documents/9262.
100	0	data/samples/email/src/maildir/shackleton-s/all_documents/9887.
100	0	data/samples/email/src/maildir/shackleton-s/all_documents/9889.
100	0	data/samples/email/src/maildir/shackleton-s/all_documents/9892.
100	0	data/samples/email/src/maildir/shackleton-s/argentina/7.
100	0	data/samples/email/src/maildir/shackleton-s/brazil/11.
100	0	data/samples/email/src/maildir/shackleton-s/brazil___derivatives/8.
100	0	data/samples/email/src/maildir/shackleton-s/deleted_items/358.
100	0	data/samples/email/src/maildir/shackleton-s/deleted_items/359.
100	0	data/samples/email/src/maildir/shackleton-s/deleted_items/525.
100	0	data/samples/email/src/maildir/shackleton-s/deleted_items/647.
100	0	data/samples/email/src/maildir/shackleton-s/inbox/1070.
100	0	data/samples/email/src/maildir/shackleton-s/inbox/519.
100	0	data/samples/email/src/maildir/shackleton-s/inbox/520.
100	0	data/samples/email/src/maildir/shackleton-s/nelson/31.
100	0	data/samples/email/src/maildir/shackleton-s/nelson/32.
100	0	data/samples/email/src/maildir/shackleton-s/notes_inbox/1369.
100	0	data/samples/email/src/maildir/shackleton-s/notes_inbox/145.
100	0	data/samples/email/src/maildir/shackleton-s/notes_inbox/2066.
100	0	data/samples/email/src/maildir/shackleton-s/notes_inbox/2084.
100	0	data/samples/email/src/maildir/shackleton-s/notes_inbox/2133.
100	0	data/samples/email/src/maildir/shackleton-s/notes_inbox/278.
100	0	data/samples/email/src/maildir/shackleton-s/sent/1314.
100	0	data/samples/email/src/maildir/shackleton-s/sent/281.
100	0	data/samples/email/src/maildir/shackleton-s/sent/283.
100	0	data/samples/email/src/maildir/shackleton-s/sent/5333.
100	0	data/samples/email/src/maildir/shackleton-s/sent/5608.
100	0	data/samples/email/src/maildir/shackleton-s/sent/5609.
100	0	data/samples/email/src/maildir/shackleton-s/sent/5610.
100	0	data/samples/email/src/maildir/shackleton-s/sent/5611.
100	0	data/samples/email/src/maildir/shackleton-s/sent/5823.
100	0	data/samples/email/src/maildir/shackleton-s/sent/6350.
100	0	data/samples/email/src/maildir/shackleton-s/sent_items/231.
100	0	data/samples/email/src/maildir/shackleton-s/sent_items/234.
100	0	data/samples/email/src/maildir/shankman-j/all_documents/548.
100	0	data/samples/email/src/maildir/shankman-j/all_documents/549.
100	0	data/samples/email/src/maildir/shankman-j/personal/16.
100	0	data/samples/email/src/maildir/shankman-j/sent/445.
100	0	data/samples/email/src/maildir/shankman-j/sent/446.
100	0	data/samples/email/src/maildir/shapiro-r/2002_budget/22.
100	0	data/samples/email/src/maildir/shapiro-r/all_documents/237.
100	0	data/samples/email/src/maildir/shapiro-r/all_documents/816.
100	0	data/samples/email/src/maildir/shapiro-r/deleted_items/1027.
100	0	data/samples/email/src/maildir/shapiro-r/deleted_items/1141.
100	0	data/samples/email/src/maildir/shapiro-r/discussion_threads/210.
100	0	data/samples/email/src/maildir/shapiro-r/discussion_threads/735.
100	0	data/samples/email/src/maildir/shapiro-r/merchant_function_group/1.
100	0	data/samples/email/src/maildir/shapiro-r/notes_inbox/82.
100	0	data/samples/email/src/maildir/shapiro-r/texas/19.
100	0	data/samples/email/src/maildir/skilling-j/deleted_items/139.
100	0	data/samples/email/src/maildir/skilling-j/inbox/1558.
100	0	data/samples/email/src/maildir/solberg-g/deleted_items/846.
100	0	data/samples/email/src/maildir/stclair-c/all_documents/955.
100	0	data/samples/email/src/maildir/stclair-c/sent/948.
100	0	data/samples/email/src/maildir/stclair-c/sent/994.
100	0	data/samples/email/src/maildir/steffes-j/inbox/214.
100	0	data/samples/email/src/maildir/steffes-j/inbox/216.
100	0	data/samples/email/src/maildir/steffes-j/sent_items/883.
100	0	data/samples/email/src/maildir/steffes-j/sent_items/902.
100	0	data/samples/email/src/maildir/stepenovitch-j/inbox/work_mail/68.
100	0	data/samples/email/src/maildir/swerzbin-m/inbox/260.
100	0	data/samples/email/src/maildir/symes-k/_sent_mail/530.
100	0	data/samples/email/src/maildir/symes-k/all_documents/2327.
100	0	data/samples/email/src/maildir/symes-k/sent/796.
100	0	data/samples/email/src/maildir/taylor-m/all_documents/1240.
100	0	data/samples/email/src/maildir/taylor-m/all_documents/196.
100	0	data/samples/email/src/maildir/taylor-m/all_documents/2091.
100	0	data/samples/email/src/maildir/taylor-m/all_documents/2277.
100	0	data/samples/email/src/maildir/taylor-m/all_documents/2985.
100	0	data/samples/email/src/maildir/taylor-m/all_documents/3309.
100	0	data/samples/email/src/maildir/taylor-m/all_documents/3676.
100	0	data/samples/email/src/maildir/taylor-m/all_documents/3768.
100	0	data/samples/email/src/maildir/taylor-m/all_documents/8212.
100	0	data/samples/email/src/maildir/taylor-m/archive/2001_07/4.
100	0	data/samples/email/src/maildir/taylor-m/archive/9_00/100.
100	0	data/samples/email/src/maildir/taylor-m/inbox/mary_schoen/13.
100	0	data/samples/email/src/maildir/taylor-m/notes_inbox/1261.
100	0	data/samples/email/src/maildir/taylor-m/notes_inbox/1478.
100	0	data/samples/email/src/maildir/taylor-m/notes_inbox/1712.
100	0	data/samples/email/src/maildir/taylor-m/notes_inbox/2179.
100	0	data/samples/email/src/maildir/taylor-m/notes_inbox/626.
100	0	data/samples/email/src/maildir/taylor-m/notes_inbox/95.
100	0	data/samples/email/src/maildir/taylor-m/sent/1115.
100	0	data/samples/email/src/maildir/taylor-m/sent/174.
100	0	data/samples/email/src/maildir/taylor-m/sent_items/301.
100	0	data/samples/email/src/maildir/taylor-m/travel/58.
100	0	data/samples/email/src/maildir/tholt-j/deleted_items/181.
100	0	data/samples/email/src/maildir/thomas-p/inbox/153.
100	0	data/samples/email/src/maildir/thomas-p/inbox/93.
100	0	data/samples/email/src/maildir/tycholiz-b/inbox/76.
100	0	data/samples/email/src/maildir/tycholiz-b/sent/10.
100	0	data/samples/email/src/maildir/ward-k/_sent_mail/92.
100	0	data/samples/email/src/maildir/ward-k/citizens_utilities/56.
100	0	data/samples/email/src/maildir/ward-k/citizens_utilities/58.
100	0	data/samples/email/src/maildir/watson-k/inbox/85.
100	0	data/samples/email/src/maildir/watson-k/inbox/86.
100	0	data/samples/email/src/maildir/whalley-g/deleted_items/56.
100	0	data/samples/email/src/maildir/white-s/inbox/113.
100	0	data/samples/email/src/maildir/white-s/inbox/360.
100	0	data/samples/email/src/maildir/white-s/sent_items/350.
100	0	data/samples/email/src/maildir/williams-j/deleted_items/141.
100	0	data/samples/email/src/maildir/williams-j/deleted_items/223.
100	0	data/samples/email/src/maildir/williams-j/deleted_items/324.
100	0	data/samples/email/src/maildir/williams-j/deleted_items/390.
100	0	data/samples/email/src/maildir/williams-j/deleted_items/432.
100	0	data/samples/email/src/maildir/williams-j/sent_items/11.
100	0	data/samples/email/src/maildir/williams-w3/bill_williams_iii/409.
100	0	data/samples/email/src/maildir/williams-w3/hr/2.
100	0	data/samples/email/src/maildir/wolfe-j/06_saved/5.
100	0	data/samples/email/src/maildir/ybarbo-p/deleted_items/31.
100	0	data/samples/email/src/maildir/ybarbo-p/inbox/327.
100	0	data/samples/email/src/maildir/ybarbo-p/procaribe/37.
100	0	data/samples/email/src/maildir/zipper-a/deleted_items/8.
10	0	data/samples/email/src/maildir/farmer-d/all_documents/3022.
10	0	data/samples/email/src/maildir/farmer-d/ces/149.
10	0	data/samples/email/src/maildir/farmer-d/discussion_threads/55.
1	0	data/samples/email/src/maildir/guzman-m/all_documents/815.
1	0	data/samples/email/src/maildir/guzman-m/discussion_threads/1121.
1	0	data/samples/email/src/maildir/guzman-m/notes_inbox/765.
1	0	data/samples/email/src/maildir/taylor-m/all_documents/740.
1	0	data/samples/email/src/maildir/taylor-m/all_documents/8251.
1	0	data/samples/email/src/maildir/taylor-m/sent/3340.
1	0	data/samples/email/src/maildir/taylor-m/travel/62.
1	0	data/samples/email/src/maildir/whitt-m/inbox/736.
0	0	data/samples/email/src/maildir/allen-p/_sent_mail/392.
0	0	data/samples/email/src/maildir/allen-p/_sent_mail/47.
0	0	data/samples/email/src/maildir/allen-p/all_documents/409.
0	0	data/samples/email/src/maildir/allen-p/sent/345.
0	0	data/samples/email/src/maildir/allen-p/sent_items/82.
0	0	data/samples/email/src/maildir/arnold-j/deleted_items/669.
0	0	data/samples/email/src/maildir/bass-e/_sent_mail/752.
0	0	data/samples/email/src/maildir/bass-e/all_documents/1328.
0	0	data/samples/email/src/maildir/bass-e/all_documents/161.
0	0	data/samples/email/src/maildir/bass-e/discussion_threads/1112.
0	0	data/samples/email/src/maildir/bass-e/notes_inbox/132.
0	0	data/samples/email/src/maildir/bass-e/sent/654.
0	0	data/samples/email/src/maildir/bass-e/sent_items/144.
0	0	data/samples/email/src/maildir/baughman-d/deleted_items/175.
0	0	data/samples/email/src/maildir/baughman-d/deleted_items/43.
0	0	data/samples/email/src/maildir/baughman-d/inbox/195.
0	0	data/samples/email/src/maildir/beck-s/all_documents/1067.
0	0	data/samples/email/src/maildir/beck-s/doorstep/53.
0	0	data/samples/email/src/maildir/beck-s/inbox/536.
0	0	data/samples/email/src/maildir/benson-r/inbox/129.
0	0	data/samples/email/src/maildir/benson-r/inbox/284.
0	0	data/samples/email/src/maildir/blair-l/inbox/164.
0	0	data/samples/email/src/maildir/buy-r/inbox/906.
0	0	data/samples/email/src/maildir/campbell-l/inbox/1208.
0	0	data/samples/email/src/maildir/campbell-l/inbox/217.
0	0	data/samples/email/src/maildir/campbell-l/inbox/34.
0	0	data/samples/email/src/maildir/campbell-l/inbox/729.
0	0	data/samples/email/src/maildir/cash-m/all_documents/464.
0	0	data/samples/email/src/maildir/cash-m/all_documents/776.
0	0	data/samples/email/src/maildir/cash-m/all_documents/786.
0	0	data/samples/email/src/maildir/cash-m/sent/378.
0	0	data/samples/email/src/maildir/cash-m/sent/621.
0	0	data/samples/email/src/maildir/cash-m/sent/631.
0	0	data/samples/email/src/maildir/cash-m/sent_items/119.
0	0	data/samples/email/src/maildir/corman-s/deleted_items/200.
0	0	data/samples/email/src/maildir/corman-s/inbox/48.
0	0	data/samples/email/src/maildir/corman-s/sent_items/313.
0	0	data/samples/email/src/maildir/corman-s/sent_items/527.
0	0	data/samples/email/src/maildir/dasovich-j/all_documents/1831.
0	0	data/samples/email/src/maildir/dasovich-j/all_documents/3094.
0	0	data/samples/email/src/maildir/dasovich-j/all_documents/9364.
0	0	data/samples/email/src/maildir/dasovich-j/deleted_items/1976.
0	0	data/samples/email/src/maildir/dasovich-j/deleted_items/232.
0	0	data/samples/email/src/maildir/dasovich-j/notes_inbox/5230.
0	0	data/samples/email/src/maildir/dasovich-j/notes_inbox/682.
0	0	data/samples/email/src/maildir/dasovich-j/sent/864.
0	0	data/samples/email/src/maildir/dean-c/deleted_items/125.
0	0	data/samples/email/src/maildir/derrick-j/sent_items/452.
0	0	data/samples/email/src/maildir/derrick-j/sent_items/453.
0	0	data/samples/email/src/maildir/dorland-c/inbox/3.
0	0	data/samples/email/src/maildir/farmer-d/all_documents/3784.
0	0	data/samples/email/src/maildir/farmer-d/deleted_items/326.
0	0	data/samples/email/src/maildir/farmer-d/discussion_threads/4344.
0	0	data/samples/email/src/maildir/farmer-d/logistics/2036.
0	0	data/samples/email/src/maildir/gang-l/deleted_items/482.
0	0	data/samples/email/src/maildir/gay-r/all_documents/193.
0	0	data/samples/email/src/maildir/gay-r/all_documents/194.
0	0	data/samples/email/src/maildir/gay-r/all_documents/203.
0	0	data/samples/email/src/maildir/gay-r/all_documents/210.
0	0	data/samples/email/src/maildir/gay-r/discussion_threads/93.
0	0	data/samples/email/src/maildir/gay-r/sent/192.
0	0	data/samples/email/src/maildir/gay-r/sent/193.
0	0	data/samples/email/src/maildir/gay-r/sent/202.
0	0	data/samples/email/src/maildir/gay-r/sent/209.
0	0	data/samples/email/src/maildir/germany-c/_sent_mail/1345.
0	0	data/samples/email/src/maildir/germany-c/all_documents/1737.
0	0	data/samples/email/src/maildir/germany-c/all_documents/1740.
0	0	data/samples/email/src/maildir/germany-c/all_documents/2807.
0	0	data/samples/email/src/maildir/germany-c/discussion_threads/826.
0	0	data/samples/email/src/maildir/germany-c/discussion_threads/827.
0	0	data/samples/email/src/maildir/germany-c/inbox/252.
0	0	data/samples/email/src/maildir/germany-c/sent/1106.
0	0	data/samples/email/src/maildir/germany-c/sent/1174.
0	0	data/samples/email/src/maildir/germany-c/sent/1764.
0	0	data/samples/email/src/maildir/germany-c/sent_items/374.
0	0	data/samples/email/src/maildir/germany-c/transport/124.
0	0	data/samples/email/src/maildir/giron-d/_sent_mail/198.
0	0	data/samples/email/src/maildir/giron-d/all_documents/258.
0	0	data/samples/email/src/maildir/giron-d/deleted_items/27.
0	0	data/samples/email/src/maildir/giron-d/deleted_items/347.
0	0	data/samples/email/src/maildir/giron-d/deleted_items/349.
0	0	data/samples/email/src/maildir/giron-d/discussion_threads/434.
0	0	data/samples/email/src/maildir/giron-d/sent/198.
0	0	data/samples/email/src/maildir/haedicke-m/all_documents/1219.
0	0	data/samples/email/src/maildir/haedicke-m/all_documents/2297.
0	0	data/samples/email/src/maildir/haedicke-m/all_documents/2299.
0	0	data/samples/email/src/maildir/haedicke-m/notes_inbox/123.
0	0	data/samples/email/src/maildir/haedicke-m/notes_inbox/329.
0	0	data/samples/email/src/maildir/haedicke-m/notes_inbox/331.
0	0	data/samples/email/src/maildir/hain-m/_sent_mail/156.
0	0	data/samples/email/src/maildir/hain-m/all_documents/1029.
0	0	data/samples/email/src/maildir/hain-m/all_documents/961.
0	0	data/samples/email/src/maildir/hain-m/discussion_threads/271.
0	0	data/samples/email/src/maildir/hain-m/discussion_threads/331.
0	0	data/samples/email/src/maildir/hain-m/notes_inbox/812.
0	0	data/samples/email/src/maildir/hayslett-r/_sent_mail/7.
0	0	data/samples/email/src/maildir/hayslett-r/all_documents/457.
0	0	data/samples/email/src/maildir/hayslett-r/discussion_threads/399.
0	0	data/samples/email/src/maildir/hayslett-r/discussion_threads/400.
0	0	data/samples/email/src/maildir/hayslett-r/discussion_threads/405.
0	0	data/samples/email/src/maildir/hayslett-r/projects/azurix/13.
0	0	data/samples/email/src/maildir/hayslett-r/sent/43.
0	0	data/samples/email/src/maildir/hayslett-r/sent_items/46.
0	0	data/samples/email/src/maildir/holst-k/deleted_items/37.
0	0	data/samples/email/src/maildir/horton-s/_sent_mail/189.
0	0	data/samples/email/src/maildir/horton-s/all_documents/633.
0	0	data/samples/email/src/maildir/horton-s/deleted_items/_sent_mail/3.
0	0	data/samples/email/src/maildir/horton-s/discussion_threads/371.
0	0	data/samples/email/src/maildir/horton-s/sent/203.
0	0	data/samples/email/src/maildir/horton-s/sent_items/14.
0	0	data/samples/email/src/maildir/jones-t/all_documents/10366.
0	0	data/samples/email/src/maildir/jones-t/all_documents/10513.
0	0	data/samples/email/src/maildir/jones-t/all_documents/4143.
0	0	data/samples/email/src/maildir/jones-t/all_documents/5790.
0	0	data/samples/email/src/maildir/jones-t/all_documents/5793.
0	0	data/samples/email/src/maildir/jones-t/inbox/1041.
0	0	data/samples/email/src/maildir/jones-t/notes_inbox/1854.
0	0	data/samples/email/src/maildir/jones-t/notes_inbox/2881.
0	0	data/samples/email/src/maildir/jones-t/notes_inbox/3699.
0	0	data/samples/email/src/maildir/jones-t/notes_inbox/3793.
0	0	data/samples/email/src/maildir/jones-t/sent/2579.
0	0	data/samples/email/src/maildir/kaminski-v/_sent_mail/2046.
0	0	data/samples/email/src/maildir/kaminski-v/_sent_mail/2370.
0	0	data/samples/email/src/maildir/kaminski-v/_sent_mail/4.
0	0	data/samples/email/src/maildir/kaminski-v/_sent_mail/421.
0	0	data/samples/email/src/maildir/kaminski-v/all_documents/10179.
0	0	data/samples/email/src/maildir/kaminski-v/all_documents/5185.
0	0	data/samples/email/src/maildir/kaminski-v/all_documents/6.
0	0	data/samples/email/src/maildir/kaminski-v/all_documents/7651.
0	0	data/samples/email/src/maildir/kaminski-v/all_documents/945.
0	0	data/samples/email/src/maildir/kaminski-v/all_documents/974.
0	0	data/samples/email/src/maildir/kaminski-v/c/technote/mail/techmemos/40.
0	0	data/samples/email/src/maildir/kaminski-v/credit/75.
0	0	data/samples/email/src/maildir/kaminski-v/deleted_items/2201.
0	0	data/samples/email/src/maildir/kaminski-v/discussion_threads/3506.
0	0	data/samples/email/src/maildir/kaminski-v/discussion_threads/3526.
0	0	data/samples/email/src/maildir/kaminski-v/discussion_threads/4264.
0	0	data/samples/email/src/maildir/kaminski-v/inbox/637.
0	0	data/samples/email/src/maildir/kaminski-v/london/73.
0	0	data/samples/email/src/maildir/kaminski-v/sent/2045.
0	0	data/samples/email/src/maildir/kaminski-v/sent/2369.
0	0	data/samples/email/src/maildir/kaminski-v/sent/4.
0	0	data/samples/email/src/maildir/kaminski-v/sent/421.
0	0	data/samples/email/src/maildir/kaminski-v/sent_items/756.
0	0	data/samples/email/src/maildir/kean-s/all_documents/171.
0	0	data/samples/email/src/maildir/kean-s/all_documents/49.
0	0	data/samples/email/src/maildir/kean-s/archiving/untitled/2155.
0	0	data/samples/email/src/maildir/kean-s/archiving/untitled/2277.
0	0	data/samples/email/src/maildir/kean-s/calendar/untitled/171.
0	0	data/samples/email/src/maildir/kean-s/calendar/untitled/49.
0	0	data/samples/email/src/maildir/kean-s/discussion_threads/164.
0	0	data/samples/email/src/maildir/kean-s/discussion_threads/49.
0	0	data/samples/email/src/maildir/kean-s/wto/26.
0	0	data/samples/email/src/maildir/kitchen-l/_americas/east_power/96.
0	0	data/samples/email/src/maildir/kitchen-l/_americas/hr/111.
0	0	data/samples/email/src/maildir/kitchen-l/_americas/portland/30.
0	0	data/samples/email/src/maildir/kitchen-l/_americas/portland/63.
0	0	data/samples/email/src/maildir/kitchen-l/sent_items/947.
0	0	data/samples/email/src/maildir/kuykendall-t/sent_items/43.
0	0	data/samples/email/src/maildir/lenhart-m/sent_items/737.
0	0	data/samples/email/src/maildir/lewis-a/deleted_items/1001.
0	0	data/samples/email/src/maildir/lewis-a/deleted_items/1011.
0	0	data/samples/email/src/maildir/lewis-a/deleted_items/64.
0	0	data/samples/email/src/maildir/lewis-a/deleted_items/692.
0	0	data/samples/email/src/maildir/lewis-a/deleted_items/694.
0	0	data/samples/email/src/maildir/lokay-m/all_documents/2057.
0	0	data/samples/email/src/maildir/lokay-m/all_documents/443.
0	0	data/samples/email/src/maildir/lokay-m/all_documents/533.
0	0	data/samples/email/src/maildir/lokay-m/corporate/129.
0	0	data/samples/email/src/maildir/lokay-m/discussion_threads/419.
0	0	data/samples/email/src/maildir/lokay-m/discussion_threads/502.
0	0	data/samples/email/src/maildir/lokay-m/personal/22.
0	0	data/samples/email/src/maildir/lokay-m/systems/138.
0	0	data/samples/email/src/maildir/love-p/_sent_mail/59.
0	0	data/samples/email/src/maildir/love-p/all_documents/126.
0	0	data/samples/email/src/maildir/love-p/discussion_threads/231.
0	0	data/samples/email/src/maildir/love-p/sent/59.
0	0	data/samples/email/src/maildir/love-p/sent_items/44.
0	0	data/samples/email/src/maildir/mann-k/_sent_mail/1015.
0	0	data/samples/email/src/maildir/mann-k/_sent_mail/2185.
0	0	data/samples/email/src/maildir/mann-k/_sent_mail/2401.
0	0	data/samples/email/src/maildir/mann-k/_sent_mail/3144.
0	0	data/samples/email/src/maildir/mann-k/_sent_mail/3317.
0	0	data/samples/email/src/maildir/mann-k/_sent_mail/3618.
0	0	data/samples/email/src/maildir/mann-k/_sent_mail/3878.
0	0	data/samples/email/src/maildir/mann-k/_sent_mail/705.
0	0	data/samples/email/src/maildir/mann-k/all_documents/1248.
0	0	data/samples/email/src/maildir/mann-k/all_documents/1498.
0	0	data/samples/email/src/maildir/mann-k/all_documents/2177.
0	0	data/samples/email/src/maildir/mann-k/all_documents/2200.
0	0	data/samples/email/src/maildir/mann-k/all_documents/2617.
0	0	data/samples/email/src/maildir/mann-k/all_documents/2935.
0	0	data/samples/email/src/maildir/mann-k/all_documents/440.
0	0	data/samples/email/src/maildir/mann-k/all_documents/4457.
0	0	data/samples/email/src/maildir/mann-k/all_documents/4891.
0	0	data/samples/email/src/maildir/mann-k/all_documents/787.
0	0	data/samples/email/src/maildir/mann-k/discussion_threads/2186.
0	0	data/samples/email/src/maildir/mann-k/discussion_threads/881.
0	0	data/samples/email/src/maildir/mann-k/sent/1146.
0	0	data/samples/email/src/maildir/mann-k/sent/1964.
0	0	data/samples/email/src/maildir/mann-k/sent/2192.
0	0	data/samples/email/src/maildir/mann-k/sent/3393.
0	0	data/samples/email/src/maildir/mann-k/sent/370.
0	0	data/samples/email/src/maildir/mann-k/sent/3711.
0	0	data/samples/email/src/maildir/mann-k/sent/639.
0	0	data/samples/email/src/maildir/mann-k/sent/962.
0	0	data/samples/email/src/maildir/mann-k/westinghouse/14.
0	0	data/samples/email/src/maildir/mann-k/westinghouse/15.
0	0	data/samples/email/src/maildir/mcconnell-m/all_documents/325.
0	0	data/samples/email/src/maildir/mcconnell-m/discussion_threads/469.
0	0	data/samples/email/src/maildir/mcconnell-m/insurance_risk/2.
0	0	data/samples/email/src/maildir/mcconnell-m/misc/79.
0	0	data/samples/email/src/maildir/mckay-j/personal/94.
0	0	data/samples/email/src/maildir/mims-thurston-p/deleted_items/48.
0	0	data/samples/email/src/maildir/motley-m/deleted_items/30.
0	0	data/samples/email/src/maildir/motley-m/deleted_items/31.
0	0	data/samples/email/src/maildir/motley-m/deleted_items/53.
0	0	data/samples/email/src/maildir/motley-m/inbox/40.
0	0	data/samples/email/src/maildir/motley-m/inbox/9.
0	0	data/samples/email/src/maildir/nemec-g/all_documents/1601.
0	0	data/samples/email/src/maildir/nemec-g/all_documents/4879.
0	0	data/samples/email/src/maildir/nemec-g/all_documents/576.
0	0	data/samples/email/src/maildir/nemec-g/inbox/380.
0	0	data/samples/email/src/maildir/nemec-g/inbox/416.
0	0	data/samples/email/src/maildir/nemec-g/inbox/875.
0	0	data/samples/email/src/maildir/nemec-g/inbox/895.
0	0	data/samples/email/src/maildir/nemec-g/notes_inbox/733.
0	0	data/samples/email/src/maildir/nemec-g/sent/2106.
0	0	data/samples/email/src/maildir/nemec-g/sent/551.
0	0	data/samples/email/src/maildir/nemec-g/sent_items/147.
0	0	data/samples/email/src/maildir/nemec-g/sent_items/172.
0	0	data/samples/email/src/maildir/parks-j/sent_items/49.
0	0	data/samples/email/src/maildir/presto-k/deleted_items/289.
0	0	data/samples/email/src/maildir/quigley-d/deleted_items/380.
0	0	data/samples/email/src/maildir/quigley-d/private_folders/kq___dq/56.
0	0	data/samples/email/src/maildir/quigley-d/sent_items/247.
0	0	data/samples/email/src/maildir/rapp-b/inbox/130.
0	0	data/samples/email/src/maildir/rogers-b/all_documents/1764.
0	0	data/samples/email/src/maildir/rogers-b/all_documents/178.
0	0	data/samples/email/src/maildir/rogers-b/all_documents/299.
0	0	data/samples/email/src/maildir/rogers-b/discussion_threads/1653.
0	0	data/samples/email/src/maildir/rogers-b/discussion_threads/1771.
0	0	data/samples/email/src/maildir/rogers-b/discussion_threads/306.
0	0	data/samples/email/src/maildir/rogers-b/enron_news/20.
0	0	data/samples/email/src/maildir/rogers-b/genco_jv_ipo/64.
0	0	data/samples/email/src/maildir/rogers-b/motley_fool_e_mails/134.
0	0	data/samples/email/src/maildir/rogers-b/teco/16.
0	0	data/samples/email/src/maildir/ruscitti-k/deleted_items/79.
0	0	data/samples/email/src/maildir/sager-e/inbox/497.
0	0	data/samples/email/src/maildir/saibi-e/inbox/1071.
0	0	data/samples/email/src/maildir/salisbury-h/inbox/606.
0	0	data/samples/email/src/maildir/salisbury-h/inbox/677.
0	0	data/samples/email/src/maildir/sanders-r/all_documents/1678.
0	0	data/samples/email/src/maildir/sanders-r/all_documents/4897.
0	0	data/samples/email/src/maildir/sanders-r/all_documents/5138.
0	0	data/samples/email/src/maildir/sanders-r/all_documents/5144.
0	0	data/samples/email/src/maildir/sanders-r/all_documents/910.
0	0	data/samples/email/src/maildir/sanders-r/misc/96.
0	0	data/samples/email/src/maildir/sanders-r/notes_inbox/138.
0	0	data/samples/email/src/maildir/sanders-r/notes_inbox/144.
0	0	data/samples/email/src/maildir/sanders-r/pacific_virgo/42.
0	0	data/samples/email/src/maildir/sanders-r/sent/911.
0	0	data/samples/email/src/maildir/scott-s/all_documents/755.
0	0	data/samples/email/src/maildir/scott-s/deleted_items/468.
0	0	data/samples/email/src/maildir/scott-s/discussion_threads/619.
0	0	data/samples/email/src/maildir/scott-s/personal/70.
0	0	data/samples/email/src/maildir/shackleton-s/all_documents/3485.
0	0	data/samples/email/src/maildir/shackleton-s/all_documents/4769.
0	0	data/samples/email/src/maildir/shackleton-s/deleted_items/652.
0	0	data/samples/email/src/maildir/shackleton-s/inbox/113.
0	0	data/samples/email/src/maildir/shackleton-s/inbox/116.
0	0	data/samples/email/src/maildir/shackleton-s/inbox/117.
0	0	data/samples/email/src/maildir/shackleton-s/inbox/142.
0	0	data/samples/email/src/maildir/shackleton-s/inbox/143.
0	0	data/samples/email/src/maildir/shackleton-s/notes_inbox/1128.
0	0	data/samples/email/src/maildir/shackleton-s/sent/2391.
0	0	data/samples/email/src/maildir/shankman-j/deleted_items/485.
0	0	data/samples/email/src/maildir/shapiro-r/deleted_items/496.
0	0	data/samples/email/src/maildir/shapiro-r/nerc/36.
0	0	data/samples/email/src/maildir/skilling-j/inbox/1225.
0	0	data/samples/email/src/maildir/staab-t/deleted_items/134.
0	0	data/samples/email/src/maildir/stclair-c/all_documents/607.
0	0	data/samples/email/src/maildir/stclair-c/all_documents/609.
0	0	data/samples/email/src/maildir/stclair-c/all_documents/610.
0	0	data/samples/email/src/maildir/stclair-c/all_documents/611.
0	0	data/samples/email/src/maildir/stclair-c/all_documents/612.
0	0	data/samples/email/src/maildir/stclair-c/all_documents/642.
0	0	data/samples/email/src/maildir/stclair-c/sent/602.
0	0	data/samples/email/src/maildir/stclair-c/sent/604.
0	0	data/samples/email/src/maildir/stclair-c/sent/605.
0	0	data/samples/email/src/maildir/stclair-c/sent/606.
0	0	data/samples/email/src/maildir/stclair-c/sent/607.
0	0	data/samples/email/src/maildir/stclair-c/sent/637.
0	0	data/samples/email/src/maildir/stepenovitch-j/all_documents/180.
0	0	data/samples/email/src/maildir/stepenovitch-j/discussion_threads/160.
0	0	data/samples/email/src/maildir/storey-g/personal/4.
0	0	data/samples/email/src/maildir/storey-g/personal/6.
0	0	data/samples/email/src/maildir/storey-g/sent_items/27.
0	0	data/samples/email/src/maildir/swerzbin-m/inbox/240.
0	0	data/samples/email/src/maildir/taylor-m/all_documents/2190.
0	0	data/samples/email/src/maildir/taylor-m/all_documents/3137.
0	0	data/samples/email/src/maildir/taylor-m/archive/6_00/3.
0	0	data/samples/email/src/maildir/taylor-m/archive/9_00/8.
0	0	data/samples/email/src/maildir/taylor-m/deleted_items/645.
0	0	data/samples/email/src/maildir/taylor-m/deleted_items/652.
0	0	data/samples/email/src/maildir/taylor-m/deleted_items/653.
0	0	data/samples/email/src/maildir/taylor-m/inbox/entouch/16.
0	0	data/samples/email/src/maildir/taylor-m/inbox/social/165.
0	0	data/samples/email/src/maildir/taylor-m/inbox/social/166.
0	0	data/samples/email/src/maildir/taylor-m/notes_inbox/1370.
0	0	data/samples/email/src/maildir/taylor-m/notes_inbox/697.
0	0	data/samples/email/src/maildir/taylor-m/travel/18.
0	0	data/samples/email/src/maildir/thomas-p/deleted_items/277.
0	0	data/samples/email/src/maildir/thomas-p/deleted_items/59.
0	0	data/samples/email/src/maildir/tycholiz-b/inbox/37.
0	0	data/samples/email/src/maildir/ward-k/citizens_utilities/49.
0	0	data/samples/email/src/maildir/watson-k/paris/2.
0	0	data/samples/email/src/maildir/whalley-g/deleted_items/55.
0	0	data/samples/email/src/maildir/whitt-m/sent_items/117.
0	0	data/samples/email/src/maildir/williams-j/deleted_items/87.
0	0	data/samples/email/src/maildir/williams-w3/bill_williams_iii/58.
0	0	data/samples/email/src/maildir/wolfe-j/10_saved/82.
0	0	data/samples/email/src/maildir/wolfe-j/all_documents/84.
0	0	data/samples/email/src/maildir/wolfe-j/discussion_threads/83.
0	0	data/samples/email/src/maildir/wolfe-j/inbox/211.
0	0	data/samples/email/src/maildir/wolfe-j/saved_02/33.
0	0	data/samples/email/src/maildir/zipper-a/inbox/208.
